0,Is_Fraud
113085,0.05028125
162943,0.05028125
105641,0.05028125
133411,0.05028125
146859,0.05028125
14977,0.05028125
14757,0.05028125
74000,0.05028125
31458,0.05028125
102573,0.05028125
116598,0.05028125
20376,0.05028125
73830,0.05028125
45953,0.05028125
92121,0.05028125
48946,0.05028125
71599,0.05028125
75541,0.05028125
83453,0.05028125
66908,0.05028125
42446,0.05028125
21163,0.05028125
138272,0.05028125
88634,0.05028125
95716,0.05028125
163394,0.05028125
67302,0.05028125
7191,0.05028125
8652,0.05028125
138237,0.05028125
146696,0.05028125
82552,0.05028125
8000,0.05028125
171808,0.05028125
26526,0.05028125
45832,0.05028125
131269,0.05028125
174709,0.05028125
6187,0.05028125
187149,0.05028125
147309,0.05028125
133765,0.05028125
68609,0.05028125
43742,0.05028125
61976,0.05028125
123407,0.05028125
81042,0.05028125
26232,0.05028125
125775,0.05028125
187483,0.05028125
12091,0.05028125
148981,0.05028125
89008,0.05028125
130851,0.05028125
79186,0.05028125
54165,0.05028125
75937,0.05028125
63762,0.05028125
161004,0.05028125
165016,0.05028125
55021,0.05028125
159538,0.05028125
43062,0.05028125
49519,0.05028125
117941,0.05028125
2662,0.05028125
76835,0.05028125
11757,0.05028125
146184,0.05028125
189566,0.05028125
182407,0.05028125
175073,0.05028125
3471,0.05028125
164087,0.05028125
154377,0.05028125
70007,0.05028125
159080,0.05028125
180238,0.05028125
10682,0.05028125
146644,0.05028125
99799,0.05028125
130341,0.05028125
186255,0.05028125
34418,0.05028125
136362,0.05028125
164401,0.05028125
24848,0.05028125
77942,0.05028125
80287,0.05028125
14212,0.05028125
5270,0.05028125
182603,0.05028125
40049,0.05028125
85031,0.05028125
17509,0.05028125
164072,0.05028125
32225,0.05028125
170579,0.05028125
160924,0.05028125
140531,0.05028125
134472,0.05028125
9904,0.05028125
43729,0.05028125
100072,0.05028125
172831,0.05028125
39177,0.05028125
76358,0.05028125
17240,0.05028125
20571,0.05028125
183700,0.05028125
57826,0.05028125
30897,0.05028125
96580,0.05028125
3425,0.05028125
55000,0.05028125
97219,0.05028125
79837,0.05028125
111716,0.05028125
32998,0.05028125
6277,0.05028125
11340,0.05028125
8982,0.05028125
13537,0.05028125
52204,0.05028125
35459,0.05028125
31911,0.05028125
41905,0.05028125
96970,0.05028125
2629,0.05028125
29653,0.05028125
4238,0.05028125
87519,0.05028125
4992,0.05028125
135547,0.05028125
94602,0.05028125
146377,0.05028125
157532,0.05028125
173314,0.05028125
26722,0.05028125
79363,0.05028125
101475,0.05028125
141431,0.05028125
131407,0.05028125
49219,0.05028125
83122,0.05028125
31952,0.05028125
16387,0.05028125
112021,0.05028125
117249,0.05028125
77227,0.05028125
101549,0.05028125
56500,0.05028125
97371,0.05028125
80314,0.05028125
115441,0.05028125
117338,0.05028125
101491,0.05028125
16118,0.05028125
43209,0.05028125
155659,0.05028125
57817,0.05028125
89458,0.05028125
185647,0.05028125
132212,0.05028125
159834,0.05028125
14938,0.05028125
86158,0.05028125
172714,0.05028125
147841,0.05028125
27520,0.05028125
106056,0.05028125
30366,0.05028125
29733,0.05028125
28362,0.05028125
11856,0.05028125
195187,0.05028125
128127,0.05028125
99931,0.05028125
16018,0.05028125
90561,0.05028125
162677,0.05028125
75593,0.05028125
95256,0.05028125
111909,0.05028125
195049,0.05028125
115501,0.05028125
36344,0.05028125
158830,0.05028125
116589,0.05028125
122108,0.05028125
33347,0.05028125
150155,0.05028125
162193,0.05028125
199935,0.05028125
91471,0.05028125
166348,0.05028125
93241,0.05028125
157574,0.05028125
67946,0.05028125
192755,0.05028125
41764,0.05028125
72218,0.05028125
197187,0.05028125
72325,0.05028125
5273,0.05028125
124513,0.05028125
97848,0.05028125
22707,0.05028125
97495,0.05028125
39039,0.05028125
126298,0.05028125
185259,0.05028125
68398,0.05028125
48494,0.05028125
193741,0.05028125
50685,0.05028125
27918,0.05028125
44758,0.05028125
170628,0.05028125
56274,0.05028125
140338,0.05028125
96058,0.05028125
135252,0.05028125
79933,0.05028125
57300,0.05028125
79036,0.05028125
120958,0.05028125
31386,0.05028125
25094,0.05028125
154413,0.05028125
140628,0.05028125
86713,0.05028125
139188,0.05028125
194209,0.05028125
112639,0.05028125
132414,0.05028125
162178,0.05028125
103225,0.05028125
86362,0.05028125
147725,0.05028125
55333,0.05028125
119396,0.05028125
144152,0.05028125
65057,0.05028125
5171,0.05028125
193584,0.05028125
110682,0.05028125
155322,0.05028125
2920,0.05028125
82719,0.05028125
158100,0.05028125
29472,0.05028125
34134,0.05028125
95775,0.05028125
106326,0.05028125
40346,0.05028125
15838,0.05028125
149263,0.05028125
25793,0.05028125
194300,0.05028125
131590,0.05028125
128038,0.05028125
149609,0.05028125
43487,0.05028125
168617,0.05028125
19384,0.05028125
123712,0.05028125
46252,0.05028125
189119,0.05028125
163027,0.05028125
91342,0.05028125
155578,0.05028125
26307,0.05028125
27950,0.05028125
179007,0.05028125
87615,0.05028125
55250,0.05028125
39752,0.05028125
182103,0.05028125
58575,0.05028125
44788,0.05028125
60650,0.05028125
197954,0.05028125
198006,0.05028125
1829,0.05028125
114387,0.05028125
153966,0.05028125
150337,0.05028125
147342,0.05028125
181356,0.05028125
142803,0.05028125
9290,0.05028125
44230,0.05028125
35600,0.05028125
190762,0.05028125
85412,0.05028125
138314,0.05028125
190733,0.05028125
65701,0.05028125
71533,0.05028125
11512,0.05028125
46409,0.05028125
133225,0.05028125
53496,0.05028125
159983,0.05028125
16411,0.05028125
176183,0.05028125
195633,0.05028125
29922,0.05028125
199922,0.05028125
62331,0.05028125
46906,0.05028125
8381,0.05028125
11116,0.05028125
89336,0.05028125
39517,0.05028125
151707,0.05028125
127799,0.05028125
52475,0.05028125
165935,0.05028125
111220,0.05028125
39395,0.05028125
77361,0.05028125
36653,0.05028125
118346,0.05028125
178782,0.05028125
32712,0.05028125
180519,0.05028125
184768,0.05028125
190490,0.05028125
28655,0.05028125
135621,0.05028125
197997,0.05028125
145843,0.05028125
88313,0.05028125
141877,0.05028125
22350,0.05028125
85801,0.05028125
81757,0.05028125
96086,0.05028125
7397,0.05028125
170749,0.05028125
49686,0.05028125
142396,0.05028125
80288,0.05028125
165322,0.05028125
140836,0.05028125
151860,0.05028125
155219,0.05028125
39482,0.05028125
131433,0.05028125
80212,0.05028125
137070,0.05028125
123276,0.05028125
29582,0.05028125
181512,0.05028125
129832,0.05028125
180540,0.05028125
27310,0.05028125
77542,0.05028125
81637,0.05028125
104256,0.05028125
35629,0.05028125
80911,0.05028125
192098,0.05028125
46185,0.05028125
40314,0.05028125
40433,0.05028125
121298,0.05028125
117880,0.05028125
94795,0.05028125
18758,0.05028125
157871,0.05028125
45079,0.05028125
153389,0.05028125
143378,0.05028125
64538,0.05028125
123409,0.05028125
132387,0.05028125
155685,0.05028125
129453,0.05028125
182179,0.05028125
44744,0.05028125
47229,0.05028125
191660,0.05028125
28111,0.05028125
40923,0.05028125
6709,0.05028125
25971,0.05028125
32631,0.05028125
82865,0.05028125
55262,0.05028125
96982,0.05028125
114545,0.05028125
171901,0.05028125
85036,0.05028125
38628,0.05028125
120509,0.05028125
137943,0.05028125
99007,0.05028125
83351,0.05028125
48741,0.05028125
133441,0.05028125
91526,0.05028125
9822,0.05028125
185189,0.05028125
135196,0.05028125
70496,0.05028125
176455,0.05028125
160804,0.05028125
33842,0.05028125
97249,0.05028125
31055,0.05028125
129036,0.05028125
193707,0.05028125
125097,0.05028125
61959,0.05028125
1266,0.05028125
60832,0.05028125
115864,0.05028125
66455,0.05028125
142005,0.05028125
137514,0.05028125
82327,0.05028125
68574,0.05028125
66823,0.05028125
84531,0.05028125
91717,0.05028125
4766,0.05028125
37588,0.05028125
73501,0.05028125
44541,0.05028125
152314,0.05028125
173640,0.05028125
10471,0.05028125
25041,0.05028125
6298,0.05028125
139598,0.05028125
81456,0.05028125
5476,0.05028125
139304,0.05028125
143223,0.05028125
35945,0.05028125
88306,0.05028125
74034,0.05028125
189362,0.05028125
160384,0.05028125
94001,0.05028125
57304,0.05028125
42008,0.05028125
86370,0.05028125
183051,0.05028125
64114,0.05028125
30098,0.05028125
187601,0.05028125
160197,0.05028125
104652,0.05028125
52196,0.05028125
196927,0.05028125
141341,0.05028125
16556,0.05028125
71786,0.05028125
82135,0.05028125
24780,0.05028125
11667,0.05028125
171745,0.05028125
23732,0.05028125
55982,0.05028125
193724,0.05028125
48566,0.05028125
195926,0.05028125
61781,0.05028125
55692,0.05028125
183646,0.05028125
43661,0.05028125
96210,0.05028125
47805,0.05028125
37795,0.05028125
169595,0.05028125
99702,0.05028125
169408,0.05028125
126468,0.05028125
29747,0.05028125
31344,0.05028125
163328,0.05028125
191250,0.05028125
167197,0.05028125
144846,0.05028125
193773,0.05028125
36790,0.05028125
129227,0.05028125
59923,0.05028125
106831,0.05028125
124083,0.05028125
6753,0.05028125
22479,0.05028125
99746,0.05028125
18118,0.05028125
47990,0.05028125
70959,0.05028125
101585,0.05028125
146161,0.05028125
188917,0.05028125
153605,0.05028125
29135,0.05028125
179318,0.05028125
196629,0.05028125
14500,0.05028125
120610,0.05028125
191607,0.05028125
192038,0.05028125
13593,0.05028125
117986,0.05028125
80857,0.05028125
84272,0.05028125
191393,0.05028125
186652,0.05028125
186492,0.05028125
158042,0.05028125
3500,0.05028125
103511,0.05028125
22811,0.05028125
67919,0.05028125
138794,0.05028125
184611,0.05028125
58200,0.05028125
176336,0.05028125
183575,0.05028125
118272,0.05028125
51401,0.05028125
98502,0.05028125
10045,0.05028125
85725,0.05028125
179207,0.05028125
55533,0.05028125
156391,0.05028125
51198,0.05028125
166814,0.05028125
47759,0.05028125
169249,0.05028125
101394,0.05028125
2503,0.05028125
12975,0.05028125
123548,0.05028125
28288,0.05028125
27271,0.05028125
9364,0.05028125
52049,0.05028125
150638,0.05028125
159782,0.05028125
25525,0.05028125
84704,0.05028125
68683,0.05028125
184221,0.05028125
84823,0.05028125
46097,0.05028125
197832,0.05028125
7384,0.05028125
129071,0.05028125
40192,0.05028125
175680,0.05028125
149483,0.05028125
46450,0.05028125
6050,0.05028125
43083,0.05028125
33945,0.05028125
6108,0.05028125
97190,0.05028125
62295,0.05028125
35713,0.05028125
17806,0.05028125
135783,0.05028125
79836,0.05028125
13239,0.05028125
74522,0.05028125
74996,0.05028125
79120,0.05028125
175514,0.05028125
9376,0.05028125
45769,0.05028125
120655,0.05028125
65853,0.05028125
121282,0.05028125
154781,0.05028125
45927,0.05028125
2502,0.05028125
97775,0.05028125
58103,0.05028125
131065,0.05028125
18516,0.05028125
196997,0.05028125
116306,0.05028125
197606,0.05028125
183967,0.05028125
123116,0.05028125
148805,0.05028125
94849,0.05028125
180899,0.05028125
177716,0.05028125
33322,0.05028125
104956,0.05028125
12144,0.05028125
44146,0.05028125
12994,0.05028125
127475,0.05028125
192403,0.05028125
731,0.05028125
183256,0.05028125
78477,0.05028125
192996,0.05028125
86331,0.05028125
66763,0.05028125
193605,0.05028125
105087,0.05028125
80360,0.05028125
42421,0.05028125
81193,0.05028125
142927,0.05028125
133736,0.05028125
87791,0.05028125
96285,0.05028125
13273,0.05028125
102057,0.05028125
64222,0.05028125
191295,0.05028125
77155,0.05028125
152564,0.05028125
146151,0.05028125
143919,0.05028125
175200,0.05028125
68895,0.05028125
141366,0.05028125
196139,0.05028125
73173,0.05028125
50645,0.05028125
47816,0.05028125
121017,0.05028125
48919,0.05028125
90360,0.05028125
175446,0.05028125
134650,0.05028125
139455,0.05028125
181637,0.05028125
112316,0.05028125
85848,0.05028125
72981,0.05028125
42870,0.05028125
166259,0.05028125
152010,0.05028125
123795,0.05028125
17160,0.05028125
138128,0.05028125
190129,0.05028125
190132,0.05028125
27539,0.05028125
40080,0.05028125
191421,0.05028125
37725,0.05028125
188746,0.05028125
155910,0.05028125
163,0.05028125
43438,0.05028125
62378,0.05028125
190998,0.05028125
123064,0.05028125
15515,0.05028125
84184,0.05028125
154130,0.05028125
13534,0.05028125
8629,0.05028125
52672,0.05028125
64435,0.05028125
15748,0.05028125
56926,0.05028125
189011,0.05028125
134310,0.05028125
23986,0.05028125
125408,0.05028125
104950,0.05028125
37384,0.05028125
46123,0.05028125
129550,0.05028125
145614,0.05028125
143478,0.05028125
86681,0.05028125
132154,0.05028125
49490,0.05028125
73365,0.05028125
112679,0.05028125
171821,0.05028125
98063,0.05028125
187121,0.05028125
119672,0.05028125
136604,0.05028125
66638,0.05028125
123102,0.05028125
133432,0.05028125
138120,0.05028125
127534,0.05028125
178909,0.05028125
84744,0.05028125
3637,0.05028125
116584,0.05028125
96729,0.05028125
171401,0.05028125
153410,0.05028125
34799,0.05028125
109844,0.05028125
100729,0.05028125
142421,0.05028125
123484,0.05028125
94656,0.05028125
10907,0.05028125
47547,0.05028125
106932,0.05028125
48496,0.05028125
113350,0.05028125
164032,0.05028125
82009,0.05028125
75723,0.05028125
158872,0.05028125
97794,0.05028125
116721,0.05028125
78559,0.05028125
53003,0.05028125
189411,0.05028125
24101,0.05028125
129495,0.05028125
85301,0.05028125
156486,0.05028125
49428,0.05028125
81392,0.05028125
145965,0.05028125
111776,0.05028125
20502,0.05028125
82326,0.05028125
62508,0.05028125
145986,0.05028125
49676,0.05028125
99660,0.05028125
84250,0.05028125
88584,0.05028125
41858,0.05028125
170600,0.05028125
43707,0.05028125
151138,0.05028125
105324,0.05028125
189036,0.05028125
50911,0.05028125
132953,0.05028125
151812,0.05028125
131247,0.05028125
191726,0.05028125
85922,0.05028125
30285,0.05028125
118285,0.05028125
119868,0.05028125
39951,0.05028125
17455,0.05028125
178059,0.05028125
28642,0.05028125
47469,0.05028125
85188,0.05028125
108297,0.05028125
47069,0.05028125
39194,0.05028125
58111,0.05028125
118397,0.05028125
20131,0.05028125
3193,0.05028125
58156,0.05028125
75382,0.05028125
38851,0.05028125
66793,0.05028125
70457,0.05028125
23903,0.05028125
92107,0.05028125
97697,0.05028125
151804,0.05028125
174777,0.05028125
126762,0.05028125
160440,0.05028125
113916,0.05028125
59727,0.05028125
42217,0.05028125
178283,0.05028125
72469,0.05028125
86404,0.05028125
36560,0.05028125
163062,0.05028125
166390,0.05028125
120109,0.05028125
50415,0.05028125
85651,0.05028125
198461,0.05028125
191544,0.05028125
140587,0.05028125
189796,0.05028125
124943,0.05028125
67456,0.05028125
144584,0.05028125
120988,0.05028125
191668,0.05028125
110776,0.05028125
110122,0.05028125
163148,0.05028125
164136,0.05028125
93488,0.05028125
51562,0.05028125
64255,0.05028125
134990,0.05028125
91519,0.05028125
193667,0.05028125
199002,0.05028125
85351,0.05028125
53829,0.05028125
101738,0.05028125
69842,0.05028125
95645,0.05028125
102132,0.05028125
89978,0.05028125
23537,0.05028125
134638,0.05028125
161557,0.05028125
132760,0.05028125
144006,0.05028125
154002,0.05028125
15395,0.05028125
50198,0.05028125
25468,0.05028125
174560,0.05028125
168302,0.05028125
129563,0.05028125
142657,0.05028125
80400,0.05028125
120752,0.05028125
98638,0.05028125
47,0.05028125
120408,0.05028125
21386,0.05028125
131391,0.05028125
183913,0.05028125
156032,0.05028125
94158,0.05028125
30238,0.05028125
182651,0.05028125
126829,0.05028125
92945,0.05028125
21084,0.05028125
75951,0.05028125
3655,0.05028125
115943,0.05028125
163827,0.05028125
67967,0.05028125
190271,0.05028125
116643,0.05028125
130909,0.05028125
134055,0.05028125
176136,0.05028125
141328,0.05028125
109213,0.05028125
189023,0.05028125
95565,0.05028125
5734,0.05028125
129074,0.05028125
78551,0.05028125
38801,0.05028125
193945,0.05028125
54648,0.05028125
584,0.05028125
182395,0.05028125
178967,0.05028125
84536,0.05028125
113271,0.05028125
8175,0.05028125
95906,0.05028125
159840,0.05028125
68122,0.05028125
49954,0.05028125
91500,0.05028125
117975,0.05028125
172853,0.05028125
19222,0.05028125
88841,0.05028125
60518,0.05028125
92673,0.05028125
13647,0.05028125
37462,0.05028125
125939,0.05028125
164788,0.05028125
40446,0.05028125
189165,0.05028125
113932,0.05028125
160457,0.05028125
122588,0.05028125
167052,0.05028125
14480,0.05028125
173381,0.05028125
59454,0.05028125
148899,0.05028125
197378,0.05028125
19397,0.05028125
103521,0.05028125
52642,0.05028125
120727,0.05028125
78921,0.05028125
182280,0.05028125
50956,0.05028125
69692,0.05028125
80881,0.05028125
116585,0.05028125
20963,0.05028125
180399,0.05028125
28040,0.05028125
144805,0.05028125
82881,0.05028125
90381,0.05028125
140508,0.05028125
41733,0.05028125
90405,0.05028125
143119,0.05028125
92871,0.05028125
36557,0.05028125
135359,0.05028125
149226,0.05028125
133160,0.05028125
95964,0.05028125
57258,0.05028125
197874,0.05028125
154652,0.05028125
40107,0.05028125
139752,0.05028125
49230,0.05028125
148616,0.05028125
130612,0.05028125
56968,0.05028125
184966,0.05028125
181880,0.05028125
77189,0.05028125
182823,0.05028125
74969,0.05028125
39323,0.05028125
27379,0.05028125
108926,0.05028125
145068,0.05028125
88197,0.05028125
13621,0.05028125
82614,0.05028125
40191,0.05028125
49747,0.05028125
70450,0.05028125
33826,0.05028125
150745,0.05028125
191677,0.05028125
122802,0.05028125
174388,0.05028125
127440,0.05028125
148956,0.05028125
197247,0.05028125
174778,0.05028125
186746,0.05028125
99809,0.05028125
177149,0.05028125
177465,0.05028125
90465,0.05028125
101986,0.05028125
69775,0.05028125
148822,0.05028125
182348,0.05028125
136371,0.05028125
100768,0.05028125
114627,0.05028125
119233,0.05028125
82809,0.05028125
106737,0.05028125
148358,0.05028125
148618,0.05028125
16066,0.05028125
74644,0.05028125
184233,0.05028125
99787,0.05028125
53462,0.05028125
49466,0.05028125
87850,0.05028125
46021,0.05028125
142398,0.05028125
27606,0.05028125
110162,0.05028125
52498,0.05028125
183916,0.05028125
90727,0.05028125
74103,0.05028125
156024,0.05028125
129093,0.05028125
127008,0.05028125
120444,0.05028125
18035,0.05028125
161539,0.05028125
86215,0.05028125
37427,0.05028125
2002,0.05028125
158320,0.05028125
37900,0.05028125
26607,0.05028125
73939,0.05028125
154452,0.05028125
188945,0.05028125
107666,0.05028125
65164,0.05028125
43304,0.05028125
111896,0.05028125
18117,0.05028125
37822,0.05028125
11904,0.05028125
95666,0.05028125
28859,0.05028125
58992,0.05028125
34747,0.05028125
139209,0.05028125
93404,0.05028125
157459,0.05028125
182205,0.05028125
95432,0.05028125
2671,0.05028125
138034,0.05028125
82592,0.05028125
144484,0.05028125
4114,0.05028125
5570,0.05028125
46901,0.05028125
77965,0.05028125
68172,0.05028125
176535,0.05028125
20034,0.05028125
4864,0.05028125
5420,0.05028125
115141,0.05028125
104361,0.05028125
109883,0.05028125
24019,0.05028125
141204,0.05028125
144458,0.05028125
105752,0.05028125
141886,0.05028125
130748,0.05028125
4605,0.05028125
181215,0.05028125
131490,0.05028125
144398,0.05028125
100633,0.05028125
138952,0.05028125
29241,0.05028125
155619,0.05028125
188218,0.05028125
13077,0.05028125
38842,0.05028125
69776,0.05028125
170671,0.05028125
136844,0.05028125
102061,0.05028125
38789,0.05028125
162039,0.05028125
87230,0.05028125
169825,0.05028125
14933,0.05028125
182145,0.05028125
152838,0.05028125
192394,0.05028125
76172,0.05028125
109077,0.05028125
26534,0.05028125
125518,0.05028125
137936,0.05028125
82991,0.05028125
160086,0.05028125
172565,0.05028125
138509,0.05028125
152630,0.05028125
125717,0.05028125
57238,0.05028125
14760,0.05028125
120155,0.05028125
35988,0.05028125
16869,0.05028125
142340,0.05028125
148398,0.05028125
178016,0.05028125
2831,0.05028125
170987,0.05028125
1324,0.05028125
151823,0.05028125
102212,0.05028125
32246,0.05028125
44678,0.05028125
110304,0.05028125
88006,0.05028125
128921,0.05028125
148994,0.05028125
189306,0.05028125
26824,0.05028125
94709,0.05028125
62336,0.05028125
158732,0.05028125
172882,0.05028125
195768,0.05028125
80469,0.05028125
136026,0.05028125
69762,0.05028125
122411,0.05028125
122511,0.05028125
91611,0.05028125
65541,0.05028125
154800,0.05028125
128157,0.05028125
183613,0.05028125
170666,0.05028125
123635,0.05028125
160631,0.05028125
82672,0.05028125
190454,0.05028125
26470,0.05028125
50234,0.05028125
145416,0.05028125
189813,0.05028125
152994,0.05028125
95311,0.05028125
56644,0.05028125
67187,0.05028125
35921,0.05028125
6721,0.05028125
196205,0.05028125
75997,0.05028125
8229,0.05028125
95731,0.05028125
15131,0.05028125
9478,0.05028125
17585,0.05028125
187677,0.05028125
67763,0.05028125
17618,0.05028125
155063,0.05028125
142375,0.05028125
129698,0.05028125
136823,0.05028125
164622,0.05028125
178300,0.05028125
95322,0.05028125
1443,0.05028125
2337,0.05028125
47529,0.05028125
97581,0.05028125
84953,0.05028125
108250,0.05028125
170401,0.05028125
88738,0.05028125
194141,0.05028125
167347,0.05028125
69956,0.05028125
176094,0.05028125
21624,0.05028125
187716,0.05028125
82982,0.05028125
163993,0.05028125
137239,0.05028125
133602,0.05028125
51001,0.05028125
162172,0.05028125
54462,0.05028125
134502,0.05028125
145215,0.05028125
87048,0.05028125
6182,0.05028125
114263,0.05028125
32956,0.05028125
59852,0.05028125
144393,0.05028125
15298,0.05028125
3414,0.05028125
57398,0.05028125
127285,0.05028125
90122,0.05028125
131954,0.05028125
164709,0.05028125
157380,0.05028125
142565,0.05028125
31388,0.05028125
178818,0.05028125
6294,0.05028125
53287,0.05028125
46666,0.05028125
149367,0.05028125
154960,0.05028125
198684,0.05028125
101462,0.05028125
58514,0.05028125
169927,0.05028125
171649,0.05028125
198909,0.05028125
76762,0.05028125
183987,0.05028125
8955,0.05028125
25102,0.05028125
84629,0.05028125
135556,0.05028125
81230,0.05028125
150315,0.05028125
78378,0.05028125
164484,0.05028125
66962,0.05028125
140537,0.05028125
188994,0.05028125
34681,0.05028125
18329,0.05028125
131782,0.05028125
38391,0.05028125
78937,0.05028125
23812,0.05028125
4188,0.05028125
149077,0.05028125
59975,0.05028125
162966,0.05028125
194224,0.05028125
116090,0.05028125
72058,0.05028125
170657,0.05028125
66721,0.05028125
2372,0.05028125
28794,0.05028125
171035,0.05028125
196858,0.05028125
74542,0.05028125
152814,0.05028125
63945,0.05028125
125947,0.05028125
186191,0.05028125
49502,0.05028125
90023,0.05028125
55568,0.05028125
75124,0.05028125
20226,0.05028125
150903,0.05028125
122530,0.05028125
13190,0.05028125
50084,0.05028125
107905,0.05028125
11437,0.05028125
93120,0.05028125
130939,0.05028125
119957,0.05028125
195028,0.05028125
42362,0.05028125
181206,0.05028125
121980,0.05028125
167843,0.05028125
55302,0.05028125
118134,0.05028125
136149,0.05028125
166030,0.05028125
57914,0.05028125
129541,0.05028125
172834,0.05028125
199824,0.05028125
58887,0.05028125
149520,0.05028125
174943,0.05028125
95485,0.05028125
61234,0.05028125
123320,0.05028125
151144,0.05028125
164998,0.05028125
35304,0.05028125
67318,0.05028125
31985,0.05028125
29109,0.05028125
127567,0.05028125
51902,0.05028125
72822,0.05028125
174105,0.05028125
29080,0.05028125
19057,0.05028125
40071,0.05028125
29406,0.05028125
95997,0.05028125
77176,0.05028125
171435,0.05028125
119463,0.05028125
74770,0.05028125
64624,0.05028125
68003,0.05028125
85122,0.05028125
17184,0.05028125
128888,0.05028125
103194,0.05028125
197524,0.05028125
102431,0.05028125
24903,0.05028125
4196,0.05028125
109713,0.05028125
100248,0.05028125
99914,0.05028125
103823,0.05028125
106688,0.05028125
185163,0.05028125
173516,0.05028125
158534,0.05028125
177574,0.05028125
151613,0.05028125
18596,0.05028125
83827,0.05028125
199818,0.05028125
140934,0.05028125
22746,0.05028125
14848,0.05028125
148376,0.05028125
107178,0.05028125
195560,0.05028125
195076,0.05028125
73775,0.05028125
196107,0.05028125
53960,0.05028125
115020,0.05028125
145785,0.05028125
186513,0.05028125
167211,0.05028125
99431,0.05028125
20102,0.05028125
37418,0.05028125
16951,0.05028125
177137,0.05028125
153285,0.05028125
181530,0.05028125
182734,0.05028125
100556,0.05028125
118916,0.05028125
168800,0.05028125
35005,0.05028125
55184,0.05028125
62442,0.05028125
1902,0.05028125
184535,0.05028125
14995,0.05028125
196069,0.05028125
129460,0.05028125
194849,0.05028125
80571,0.05028125
194386,0.05028125
9641,0.05028125
133657,0.05028125
74085,0.05028125
157518,0.05028125
46435,0.05028125
107059,0.05028125
179097,0.05028125
826,0.05028125
90612,0.05028125
148197,0.05028125
63159,0.05028125
44493,0.05028125
49631,0.05028125
111556,0.05028125
89388,0.05028125
180291,0.05028125
26233,0.05028125
40187,0.05028125
71772,0.05028125
157724,0.05028125
60561,0.05028125
28624,0.05028125
6215,0.05028125
31383,0.05028125
123206,0.05028125
89730,0.05028125
12023,0.05028125
122721,0.05028125
788,0.05028125
138323,0.05028125
166069,0.05028125
33735,0.05028125
94167,0.05028125
134056,0.05028125
67714,0.05028125
109014,0.05028125
150201,0.05028125
18052,0.05028125
127516,0.05028125
151424,0.05028125
5625,0.05028125
103244,0.05028125
58227,0.05028125
50734,0.05028125
106712,0.05028125
162833,0.05028125
95313,0.05028125
48277,0.05028125
117639,0.05028125
191654,0.05028125
104732,0.05028125
150237,0.05028125
93697,0.05028125
177777,0.05028125
25024,0.05028125
160893,0.05028125
160491,0.05028125
161485,0.05028125
53454,0.05028125
21214,0.05028125
138035,0.05028125
158064,0.05028125
53192,0.05028125
18023,0.05028125
96405,0.05028125
174564,0.05028125
168197,0.05028125
64616,0.05028125
78912,0.05028125
61880,0.05028125
143786,0.05028125
143222,0.05028125
90428,0.05028125
182484,0.05028125
150908,0.05028125
141804,0.05028125
104825,0.05028125
7555,0.05028125
141360,0.05028125
59627,0.05028125
169642,0.05028125
135306,0.05028125
36984,0.05028125
177469,0.05028125
104017,0.05028125
86483,0.05028125
194677,0.05028125
43237,0.05028125
177547,0.05028125
18569,0.05028125
75701,0.05028125
108664,0.05028125
59728,0.05028125
120834,0.05028125
84435,0.05028125
169668,0.05028125
58703,0.05028125
191520,0.05028125
33544,0.05028125
59670,0.05028125
22049,0.05028125
89819,0.05028125
79308,0.05028125
182683,0.05028125
3934,0.05028125
54064,0.05028125
48694,0.05028125
12071,0.05028125
20287,0.05028125
124538,0.05028125
84875,0.05028125
91921,0.05028125
86678,0.05028125
163668,0.05028125
108172,0.05028125
26625,0.05028125
107462,0.05028125
181982,0.05028125
90773,0.05028125
14235,0.05028125
64111,0.05028125
27697,0.05028125
153675,0.05028125
87412,0.05028125
163961,0.05028125
188181,0.05028125
128517,0.05028125
71517,0.05028125
120863,0.05028125
8935,0.05028125
31449,0.05028125
104314,0.05028125
103310,0.05028125
119335,0.05028125
51935,0.05028125
157339,0.05028125
5310,0.05028125
86254,0.05028125
123345,0.05028125
66369,0.05028125
99897,0.05028125
111945,0.05028125
5752,0.05028125
28703,0.05028125
170620,0.05028125
172693,0.05028125
71298,0.05028125
134905,0.05028125
103370,0.05028125
177087,0.05028125
164194,0.05028125
58692,0.05028125
184389,0.05028125
114467,0.05028125
76827,0.05028125
147500,0.05028125
114543,0.05028125
104914,0.05028125
113881,0.05028125
145439,0.05028125
93116,0.05028125
51814,0.05028125
125928,0.05028125
18778,0.05028125
162923,0.05028125
151750,0.05028125
65653,0.05028125
50517,0.05028125
40500,0.05028125
199062,0.05028125
71148,0.05028125
20581,0.05028125
100825,0.05028125
58347,0.05028125
105107,0.05028125
141176,0.05028125
83007,0.05028125
11689,0.05028125
134075,0.05028125
169100,0.05028125
105157,0.05028125
94634,0.05028125
104744,0.05028125
167074,0.05028125
89650,0.05028125
114912,0.05028125
35099,0.05028125
10098,0.05028125
164121,0.05028125
4764,0.05028125
100666,0.05028125
143408,0.05028125
149376,0.05028125
35363,0.05028125
44767,0.05028125
24208,0.05028125
102165,0.05028125
18231,0.05028125
8600,0.05028125
52918,0.05028125
164949,0.05028125
83636,0.05028125
180538,0.05028125
193906,0.05028125
29011,0.05028125
169848,0.05028125
164027,0.05028125
70904,0.05028125
59301,0.05028125
192547,0.05028125
92858,0.05028125
69107,0.05028125
165342,0.05028125
15026,0.05028125
91927,0.05028125
185676,0.05028125
43398,0.05028125
104938,0.05028125
102527,0.05028125
193935,0.05028125
101324,0.05028125
65267,0.05028125
79071,0.05028125
104450,0.05028125
108656,0.05028125
102409,0.05028125
8177,0.05028125
112274,0.05028125
127245,0.05028125
142837,0.05028125
141960,0.05028125
38590,0.05028125
43207,0.05028125
195553,0.05028125
5077,0.05028125
23787,0.05028125
56802,0.05028125
94510,0.05028125
74045,0.05028125
106473,0.05028125
65186,0.05028125
126887,0.05028125
156425,0.05028125
140347,0.05028125
131879,0.05028125
179941,0.05028125
108731,0.05028125
16466,0.05028125
147620,0.05028125
124496,0.05028125
15612,0.05028125
16969,0.05028125
133187,0.05028125
48707,0.05028125
113398,0.05028125
103904,0.05028125
76049,0.05028125
57470,0.05028125
68965,0.05028125
14124,0.05028125
118890,0.05028125
27228,0.05028125
830,0.05028125
104247,0.05028125
154900,0.05028125
88497,0.05028125
49254,0.05028125
143370,0.05028125
193046,0.05028125
10998,0.05028125
26215,0.05028125
5746,0.05028125
32154,0.05028125
119538,0.05028125
62587,0.05028125
81635,0.05028125
120481,0.05028125
125447,0.05028125
2843,0.05028125
123844,0.05028125
20705,0.05028125
187270,0.05028125
5250,0.05028125
8590,0.05028125
99804,0.05028125
141993,0.05028125
113866,0.05028125
80383,0.05028125
52301,0.05028125
21823,0.05028125
62644,0.05028125
100941,0.05028125
129154,0.05028125
77919,0.05028125
80879,0.05028125
87742,0.05028125
179156,0.05028125
83422,0.05028125
143211,0.05028125
141571,0.05028125
79845,0.05028125
172725,0.05028125
146449,0.05028125
132245,0.05028125
93618,0.05028125
51743,0.05028125
178269,0.05028125
186466,0.05028125
114255,0.05028125
767,0.05028125
55938,0.05028125
113470,0.05028125
82871,0.05028125
139249,0.05028125
168660,0.05028125
108792,0.05028125
37440,0.05028125
109137,0.05028125
19100,0.05028125
70556,0.05028125
147896,0.05028125
4547,0.05028125
78690,0.05028125
9433,0.05028125
142306,0.05028125
67875,0.05028125
135102,0.05028125
40439,0.05028125
18515,0.05028125
69751,0.05028125
5316,0.05028125
161774,0.05028125
163534,0.05028125
113491,0.05028125
16592,0.05028125
37280,0.05028125
189331,0.05028125
124571,0.05028125
118362,0.05028125
67884,0.05028125
179291,0.05028125
2147,0.05028125
80077,0.05028125
80433,0.05028125
173895,0.05028125
171827,0.05028125
52280,0.05028125
118903,0.05028125
101581,0.05028125
165947,0.05028125
97641,0.05028125
142955,0.05028125
60109,0.05028125
86770,0.05028125
57127,0.05028125
191822,0.05028125
88417,0.05028125
195956,0.05028125
185857,0.05028125
152383,0.05028125
180839,0.05028125
81653,0.05028125
100806,0.05028125
4562,0.05028125
179528,0.05028125
39284,0.05028125
108062,0.05028125
69737,0.05028125
119479,0.05028125
156284,0.05028125
33668,0.05028125
61535,0.05028125
35034,0.05028125
81391,0.05028125
144898,0.05028125
95971,0.05028125
82801,0.05028125
28670,0.05028125
109176,0.05028125
100803,0.05028125
10536,0.05028125
62600,0.05028125
169337,0.05028125
106601,0.05028125
44335,0.05028125
24719,0.05028125
197185,0.05028125
76599,0.05028125
143711,0.05028125
82776,0.05028125
138343,0.05028125
174586,0.05028125
191496,0.05028125
46781,0.05028125
60528,0.05028125
62824,0.05028125
199154,0.05028125
144326,0.05028125
130502,0.05028125
13490,0.05028125
174131,0.05028125
192099,0.05028125
104526,0.05028125
138969,0.05028125
1540,0.05028125
13080,0.05028125
95075,0.05028125
169862,0.05028125
82749,0.05028125
109218,0.05028125
165009,0.05028125
197848,0.05028125
107834,0.05028125
32936,0.05028125
116837,0.05028125
188167,0.05028125
130634,0.05028125
122653,0.05028125
133815,0.05028125
192562,0.05028125
28995,0.05028125
137433,0.05028125
32046,0.05028125
115223,0.05028125
144244,0.05028125
105458,0.05028125
49112,0.05028125
127925,0.05028125
78371,0.05028125
69115,0.05028125
34055,0.05028125
75670,0.05028125
91035,0.05028125
160192,0.05028125
185851,0.05028125
108125,0.05028125
130956,0.05028125
53918,0.05028125
83429,0.05028125
71072,0.05028125
79322,0.05028125
3835,0.05028125
43880,0.05028125
183439,0.05028125
110584,0.05028125
134536,0.05028125
121182,0.05028125
75974,0.05028125
183742,0.05028125
52870,0.05028125
72595,0.05028125
19201,0.05028125
25917,0.05028125
137966,0.05028125
156233,0.05028125
169250,0.05028125
131380,0.05028125
102893,0.05028125
188404,0.05028125
36542,0.05028125
5809,0.05028125
95756,0.05028125
50963,0.05028125
62645,0.05028125
132742,0.05028125
165973,0.05028125
99424,0.05028125
162399,0.05028125
41099,0.05028125
80099,0.05028125
89345,0.05028125
167292,0.05028125
117009,0.05028125
37468,0.05028125
157439,0.05028125
81992,0.05028125
12882,0.05028125
70193,0.05028125
81828,0.05028125
105131,0.05028125
24758,0.05028125
49786,0.05028125
147188,0.05028125
141748,0.05028125
121887,0.05028125
142521,0.05028125
137963,0.05028125
78601,0.05028125
110318,0.05028125
101943,0.05028125
59479,0.05028125
26219,0.05028125
167402,0.05028125
37006,0.05028125
23061,0.05028125
77691,0.05028125
155230,0.05028125
169427,0.05028125
46459,0.05028125
143829,0.05028125
74482,0.05028125
13820,0.05028125
47233,0.05028125
50572,0.05028125
39794,0.05028125
7591,0.05028125
181904,0.05028125
159311,0.05028125
31955,0.05028125
190720,0.05028125
82816,0.05028125
39584,0.05028125
52376,0.05028125
72922,0.05028125
151796,0.05028125
181357,0.05028125
7092,0.05028125
143620,0.05028125
113344,0.05028125
48413,0.05028125
180310,0.05028125
143069,0.05028125
99552,0.05028125
154147,0.05028125
195195,0.05028125
6270,0.05028125
105583,0.05028125
101694,0.05028125
38584,0.05028125
16816,0.05028125
14329,0.05028125
92435,0.05028125
21987,0.05028125
168287,0.05028125
79138,0.05028125
111313,0.05028125
56471,0.05028125
80815,0.05028125
74948,0.05028125
133947,0.05028125
149016,0.05028125
48657,0.05028125
86868,0.05028125
59281,0.05028125
177845,0.05028125
195892,0.05028125
181343,0.05028125
137015,0.05028125
154582,0.05028125
163143,0.05028125
147955,0.05028125
180218,0.05028125
25278,0.05028125
112244,0.05028125
63337,0.05028125
175428,0.05028125
152374,0.05028125
154247,0.05028125
84232,0.05028125
90534,0.05028125
95681,0.05028125
195846,0.05028125
63592,0.05028125
105822,0.05028125
86160,0.05028125
91955,0.05028125
155915,0.05028125
42924,0.05028125
167802,0.05028125
128902,0.05028125
63085,0.05028125
80239,0.05028125
130507,0.05028125
60977,0.05028125
166689,0.05028125
92202,0.05028125
142577,0.05028125
2032,0.05028125
179896,0.05028125
124483,0.05028125
190638,0.05028125
135438,0.05028125
143837,0.05028125
183473,0.05028125
105169,0.05028125
116028,0.05028125
135591,0.05028125
142451,0.05028125
159423,0.05028125
56307,0.05028125
100759,0.05028125
145869,0.05028125
41909,0.05028125
136814,0.05028125
61102,0.05028125
85039,0.05028125
122014,0.05028125
165464,0.05028125
113568,0.05028125
143423,0.05028125
128586,0.05028125
67283,0.05028125
4183,0.05028125
112198,0.05028125
181800,0.05028125
11629,0.05028125
43049,0.05028125
100519,0.05028125
78629,0.05028125
82568,0.05028125
158932,0.05028125
108219,0.05028125
151970,0.05028125
145178,0.05028125
33966,0.05028125
44100,0.05028125
3165,0.05028125
102984,0.05028125
187218,0.05028125
188336,0.05028125
173744,0.05028125
22473,0.05028125
124362,0.05028125
102123,0.05028125
122318,0.05028125
25858,0.05028125
22284,0.05028125
7434,0.05028125
199205,0.05028125
114166,0.05028125
14937,0.05028125
38660,0.05028125
73027,0.05028125
146763,0.05028125
152752,0.05028125
129060,0.05028125
77614,0.05028125
33220,0.05028125
150790,0.05028125
152174,0.05028125
81712,0.05028125
53503,0.05028125
9625,0.05028125
1532,0.05028125
21729,0.05028125
46122,0.05028125
194240,0.05028125
188177,0.05028125
79908,0.05028125
68511,0.05028125
30626,0.05028125
52426,0.05028125
31512,0.05028125
169206,0.05028125
186379,0.05028125
120417,0.05028125
180316,0.05028125
157618,0.05028125
150682,0.05028125
26923,0.05028125
54445,0.05028125
158580,0.05028125
1120,0.05028125
190094,0.05028125
22228,0.05028125
31183,0.05028125
127150,0.05028125
18604,0.05028125
140078,0.05028125
159690,0.05028125
77403,0.05028125
63499,0.05028125
185980,0.05028125
82943,0.05028125
192607,0.05028125
90556,0.05028125
171514,0.05028125
63553,0.05028125
102980,0.05028125
6238,0.05028125
106008,0.05028125
5810,0.05028125
3345,0.05028125
80614,0.05028125
150184,0.05028125
193868,0.05028125
12525,0.05028125
17694,0.05028125
68502,0.05028125
116603,0.05028125
68832,0.05028125
4302,0.05028125
21456,0.05028125
172889,0.05028125
186964,0.05028125
22597,0.05028125
175603,0.05028125
55634,0.05028125
72235,0.05028125
22636,0.05028125
131420,0.05028125
92947,0.05028125
150614,0.05028125
45698,0.05028125
26317,0.05028125
190257,0.05028125
25788,0.05028125
152074,0.05028125
145961,0.05028125
75101,0.05028125
114209,0.05028125
149229,0.05028125
6843,0.05028125
66275,0.05028125
81283,0.05028125
102782,0.05028125
77311,0.05028125
114454,0.05028125
51793,0.05028125
40903,0.05028125
119220,0.05028125
196856,0.05028125
150038,0.05028125
73760,0.05028125
184310,0.05028125
126992,0.05028125
92511,0.05028125
101251,0.05028125
79876,0.05028125
87920,0.05028125
55051,0.05028125
47766,0.05028125
43552,0.05028125
154455,0.05028125
41463,0.05028125
59951,0.05028125
131746,0.05028125
130636,0.05028125
176254,0.05028125
59273,0.05028125
172271,0.05028125
140512,0.05028125
132052,0.05028125
141439,0.05028125
179008,0.05028125
199228,0.05028125
171724,0.05028125
1621,0.05028125
102833,0.05028125
107722,0.05028125
110790,0.05028125
182236,0.05028125
22976,0.05028125
101630,0.05028125
189270,0.05028125
119134,0.05028125
196548,0.05028125
128141,0.05028125
198893,0.05028125
189421,0.05028125
24875,0.05028125
141852,0.05028125
57739,0.05028125
163877,0.05028125
169280,0.05028125
158675,0.05028125
97094,0.05028125
80971,0.05028125
162587,0.05028125
115736,0.05028125
100582,0.05028125
198180,0.05028125
180641,0.05028125
849,0.05028125
13105,0.05028125
17423,0.05028125
75688,0.05028125
136403,0.05028125
29722,0.05028125
71495,0.05028125
103536,0.05028125
44188,0.05028125
133912,0.05028125
12559,0.05028125
174729,0.05028125
151956,0.05028125
145880,0.05028125
150760,0.05028125
81689,0.05028125
24484,0.05028125
52575,0.05028125
122480,0.05028125
118481,0.05028125
75457,0.05028125
46548,0.05028125
69613,0.05028125
49909,0.05028125
19393,0.05028125
93964,0.05028125
22701,0.05028125
117519,0.05028125
147873,0.05028125
42010,0.05028125
166306,0.05028125
108848,0.05028125
68436,0.05028125
72180,0.05028125
194703,0.05028125
94944,0.05028125
28955,0.05028125
53778,0.05028125
127767,0.05028125
61406,0.05028125
81338,0.05028125
176705,0.05028125
117266,0.05028125
138535,0.05028125
198322,0.05028125
9191,0.05028125
186745,0.05028125
184106,0.05028125
54824,0.05028125
114097,0.05028125
53290,0.05028125
177327,0.05028125
16995,0.05028125
149021,0.05028125
20627,0.05028125
58529,0.05028125
149327,0.05028125
22140,0.05028125
75318,0.05028125
195414,0.05028125
15603,0.05028125
25771,0.05028125
101070,0.05028125
31433,0.05028125
25892,0.05028125
166892,0.05028125
46244,0.05028125
68471,0.05028125
188614,0.05028125
148147,0.05028125
34858,0.05028125
170448,0.05028125
73767,0.05028125
16809,0.05028125
147203,0.05028125
97917,0.05028125
42304,0.05028125
75787,0.05028125
166977,0.05028125
130630,0.05028125
168588,0.05028125
151310,0.05028125
83679,0.05028125
162786,0.05028125
127735,0.05028125
118007,0.05028125
189992,0.05028125
94032,0.05028125
19774,0.05028125
28927,0.05028125
53842,0.05028125
48883,0.05028125
16534,0.05028125
129232,0.05028125
10249,0.05028125
28059,0.05028125
28244,0.05028125
136276,0.05028125
2204,0.05028125
17363,0.05028125
169811,0.05028125
19867,0.05028125
95522,0.05028125
54510,0.05028125
1610,0.05028125
71811,0.05028125
44477,0.05028125
82021,0.05028125
173651,0.05028125
41507,0.05028125
39157,0.05028125
19018,0.05028125
31704,0.05028125
121022,0.05028125
88869,0.05028125
43630,0.05028125
166373,0.05028125
186772,0.05028125
125125,0.05028125
64746,0.05028125
84305,0.05028125
178500,0.05028125
45068,0.05028125
73163,0.05028125
192732,0.05028125
86965,0.05028125
149415,0.05028125
194764,0.05028125
149430,0.05028125
156312,0.05028125
145188,0.05028125
194642,0.05028125
178071,0.05028125
64246,0.05028125
156157,0.05028125
142568,0.05028125
192720,0.05028125
32893,0.05028125
142613,0.05028125
37758,0.05028125
145093,0.05028125
49763,0.05028125
74570,0.05028125
169566,0.05028125
86435,0.05028125
73007,0.05028125
165402,0.05028125
135676,0.05028125
79436,0.05028125
84563,0.05028125
47581,0.05028125
16383,0.05028125
54056,0.05028125
198488,0.05028125
82550,0.05028125
173245,0.05028125
192583,0.05028125
4575,0.05028125
89853,0.05028125
38428,0.05028125
47888,0.05028125
105595,0.05028125
159786,0.05028125
101990,0.05028125
182252,0.05028125
194410,0.05028125
179022,0.05028125
41871,0.05028125
94328,0.05028125
117188,0.05028125
186687,0.05028125
56577,0.05028125
108765,0.05028125
177083,0.05028125
57636,0.05028125
27795,0.05028125
56057,0.05028125
161966,0.05028125
32234,0.05028125
81182,0.05028125
38847,0.05028125
27312,0.05028125
144525,0.05028125
74088,0.05028125
45495,0.05028125
189095,0.05028125
14304,0.05028125
46891,0.05028125
43542,0.05028125
132223,0.05028125
174093,0.05028125
61366,0.05028125
94396,0.05028125
180083,0.05028125
167060,0.05028125
168928,0.05028125
47723,0.05028125
189433,0.05028125
10807,0.05028125
112919,0.05028125
140191,0.05028125
159072,0.05028125
3422,0.05028125
112085,0.05028125
157047,0.05028125
55735,0.05028125
24166,0.05028125
186813,0.05028125
178518,0.05028125
156179,0.05028125
168540,0.05028125
126441,0.05028125
95223,0.05028125
15400,0.05028125
165946,0.05028125
94824,0.05028125
11540,0.05028125
170973,0.05028125
84337,0.05028125
45875,0.05028125
109752,0.05028125
142315,0.05028125
31339,0.05028125
7245,0.05028125
180812,0.05028125
138541,0.05028125
95381,0.05028125
199538,0.05028125
79056,0.05028125
191783,0.05028125
127575,0.05028125
97426,0.05028125
127816,0.05028125
30172,0.05028125
28313,0.05028125
61929,0.05028125
139286,0.05028125
193126,0.05028125
120845,0.05028125
28078,0.05028125
63731,0.05028125
190966,0.05028125
10297,0.05028125
38281,0.05028125
109363,0.05028125
190618,0.05028125
172673,0.05028125
126995,0.05028125
100719,0.05028125
111237,0.05028125
58204,0.05028125
111461,0.05028125
114934,0.05028125
121507,0.05028125
180606,0.05028125
93104,0.05028125
68202,0.05028125
33559,0.05028125
72005,0.05028125
103756,0.05028125
79661,0.05028125
123295,0.05028125
35498,0.05028125
154695,0.05028125
146236,0.05028125
47728,0.05028125
141501,0.05028125
180279,0.05028125
68775,0.05028125
124952,0.05028125
196451,0.05028125
76145,0.05028125
8563,0.05028125
42149,0.05028125
174004,0.05028125
35418,0.05028125
84084,0.05028125
45357,0.05028125
166716,0.05028125
897,0.05028125
96164,0.05028125
110275,0.05028125
58906,0.05028125
197058,0.05028125
78418,0.05028125
57063,0.05028125
117319,0.05028125
196076,0.05028125
78332,0.05028125
86600,0.05028125
121912,0.05028125
179099,0.05028125
100663,0.05028125
195059,0.05028125
117300,0.05028125
173684,0.05028125
18412,0.05028125
63379,0.05028125
31365,0.05028125
2869,0.05028125
20706,0.05028125
26446,0.05028125
163522,0.05028125
70766,0.05028125
63671,0.05028125
16585,0.05028125
60614,0.05028125
74060,0.05028125
55650,0.05028125
47820,0.05028125
114919,0.05028125
118453,0.05028125
132115,0.05028125
179428,0.05028125
37165,0.05028125
1915,0.05028125
121462,0.05028125
182680,0.05028125
88397,0.05028125
116999,0.05028125
150577,0.05028125
152995,0.05028125
31881,0.05028125
187841,0.05028125
2200,0.05028125
131475,0.05028125
147611,0.05028125
76530,0.05028125
149534,0.05028125
32436,0.05028125
5877,0.05028125
165747,0.05028125
176900,0.05028125
163999,0.05028125
28862,0.05028125
99481,0.05028125
114378,0.05028125
141539,0.05028125
190702,0.05028125
90784,0.05028125
22575,0.05028125
7785,0.05028125
90836,0.05028125
189778,0.05028125
53043,0.05028125
190292,0.05028125
27869,0.05028125
80897,0.05028125
32316,0.05028125
181175,0.05028125
49607,0.05028125
7906,0.05028125
55454,0.05028125
150123,0.05028125
143400,0.05028125
142996,0.05028125
96337,0.05028125
134329,0.05028125
32736,0.05028125
52080,0.05028125
4146,0.05028125
57021,0.05028125
188710,0.05028125
191317,0.05028125
58835,0.05028125
7185,0.05028125
72753,0.05028125
25426,0.05028125
179129,0.05028125
117606,0.05028125
162420,0.05028125
144941,0.05028125
123979,0.05028125
127508,0.05028125
79093,0.05028125
30728,0.05028125
165835,0.05028125
113588,0.05028125
149816,0.05028125
167530,0.05028125
93943,0.05028125
104367,0.05028125
98484,0.05028125
74039,0.05028125
7560,0.05028125
35357,0.05028125
92636,0.05028125
104063,0.05028125
198142,0.05028125
100552,0.05028125
95287,0.05028125
44279,0.05028125
146006,0.05028125
80714,0.05028125
91390,0.05028125
170249,0.05028125
53488,0.05028125
35899,0.05028125
129219,0.05028125
80268,0.05028125
45914,0.05028125
127167,0.05028125
132773,0.05028125
95748,0.05028125
359,0.05028125
160523,0.05028125
5520,0.05028125
68081,0.05028125
22617,0.05028125
64762,0.05028125
161150,0.05028125
90628,0.05028125
163769,0.05028125
147753,0.05028125
10451,0.05028125
84472,0.05028125
155522,0.05028125
47789,0.05028125
139978,0.05028125
113017,0.05028125
149614,0.05028125
18219,0.05028125
101676,0.05028125
68561,0.05028125
188192,0.05028125
27736,0.05028125
161241,0.05028125
52721,0.05028125
13694,0.05028125
103779,0.05028125
50786,0.05028125
90712,0.05028125
97290,0.05028125
196166,0.05028125
122466,0.05028125
144400,0.05028125
103139,0.05028125
51662,0.05028125
21549,0.05028125
44659,0.05028125
181237,0.05028125
110909,0.05028125
104404,0.05028125
15910,0.05028125
184854,0.05028125
123097,0.05028125
1469,0.05028125
14308,0.05028125
106035,0.05028125
1322,0.05028125
108049,0.05028125
157411,0.05028125
32344,0.05028125
13097,0.05028125
127345,0.05028125
89036,0.05028125
116121,0.05028125
164317,0.05028125
52503,0.05028125
9838,0.05028125
22515,0.05028125
75160,0.05028125
19941,0.05028125
153015,0.05028125
105017,0.05028125
156614,0.05028125
173476,0.05028125
163456,0.05028125
183216,0.05028125
151766,0.05028125
78908,0.05028125
50263,0.05028125
88444,0.05028125
92548,0.05028125
70494,0.05028125
86138,0.05028125
95254,0.05028125
188180,0.05028125
161631,0.05028125
172941,0.05028125
66152,0.05028125
98049,0.05028125
173844,0.05028125
125645,0.05028125
132002,0.05028125
153092,0.05028125
70020,0.05028125
196321,0.05028125
197386,0.05028125
2064,0.05028125
69467,0.05028125
182463,0.05028125
58856,0.05028125
81139,0.05028125
175090,0.05028125
60918,0.05028125
133081,0.05028125
188497,0.05028125
111839,0.05028125
48959,0.05028125
81830,0.05028125
53584,0.05028125
152389,0.05028125
25972,0.05028125
149486,0.05028125
119343,0.05028125
55617,0.05028125
159387,0.05028125
105688,0.05028125
52942,0.05028125
23820,0.05028125
173561,0.05028125
161202,0.05028125
170030,0.05028125
45393,0.05028125
153297,0.05028125
49286,0.05028125
187582,0.05028125
118189,0.05028125
21308,0.05028125
91458,0.05028125
51772,0.05028125
169525,0.05028125
37899,0.05028125
91133,0.05028125
88362,0.05028125
114816,0.05028125
114770,0.05028125
89562,0.05028125
169965,0.05028125
41830,0.05028125
158655,0.05028125
63869,0.05028125
169338,0.05028125
94371,0.05028125
42287,0.05028125
42419,0.05028125
59267,0.05028125
18913,0.05028125
143658,0.05028125
2162,0.05028125
10978,0.05028125
79426,0.05028125
172033,0.05028125
73512,0.05028125
199065,0.05028125
100130,0.05028125
78735,0.05028125
135862,0.05028125
175835,0.05028125
47060,0.05028125
33726,0.05028125
197697,0.05028125
59805,0.05028125
175309,0.05028125
18323,0.05028125
52361,0.05028125
174772,0.05028125
89952,0.05028125
22725,0.05028125
126784,0.05028125
155827,0.05028125
101390,0.05028125
189189,0.05028125
21192,0.05028125
54403,0.05028125
101174,0.05028125
135206,0.05028125
162588,0.05028125
181939,0.05028125
62297,0.05028125
162189,0.05028125
152030,0.05028125
150179,0.05028125
62172,0.05028125
42889,0.05028125
112252,0.05028125
119512,0.05028125
114609,0.05028125
16557,0.05028125
14189,0.05028125
145509,0.05028125
32589,0.05028125
195627,0.05028125
198094,0.05028125
15098,0.05028125
139123,0.05028125
33518,0.05028125
17789,0.05028125
132825,0.05028125
152650,0.05028125
101452,0.05028125
140130,0.05028125
199827,0.05028125
104907,0.05028125
166754,0.05028125
57371,0.05028125
14890,0.05028125
70843,0.05028125
31345,0.05028125
7631,0.05028125
107553,0.05028125
123664,0.05028125
180284,0.05028125
43717,0.05028125
94879,0.05028125
93767,0.05028125
54865,0.05028125
83374,0.05028125
134481,0.05028125
38261,0.05028125
55132,0.05028125
178255,0.05028125
85205,0.05028125
23745,0.05028125
65677,0.05028125
87554,0.05028125
21851,0.05028125
35113,0.05028125
109841,0.05028125
71648,0.05028125
68338,0.05028125
11148,0.05028125
106499,0.05028125
29678,0.05028125
196799,0.05028125
124838,0.05028125
195939,0.05028125
15017,0.05028125
144974,0.05028125
145153,0.05028125
65694,0.05028125
98199,0.05028125
77522,0.05028125
8924,0.05028125
120010,0.05028125
17007,0.05028125
183876,0.05028125
96542,0.05028125
40577,0.05028125
192190,0.05028125
169640,0.05028125
100881,0.05028125
154171,0.05028125
169611,0.05028125
114372,0.05028125
186317,0.05028125
150276,0.05028125
149280,0.05028125
66044,0.05028125
71701,0.05028125
120932,0.05028125
193608,0.05028125
125859,0.05028125
45990,0.05028125
12194,0.05028125
167304,0.05028125
195139,0.05028125
94728,0.05028125
126323,0.05028125
40028,0.05028125
133555,0.05028125
22991,0.05028125
110403,0.05028125
130451,0.05028125
94015,0.05028125
26468,0.05028125
188750,0.05028125
164992,0.05028125
189240,0.05028125
81902,0.05028125
145904,0.05028125
56909,0.05028125
125106,0.05028125
147359,0.05028125
124682,0.05028125
168838,0.05028125
67738,0.05028125
95744,0.05028125
38774,0.05028125
60389,0.05028125
160146,0.05028125
192042,0.05028125
59090,0.05028125
146459,0.05028125
163839,0.05028125
119646,0.05028125
140092,0.05028125
53984,0.05028125
194610,0.05028125
133791,0.05028125
43004,0.05028125
170053,0.05028125
72162,0.05028125
158224,0.05028125
84249,0.05028125
33034,0.05028125
72215,0.05028125
47817,0.05028125
123324,0.05028125
67848,0.05028125
78385,0.05028125
47277,0.05028125
175340,0.05028125
103675,0.05028125
105581,0.05028125
148697,0.05028125
108750,0.05028125
9091,0.05028125
180321,0.05028125
156338,0.05028125
73276,0.05028125
12574,0.05028125
87876,0.05028125
140609,0.05028125
108255,0.05028125
99929,0.05028125
13599,0.05028125
68006,0.05028125
135445,0.05028125
183611,0.05028125
164786,0.05028125
24924,0.05028125
130777,0.05028125
73045,0.05028125
181934,0.05028125
133155,0.05028125
149186,0.05028125
191942,0.05028125
4590,0.05028125
174237,0.05028125
192082,0.05028125
194296,0.05028125
186055,0.05028125
73292,0.05028125
116085,0.05028125
67890,0.05028125
187340,0.05028125
146157,0.05028125
46622,0.05028125
195578,0.05028125
92631,0.05028125
116173,0.05028125
101609,0.05028125
42324,0.05028125
165277,0.05028125
185506,0.05028125
197845,0.05028125
19046,0.05028125
117530,0.05028125
189979,0.05028125
45794,0.05028125
109243,0.05028125
60095,0.05028125
155804,0.05028125
54950,0.05028125
28659,0.05028125
63783,0.05028125
168212,0.05028125
12522,0.05028125
40814,0.05028125
140833,0.05028125
154601,0.05028125
174008,0.05028125
147417,0.05028125
156290,0.05028125
168622,0.05028125
17532,0.05028125
178143,0.05028125
117686,0.05028125
72436,0.05028125
114054,0.05028125
4237,0.05028125
157410,0.05028125
73004,0.05028125
146716,0.05028125
187161,0.05028125
55652,0.05028125
97648,0.05028125
40922,0.05028125
191821,0.05028125
25160,0.05028125
103377,0.05028125
1753,0.05028125
154952,0.05028125
20488,0.05028125
41644,0.05028125
66312,0.05028125
162364,0.05028125
64551,0.05028125
122728,0.05028125
95544,0.05028125
116785,0.05028125
158123,0.05028125
172244,0.05028125
77867,0.05028125
23840,0.05028125
150991,0.05028125
51769,0.05028125
96185,0.05028125
197851,0.05028125
138712,0.05028125
20823,0.05028125
2230,0.05028125
74118,0.05028125
80742,0.05028125
91879,0.05028125
97458,0.05028125
30328,0.05028125
56191,0.05028125
39743,0.05028125
21805,0.05028125
81459,0.05028125
146452,0.05028125
36060,0.05028125
185285,0.05028125
87072,0.05028125
92404,0.05028125
6344,0.05028125
3373,0.05028125
11533,0.05028125
177822,0.05028125
159124,0.05028125
3262,0.05028125
169575,0.05028125
112152,0.05028125
18036,0.05028125
45369,0.05028125
122641,0.05028125
24188,0.05028125
37124,0.05028125
808,0.05028125
56047,0.05028125
112822,0.05028125
88496,0.05028125
90774,0.05028125
61171,0.05028125
14190,0.05028125
89392,0.05028125
148287,0.05028125
31023,0.05028125
147202,0.05028125
189318,0.05028125
195493,0.05028125
65082,0.05028125
2985,0.05028125
105534,0.05028125
50511,0.05028125
46663,0.05028125
118582,0.05028125
108641,0.05028125
55234,0.05028125
118442,0.05028125
176199,0.05028125
176757,0.05028125
41875,0.05028125
134401,0.05028125
93596,0.05028125
147268,0.05028125
86466,0.05028125
129291,0.05028125
1159,0.05028125
168101,0.05028125
170517,0.05028125
191524,0.05028125
5777,0.05028125
151133,0.05028125
182765,0.05028125
16659,0.05028125
8814,0.05028125
148370,0.05028125
76910,0.05028125
31833,0.05028125
67933,0.05028125
114884,0.05028125
197821,0.05028125
163850,0.05028125
30369,0.05028125
78027,0.05028125
45284,0.05028125
137543,0.05028125
108961,0.05028125
162556,0.05028125
55114,0.05028125
53316,0.05028125
152441,0.05028125
841,0.05028125
153799,0.05028125
143102,0.05028125
135143,0.05028125
165112,0.05028125
87810,0.05028125
4134,0.05028125
23863,0.05028125
151574,0.05028125
105061,0.05028125
47812,0.05028125
28630,0.05028125
29348,0.05028125
178369,0.05028125
45751,0.05028125
175262,0.05028125
99734,0.05028125
114205,0.05028125
113273,0.05028125
89963,0.05028125
24530,0.05028125
110912,0.05028125
97691,0.05028125
115218,0.05028125
41988,0.05028125
99182,0.05028125
114014,0.05028125
154334,0.05028125
179757,0.05028125
85221,0.05028125
127341,0.05028125
168647,0.05028125
67497,0.05028125
20101,0.05028125
49542,0.05028125
114541,0.05028125
15393,0.05028125
136598,0.05028125
28454,0.05028125
156634,0.05028125
22792,0.05028125
53736,0.05028125
78276,0.05028125
9655,0.05028125
172766,0.05028125
136611,0.05028125
1808,0.05028125
61538,0.05028125
34889,0.05028125
12533,0.05028125
185775,0.05028125
63909,0.05028125
42473,0.05028125
28568,0.05028125
154615,0.05028125
81313,0.05028125
181060,0.05028125
30452,0.05028125
77859,0.05028125
183094,0.05028125
94367,0.05028125
38939,0.05028125
11903,0.05028125
63254,0.05028125
112515,0.05028125
24499,0.05028125
39331,0.05028125
22138,0.05028125
14344,0.05028125
22773,0.05028125
92849,0.05028125
144818,0.05028125
185689,0.05028125
86005,0.05028125
20227,0.05028125
36144,0.05028125
27967,0.05028125
1893,0.05028125
89825,0.05028125
34393,0.05028125
71618,0.05028125
68434,0.05028125
199839,0.05028125
196955,0.05028125
120288,0.05028125
166067,0.05028125
146550,0.05028125
150011,0.05028125
63185,0.05028125
12336,0.05028125
131993,0.05028125
146415,0.05028125
190281,0.05028125
115580,0.05028125
190853,0.05028125
59017,0.05028125
72580,0.05028125
12694,0.05028125
97687,0.05028125
151966,0.05028125
147150,0.05028125
95869,0.05028125
182476,0.05028125
113808,0.05028125
152577,0.05028125
138915,0.05028125
72902,0.05028125
110317,0.05028125
93405,0.05028125
145500,0.05028125
120586,0.05028125
1542,0.05028125
21301,0.05028125
55974,0.05028125
20429,0.05028125
45937,0.05028125
87112,0.05028125
96419,0.05028125
33381,0.05028125
183936,0.05028125
98875,0.05028125
169647,0.05028125
156082,0.05028125
5891,0.05028125
68380,0.05028125
100657,0.05028125
71909,0.05028125
27637,0.05028125
107935,0.05028125
132250,0.05028125
186731,0.05028125
187974,0.05028125
133821,0.05028125
39764,0.05028125
52403,0.05028125
143415,0.05028125
12664,0.05028125
156537,0.05028125
125899,0.05028125
56973,0.05028125
35868,0.05028125
61941,0.05028125
104442,0.05028125
59985,0.05028125
4640,0.05028125
191141,0.05028125
107009,0.05028125
143469,0.05028125
137607,0.05028125
128761,0.05028125
54186,0.05028125
24454,0.05028125
127292,0.05028125
65233,0.05028125
177900,0.05028125
174751,0.05028125
14121,0.05028125
152129,0.05028125
24936,0.05028125
152094,0.05028125
173162,0.05028125
80476,0.05028125
121474,0.05028125
15481,0.05028125
159101,0.05028125
72509,0.05028125
150207,0.05028125
32933,0.05028125
23085,0.05028125
26989,0.05028125
183492,0.05028125
84405,0.05028125
35428,0.05028125
55033,0.05028125
78972,0.05028125
74144,0.05028125
163936,0.05028125
58598,0.05028125
174242,0.05028125
6174,0.05028125
143073,0.05028125
79564,0.05028125
57961,0.05028125
198481,0.05028125
189405,0.05028125
68011,0.05028125
78359,0.05028125
178848,0.05028125
98729,0.05028125
111803,0.05028125
187556,0.05028125
112860,0.05028125
180358,0.05028125
81271,0.05028125
128657,0.05028125
78179,0.05028125
27938,0.05028125
1576,0.05028125
141766,0.05028125
126708,0.05028125
73316,0.05028125
85459,0.05028125
28522,0.05028125
165854,0.05028125
20134,0.05028125
51058,0.05028125
46039,0.05028125
85444,0.05028125
125383,0.05028125
11132,0.05028125
157894,0.05028125
187951,0.05028125
2239,0.05028125
37670,0.05028125
158317,0.05028125
162703,0.05028125
81942,0.05028125
90253,0.05028125
29515,0.05028125
7996,0.05028125
106852,0.05028125
88607,0.05028125
140791,0.05028125
7236,0.05028125
45239,0.05028125
44274,0.05028125
56204,0.05028125
64316,0.05028125
69958,0.05028125
198857,0.05028125
31628,0.05028125
60795,0.05028125
166291,0.05028125
80687,0.05028125
78807,0.05028125
14161,0.05028125
185204,0.05028125
165748,0.05028125
46544,0.05028125
175816,0.05028125
133404,0.05028125
41119,0.05028125
98933,0.05028125
100159,0.05028125
1788,0.05028125
10661,0.05028125
11276,0.05028125
77499,0.05028125
75903,0.05028125
117645,0.05028125
69589,0.05028125
57017,0.05028125
128632,0.05028125
19394,0.05028125
4133,0.05028125
148320,0.05028125
61251,0.05028125
43791,0.05028125
161694,0.05028125
160427,0.05028125
81546,0.05028125
175709,0.05028125
19401,0.05028125
186054,0.05028125
58525,0.05028125
20327,0.05028125
137129,0.05028125
8602,0.05028125
101487,0.05028125
21147,0.05028125
10834,0.05028125
2302,0.05028125
103797,0.05028125
161553,0.05028125
21336,0.05028125
68946,0.05028125
93678,0.05028125
181903,0.05028125
32852,0.05028125
91501,0.05028125
97850,0.05028125
54016,0.05028125
56080,0.05028125
160780,0.05028125
28943,0.05028125
109249,0.05028125
174917,0.05028125
110610,0.05028125
73870,0.05028125
61367,0.05028125
85924,0.05028125
8901,0.05028125
46020,0.05028125
179412,0.05028125
57590,0.05028125
91857,0.05028125
150432,0.05028125
142122,0.05028125
76321,0.05028125
52051,0.05028125
151345,0.05028125
166065,0.05028125
54049,0.05028125
141903,0.05028125
98273,0.05028125
133254,0.05028125
398,0.05028125
165326,0.05028125
131189,0.05028125
171781,0.05028125
190706,0.05028125
26533,0.05028125
154061,0.05028125
162982,0.05028125
66675,0.05028125
126848,0.05028125
32400,0.05028125
117683,0.05028125
49614,0.05028125
39104,0.05028125
187934,0.05028125
79142,0.05028125
168328,0.05028125
86967,0.05028125
86277,0.05028125
125021,0.05028125
18922,0.05028125
193540,0.05028125
20759,0.05028125
159129,0.05028125
59308,0.05028125
110464,0.05028125
23996,0.05028125
51183,0.05028125
165259,0.05028125
69866,0.05028125
52263,0.05028125
77741,0.05028125
54603,0.05028125
87099,0.05028125
100051,0.05028125
69941,0.05028125
107874,0.05028125
156363,0.05028125
25528,0.05028125
187666,0.05028125
78699,0.05028125
54427,0.05028125
4236,0.05028125
33140,0.05028125
56264,0.05028125
60130,0.05028125
187663,0.05028125
10193,0.05028125
120066,0.05028125
127723,0.05028125
111828,0.05028125
63112,0.05028125
122094,0.05028125
56342,0.05028125
179226,0.05028125
90975,0.05028125
187116,0.05028125
35467,0.05028125
158791,0.05028125
119660,0.05028125
6917,0.05028125
46865,0.05028125
63780,0.05028125
29998,0.05028125
99811,0.05028125
158679,0.05028125
134666,0.05028125
31098,0.05028125
107284,0.05028125
196480,0.05028125
68449,0.05028125
70840,0.05028125
15642,0.05028125
93309,0.05028125
71959,0.05028125
6650,0.05028125
19387,0.05028125
89913,0.05028125
36230,0.05028125
17058,0.05028125
140797,0.05028125
196382,0.05028125
21995,0.05028125
12758,0.05028125
149212,0.05028125
137048,0.05028125
139471,0.05028125
51899,0.05028125
46210,0.05028125
140543,0.05028125
104007,0.05028125
94018,0.05028125
89353,0.05028125
98265,0.05028125
85515,0.05028125
169321,0.05028125
22376,0.05028125
156435,0.05028125
72737,0.05028125
47937,0.05028125
62065,0.05028125
36997,0.05028125
111908,0.05028125
86333,0.05028125
19843,0.05028125
62872,0.05028125
195931,0.05028125
88600,0.05028125
110624,0.05028125
118866,0.05028125
189097,0.05028125
165271,0.05028125
187689,0.05028125
39859,0.05028125
33863,0.05028125
156311,0.05028125
139393,0.05028125
47896,0.05028125
65702,0.05028125
20658,0.05028125
198474,0.05028125
9530,0.05028125
153010,0.05028125
68667,0.05028125
80493,0.05028125
43010,0.05028125
35975,0.05028125
71703,0.05028125
110883,0.05028125
173764,0.05028125
89850,0.05028125
46384,0.05028125
80789,0.05028125
82235,0.05028125
159187,0.05028125
168818,0.05028125
133312,0.05028125
155737,0.05028125
52022,0.05028125
26074,0.05028125
137468,0.05028125
126410,0.05028125
183919,0.05028125
102372,0.05028125
97765,0.05028125
190448,0.05028125
56753,0.05028125
57110,0.05028125
55573,0.05028125
77739,0.05028125
197363,0.05028125
147148,0.05028125
161806,0.05028125
94409,0.05028125
26805,0.05028125
125522,0.05028125
106573,0.05028125
172299,0.05028125
74214,0.05028125
72318,0.05028125
78550,0.05028125
59438,0.05028125
147414,0.05028125
76995,0.05028125
118941,0.05028125
60492,0.05028125
171021,0.05028125
198791,0.05028125
137113,0.05028125
171620,0.05028125
88345,0.05028125
199696,0.05028125
42341,0.05028125
169980,0.05028125
53468,0.05028125
68968,0.05028125
196530,0.05028125
169213,0.05028125
67599,0.05028125
121886,0.05028125
9351,0.05028125
197718,0.05028125
373,0.05028125
153362,0.05028125
144756,0.05028125
44127,0.05028125
55163,0.05028125
188560,0.05028125
149295,0.05028125
43683,0.05028125
175930,0.05028125
87885,0.05028125
35991,0.05028125
61207,0.05028125
42396,0.05028125
159169,0.05028125
155514,0.05028125
93370,0.05028125
168539,0.05028125
109670,0.05028125
14330,0.05028125
130127,0.05028125
190847,0.05028125
119064,0.05028125
137231,0.05028125
54215,0.05028125
167019,0.05028125
68818,0.05028125
98679,0.05028125
57240,0.05028125
154955,0.05028125
36276,0.05028125
194375,0.05028125
109966,0.05028125
115630,0.05028125
169957,0.05028125
136040,0.05028125
175296,0.05028125
177665,0.05028125
62696,0.05028125
30301,0.05028125
163023,0.05028125
194945,0.05028125
41006,0.05028125
152055,0.05028125
17715,0.05028125
82967,0.05028125
163465,0.05028125
194791,0.05028125
110325,0.05028125
124006,0.05028125
136574,0.05028125
129892,0.05028125
163162,0.05028125
55768,0.05028125
167297,0.05028125
190516,0.05028125
183717,0.05028125
33771,0.05028125
95656,0.05028125
97141,0.05028125
117556,0.05028125
77917,0.05028125
196006,0.05028125
128838,0.05028125
188538,0.05028125
132422,0.05028125
59541,0.05028125
79715,0.05028125
71225,0.05028125
157192,0.05028125
13904,0.05028125
171429,0.05028125
167800,0.05028125
61127,0.05028125
3772,0.05028125
104985,0.05028125
4213,0.05028125
18755,0.05028125
169348,0.05028125
76772,0.05028125
35254,0.05028125
35616,0.05028125
134086,0.05028125
179924,0.05028125
137277,0.05028125
83708,0.05028125
199684,0.05028125
195893,0.05028125
115668,0.05028125
154221,0.05028125
33809,0.05028125
98050,0.05028125
164712,0.05028125
49198,0.05028125
29737,0.05028125
31209,0.05028125
149460,0.05028125
14859,0.05028125
42158,0.05028125
32253,0.05028125
62371,0.05028125
95479,0.05028125
21582,0.05028125
76796,0.05028125
43337,0.05028125
138151,0.05028125
192893,0.05028125
138732,0.05028125
29783,0.05028125
94464,0.05028125
90909,0.05028125
80694,0.05028125
50929,0.05028125
66495,0.05028125
24600,0.05028125
164932,0.05028125
158826,0.05028125
98561,0.05028125
174571,0.05028125
183315,0.05028125
26160,0.05028125
101180,0.05028125
135337,0.05028125
20920,0.05028125
3012,0.05028125
197569,0.05028125
124645,0.05028125
168427,0.05028125
118425,0.05028125
132179,0.05028125
198817,0.05028125
161187,0.05028125
13797,0.05028125
169357,0.05028125
36716,0.05028125
79416,0.05028125
50206,0.05028125
123922,0.05028125
89656,0.05028125
159556,0.05028125
70334,0.05028125
89687,0.05028125
123900,0.05028125
57546,0.05028125
7178,0.05028125
135524,0.05028125
158062,0.05028125
140284,0.05028125
72844,0.05028125
175810,0.05028125
119988,0.05028125
169381,0.05028125
72059,0.05028125
65263,0.05028125
74591,0.05028125
72825,0.05028125
169847,0.05028125
30383,0.05028125
106119,0.05028125
56976,0.05028125
139946,0.05028125
4399,0.05028125
58266,0.05028125
71975,0.05028125
194441,0.05028125
169484,0.05028125
192766,0.05028125
74392,0.05028125
79261,0.05028125
119624,0.05028125
76886,0.05028125
156782,0.05028125
72810,0.05028125
119862,0.05028125
134637,0.05028125
144827,0.05028125
11620,0.05028125
61572,0.05028125
41695,0.05028125
181756,0.05028125
78082,0.05028125
122944,0.05028125
156841,0.05028125
32609,0.05028125
57915,0.05028125
86595,0.05028125
99254,0.05028125
154876,0.05028125
99518,0.05028125
152662,0.05028125
71055,0.05028125
24246,0.05028125
131202,0.05028125
18653,0.05028125
129108,0.05028125
31075,0.05028125
111388,0.05028125
10509,0.05028125
52825,0.05028125
142449,0.05028125
91633,0.05028125
120805,0.05028125
87622,0.05028125
176589,0.05028125
154215,0.05028125
151319,0.05028125
61957,0.05028125
59336,0.05028125
127773,0.05028125
121846,0.05028125
59468,0.05028125
125154,0.05028125
36738,0.05028125
43074,0.05028125
114052,0.05028125
67531,0.05028125
59251,0.05028125
102727,0.05028125
17269,0.05028125
62568,0.05028125
73773,0.05028125
51104,0.05028125
123010,0.05028125
90090,0.05028125
83956,0.05028125
109679,0.05028125
30723,0.05028125
26162,0.05028125
47338,0.05028125
181129,0.05028125
46933,0.05028125
100448,0.05028125
133379,0.05028125
68025,0.05028125
146993,0.05028125
110619,0.05028125
66854,0.05028125
45014,0.05028125
60741,0.05028125
43751,0.05028125
33451,0.05028125
168332,0.05028125
166656,0.05028125
112120,0.05028125
82269,0.05028125
37974,0.05028125
70651,0.05028125
104074,0.05028125
63036,0.05028125
119727,0.05028125
193534,0.05028125
124994,0.05028125
22808,0.05028125
133231,0.05028125
139049,0.05028125
153191,0.05028125
136700,0.05028125
53753,0.05028125
68411,0.05028125
84905,0.05028125
11923,0.05028125
162246,0.05028125
65673,0.05028125
78317,0.05028125
196940,0.05028125
29170,0.05028125
184223,0.05028125
61462,0.05028125
152181,0.05028125
12372,0.05028125
16167,0.05028125
37834,0.05028125
112024,0.05028125
41513,0.05028125
176031,0.05028125
182227,0.05028125
121721,0.05028125
20931,0.05028125
160952,0.05028125
33235,0.05028125
145828,0.05028125
32340,0.05028125
180101,0.05028125
105543,0.05028125
94804,0.05028125
191571,0.05028125
198534,0.05028125
199581,0.05028125
162038,0.05028125
62153,0.05028125
25848,0.05028125
13474,0.05028125
131321,0.05028125
23155,0.05028125
32734,0.05028125
23056,0.05028125
15490,0.05028125
156719,0.05028125
95489,0.05028125
74985,0.05028125
108195,0.05028125
199626,0.05028125
138113,0.05028125
21638,0.05028125
191276,0.05028125
56079,0.05028125
3764,0.05028125
180469,0.05028125
111099,0.05028125
127474,0.05028125
141312,0.05028125
167944,0.05028125
96734,0.05028125
68214,0.05028125
38322,0.05028125
181719,0.05028125
65532,0.05028125
40178,0.05028125
71166,0.05028125
161922,0.05028125
130133,0.05028125
113031,0.05028125
170095,0.05028125
88384,0.05028125
55294,0.05028125
49383,0.05028125
180170,0.05028125
162205,0.05028125
156092,0.05028125
9821,0.05028125
44069,0.05028125
189628,0.05028125
71345,0.05028125
171367,0.05028125
93695,0.05028125
49721,0.05028125
52123,0.05028125
48141,0.05028125
468,0.05028125
138998,0.05028125
175625,0.05028125
100824,0.05028125
13279,0.05028125
103760,0.05028125
79319,0.05028125
156260,0.05028125
55590,0.05028125
72989,0.05028125
148113,0.05028125
6787,0.05028125
110997,0.05028125
190781,0.05028125
167600,0.05028125
193206,0.05028125
90334,0.05028125
111914,0.05028125
142489,0.05028125
180970,0.05028125
38385,0.05028125
5986,0.05028125
54456,0.05028125
158567,0.05028125
77736,0.05028125
75218,0.05028125
194244,0.05028125
180671,0.05028125
78032,0.05028125
199681,0.05028125
134264,0.05028125
103619,0.05028125
111708,0.05028125
102629,0.05028125
8410,0.05028125
53892,0.05028125
39166,0.05028125
130770,0.05028125
101217,0.05028125
118138,0.05028125
68099,0.05028125
143744,0.05028125
153889,0.05028125
108411,0.05028125
100400,0.05028125
173168,0.05028125
121004,0.05028125
67106,0.05028125
177364,0.05028125
14143,0.05028125
18510,0.05028125
119592,0.05028125
103366,0.05028125
27503,0.05028125
20853,0.05028125
91254,0.05028125
160374,0.05028125
173544,0.05028125
168585,0.05028125
64242,0.05028125
109361,0.05028125
6596,0.05028125
105217,0.05028125
96987,0.05028125
131814,0.05028125
28420,0.05028125
168436,0.05028125
169990,0.05028125
24034,0.05028125
194537,0.05028125
95977,0.05028125
49196,0.05028125
152060,0.05028125
54604,0.05028125
44875,0.05028125
50376,0.05028125
134703,0.05028125
146588,0.05028125
48831,0.05028125
74248,0.05028125
121047,0.05028125
145286,0.05028125
82856,0.05028125
174340,0.05028125
58838,0.05028125
198739,0.05028125
48321,0.05028125
84915,0.05028125
66659,0.05028125
34529,0.05028125
68442,0.05028125
98480,0.05028125
78939,0.05028125
88254,0.05028125
163109,0.05028125
52890,0.05028125
100175,0.05028125
72027,0.05028125
25369,0.05028125
26554,0.05028125
82016,0.05028125
160357,0.05028125
117243,0.05028125
82517,0.05028125
55269,0.05028125
83494,0.05028125
24296,0.05028125
165053,0.05028125
29872,0.05028125
62984,0.05028125
119482,0.05028125
44919,0.05028125
142541,0.05028125
10706,0.05028125
23153,0.05028125
142411,0.05028125
114851,0.05028125
32155,0.05028125
42914,0.05028125
90865,0.05028125
115781,0.05028125
9753,0.05028125
79653,0.05028125
177150,0.05028125
446,0.05028125
151090,0.05028125
128835,0.05028125
152853,0.05028125
169349,0.05028125
110226,0.05028125
100994,0.05028125
62240,0.05028125
10879,0.05028125
114946,0.05028125
159459,0.05028125
91587,0.05028125
177537,0.05028125
47029,0.05028125
44666,0.05028125
115427,0.05028125
171658,0.05028125
108668,0.05028125
150324,0.05028125
183712,0.05028125
193809,0.05028125
87907,0.05028125
100432,0.05028125
29693,0.05028125
44597,0.05028125
110849,0.05028125
157493,0.05028125
142125,0.05028125
24568,0.05028125
75433,0.05028125
191639,0.05028125
134758,0.05028125
1865,0.05028125
13088,0.05028125
135592,0.05028125
45115,0.05028125
177365,0.05028125
195496,0.05028125
142542,0.05028125
122357,0.05028125
131997,0.05028125
81379,0.05028125
60928,0.05028125
177736,0.05028125
97077,0.05028125
88472,0.05028125
88199,0.05028125
41862,0.05028125
152411,0.05028125
31866,0.05028125
124424,0.05028125
56804,0.05028125
145272,0.05028125
134241,0.05028125
142097,0.05028125
8223,0.05028125
99572,0.05028125
165015,0.05028125
146137,0.05028125
5396,0.05028125
195461,0.05028125
108579,0.05028125
47658,0.05028125
84113,0.05028125
83121,0.05028125
29543,0.05028125
147728,0.05028125
29746,0.05028125
39903,0.05028125
149435,0.05028125
196009,0.05028125
54646,0.05028125
25623,0.05028125
43855,0.05028125
132834,0.05028125
119058,0.05028125
83514,0.05028125
103361,0.05028125
115097,0.05028125
30580,0.05028125
154330,0.05028125
196874,0.05028125
88755,0.05028125
127607,0.05028125
136154,0.05028125
144831,0.05028125
62344,0.05028125
98474,0.05028125
38187,0.05028125
109708,0.05028125
148126,0.05028125
119548,0.05028125
185080,0.05028125
23148,0.05028125
141200,0.05028125
176487,0.05028125
34307,0.05028125
154889,0.05028125
49754,0.05028125
193643,0.05028125
74409,0.05028125
50408,0.05028125
59943,0.05028125
157955,0.05028125
42747,0.05028125
133515,0.05028125
98707,0.05028125
137145,0.05028125
157434,0.05028125
66639,0.05028125
56082,0.05028125
123505,0.05028125
5935,0.05028125
193029,0.05028125
26105,0.05028125
66673,0.05028125
86080,0.05028125
189700,0.05028125
138530,0.05028125
57132,0.05028125
52165,0.05028125
18066,0.05028125
164444,0.05028125
47694,0.05028125
157897,0.05028125
83525,0.05028125
78242,0.05028125
19542,0.05028125
138274,0.05028125
170356,0.05028125
153361,0.05028125
119087,0.05028125
41956,0.05028125
11057,0.05028125
166461,0.05028125
30067,0.05028125
173290,0.05028125
177349,0.05028125
186411,0.05028125
47924,0.05028125
14338,0.05028125
34296,0.05028125
189442,0.05028125
153875,0.05028125
22308,0.05028125
31421,0.05028125
174316,0.05028125
199033,0.05028125
129940,0.05028125
11408,0.05028125
107017,0.05028125
52692,0.05028125
10719,0.05028125
173531,0.05028125
78299,0.05028125
67839,0.05028125
62689,0.05028125
161337,0.05028125
118380,0.05028125
26181,0.05028125
183535,0.05028125
106683,0.05028125
166894,0.05028125
91565,0.05028125
192728,0.05028125
129567,0.05028125
161810,0.05028125
51112,0.05028125
146707,0.05028125
177427,0.05028125
166466,0.05028125
44113,0.05028125
145159,0.05028125
65331,0.05028125
128995,0.05028125
65665,0.05028125
6447,0.05028125
94057,0.05028125
51870,0.05028125
45350,0.05028125
83405,0.05028125
139743,0.05028125
123086,0.05028125
56440,0.05028125
154622,0.05028125
33234,0.05028125
135462,0.05028125
101861,0.05028125
52873,0.05028125
91977,0.05028125
47427,0.05028125
17302,0.05028125
120092,0.05028125
186649,0.05028125
183531,0.05028125
37190,0.05028125
192943,0.05028125
149867,0.05028125
117507,0.05028125
180637,0.05028125
88138,0.05028125
131926,0.05028125
32628,0.05028125
56258,0.05028125
197103,0.05028125
139514,0.05028125
155031,0.05028125
124284,0.05028125
53569,0.05028125
140903,0.05028125
76970,0.05028125
30208,0.05028125
116886,0.05028125
11704,0.05028125
82524,0.05028125
188122,0.05028125
2080,0.05028125
14157,0.05028125
108080,0.05028125
39946,0.05028125
126156,0.05028125
99199,0.05028125
172946,0.05028125
170066,0.05028125
133495,0.05028125
21232,0.05028125
114182,0.05028125
189435,0.05028125
5427,0.05028125
89315,0.05028125
192653,0.05028125
103924,0.05028125
164007,0.05028125
192231,0.05028125
59016,0.05028125
44142,0.05028125
123623,0.05028125
49822,0.05028125
63755,0.05028125
35449,0.05028125
30920,0.05028125
125838,0.05028125
106328,0.05028125
104818,0.05028125
146392,0.05028125
63723,0.05028125
43382,0.05028125
52234,0.05028125
152608,0.05028125
23685,0.05028125
74360,0.05028125
80080,0.05028125
162211,0.05028125
104064,0.05028125
57067,0.05028125
28118,0.05028125
86664,0.05028125
30857,0.05028125
191345,0.05028125
12358,0.05028125
194231,0.05028125
129736,0.05028125
78803,0.05028125
97650,0.05028125
40533,0.05028125
1036,0.05028125
13546,0.05028125
141270,0.05028125
70677,0.05028125
187118,0.05028125
152969,0.05028125
157694,0.05028125
148153,0.05028125
99306,0.05028125
91050,0.05028125
41263,0.05028125
156263,0.05028125
186236,0.05028125
8788,0.05028125
134159,0.05028125
114828,0.05028125
158233,0.05028125
11563,0.05028125
128653,0.05028125
133028,0.05028125
180593,0.05028125
21740,0.05028125
116644,0.05028125
26144,0.05028125
52248,0.05028125
51354,0.05028125
112672,0.05028125
185735,0.05028125
91322,0.05028125
105568,0.05028125
53030,0.05028125
43869,0.05028125
91037,0.05028125
157761,0.05028125
119002,0.05028125
160098,0.05028125
53018,0.05028125
161932,0.05028125
87886,0.05028125
76889,0.05028125
178271,0.05028125
74247,0.05028125
155533,0.05028125
1037,0.05028125
30951,0.05028125
90645,0.05028125
96129,0.05028125
81095,0.05028125
62362,0.05028125
20442,0.05028125
157964,0.05028125
97362,0.05028125
191830,0.05028125
58345,0.05028125
7842,0.05028125
165279,0.05028125
167613,0.05028125
69754,0.05028125
130935,0.05028125
103309,0.05028125
111539,0.05028125
128950,0.05028125
25153,0.05028125
43372,0.05028125
31571,0.05028125
127246,0.05028125
86902,0.05028125
32248,0.05028125
98311,0.05028125
141105,0.05028125
121188,0.05028125
173646,0.05028125
147561,0.05028125
15514,0.05028125
116975,0.05028125
21658,0.05028125
21741,0.05028125
90648,0.05028125
178550,0.05028125
47089,0.05028125
38586,0.05028125
25110,0.05028125
46674,0.05028125
155657,0.05028125
50262,0.05028125
193578,0.05028125
112408,0.05028125
181064,0.05028125
26857,0.05028125
181600,0.05028125
191940,0.05028125
20344,0.05028125
185725,0.05028125
64892,0.05028125
40331,0.05028125
149083,0.05028125
181163,0.05028125
84841,0.05028125
110755,0.05028125
60422,0.05028125
147558,0.05028125
72276,0.05028125
142556,0.05028125
30346,0.05028125
170123,0.05028125
152668,0.05028125
97123,0.05028125
171473,0.05028125
168009,0.05028125
110356,0.05028125
117326,0.05028125
98845,0.05028125
40177,0.05028125
37924,0.05028125
116369,0.05028125
162307,0.05028125
178575,0.05028125
31382,0.05028125
47987,0.05028125
172082,0.05028125
118574,0.05028125
159756,0.05028125
131570,0.05028125
79745,0.05028125
150512,0.05028125
120234,0.05028125
99522,0.05028125
157893,0.05028125
174779,0.05028125
1279,0.05028125
1771,0.05028125
48264,0.05028125
178501,0.05028125
106066,0.05028125
98651,0.05028125
29608,0.05028125
156836,0.05028125
99295,0.05028125
131906,0.05028125
171441,0.05028125
165341,0.05028125
115686,0.05028125
197648,0.05028125
187204,0.05028125
34244,0.05028125
103803,0.05028125
147205,0.05028125
128309,0.05028125
9558,0.05028125
68870,0.05028125
135327,0.05028125
106207,0.05028125
7823,0.05028125
14978,0.05028125
156206,0.05028125
7196,0.05028125
64031,0.05028125
27494,0.05028125
160896,0.05028125
151484,0.05028125
150969,0.05028125
100601,0.05028125
185960,0.05028125
58569,0.05028125
17214,0.05028125
108382,0.05028125
39633,0.05028125
59594,0.05028125
47494,0.05028125
12413,0.05028125
123135,0.05028125
46349,0.05028125
40885,0.05028125
177459,0.05028125
153084,0.05028125
191067,0.05028125
90039,0.05028125
108165,0.05028125
181877,0.05028125
124512,0.05028125
157335,0.05028125
186623,0.05028125
137887,0.05028125
170419,0.05028125
48441,0.05028125
80165,0.05028125
171170,0.05028125
77792,0.05028125
145209,0.05028125
136137,0.05028125
31199,0.05028125
158480,0.05028125
23396,0.05028125
130859,0.05028125
110749,0.05028125
25508,0.05028125
186021,0.05028125
59909,0.05028125
45468,0.05028125
17261,0.05028125
9776,0.05028125
189863,0.05028125
188060,0.05028125
84050,0.05028125
145151,0.05028125
63897,0.05028125
70516,0.05028125
138185,0.05028125
30957,0.05028125
67567,0.05028125
100270,0.05028125
141637,0.05028125
176877,0.05028125
13398,0.05028125
133624,0.05028125
870,0.05028125
9337,0.05028125
44144,0.05028125
94920,0.05028125
138759,0.05028125
106963,0.05028125
134838,0.05028125
188830,0.05028125
43232,0.05028125
43780,0.05028125
128160,0.05028125
67461,0.05028125
97320,0.05028125
53284,0.05028125
80445,0.05028125
177903,0.05028125
74431,0.05028125
192961,0.05028125
189112,0.05028125
134660,0.05028125
171469,0.05028125
104445,0.05028125
20622,0.05028125
140008,0.05028125
4836,0.05028125
52704,0.05028125
154901,0.05028125
58021,0.05028125
188722,0.05028125
119253,0.05028125
132538,0.05028125
139668,0.05028125
7149,0.05028125
113506,0.05028125
44169,0.05028125
38665,0.05028125
111991,0.05028125
100086,0.05028125
194794,0.05028125
51766,0.05028125
53754,0.05028125
188761,0.05028125
107159,0.05028125
16279,0.05028125
153650,0.05028125
176736,0.05028125
187751,0.05028125
185600,0.05028125
89448,0.05028125
79195,0.05028125
142079,0.05028125
30972,0.05028125
167378,0.05028125
122281,0.05028125
71123,0.05028125
89742,0.05028125
69839,0.05028125
47255,0.05028125
43982,0.05028125
24704,0.05028125
185797,0.05028125
125696,0.05028125
152544,0.05028125
107155,0.05028125
143450,0.05028125
42952,0.05028125
178177,0.05028125
156781,0.05028125
167296,0.05028125
191085,0.05028125
21102,0.05028125
97825,0.05028125
87532,0.05028125
87083,0.05028125
83587,0.05028125
102474,0.05028125
156378,0.05028125
4486,0.05028125
57648,0.05028125
64463,0.05028125
41541,0.05028125
66316,0.05028125
50542,0.05028125
88914,0.05028125
7087,0.05028125
147563,0.05028125
55539,0.05028125
31672,0.05028125
161709,0.05028125
187236,0.05028125
186921,0.05028125
26851,0.05028125
79371,0.05028125
74076,0.05028125
188008,0.05028125
154498,0.05028125
178181,0.05028125
55362,0.05028125
2881,0.05028125
192024,0.05028125
145514,0.05028125
58909,0.05028125
139667,0.05028125
146385,0.05028125
195153,0.05028125
102040,0.05028125
102078,0.05028125
57212,0.05028125
79995,0.05028125
109414,0.05028125
140806,0.05028125
9648,0.05028125
153235,0.05028125
131047,0.05028125
24662,0.05028125
180771,0.05028125
185252,0.05028125
94803,0.05028125
59772,0.05028125
155990,0.05028125
10608,0.05028125
99032,0.05028125
91901,0.05028125
135758,0.05028125
193152,0.05028125
141916,0.05028125
84389,0.05028125
57160,0.05028125
133837,0.05028125
101130,0.05028125
187148,0.05028125
199465,0.05028125
15947,0.05028125
101197,0.05028125
118433,0.05028125
47780,0.05028125
105386,0.05028125
134687,0.05028125
3073,0.05028125
195830,0.05028125
134363,0.05028125
83649,0.05028125
180821,0.05028125
42630,0.05028125
157267,0.05028125
58162,0.05028125
66660,0.05028125
58031,0.05028125
41044,0.05028125
171463,0.05028125
121620,0.05028125
158498,0.05028125
21992,0.05028125
135563,0.05028125
136095,0.05028125
70323,0.05028125
165942,0.05028125
61396,0.05028125
23267,0.05028125
79080,0.05028125
51919,0.05028125
163202,0.05028125
5938,0.05028125
65819,0.05028125
182243,0.05028125
135787,0.05028125
186125,0.05028125
84454,0.05028125
32727,0.05028125
53681,0.05028125
65443,0.05028125
118876,0.05028125
9170,0.05028125
91991,0.05028125
17003,0.05028125
123519,0.05028125
141807,0.05028125
110915,0.05028125
175588,0.05028125
190477,0.05028125
123669,0.05028125
104566,0.05028125
193124,0.05028125
111753,0.05028125
47010,0.05028125
88711,0.05028125
123110,0.05028125
7705,0.05028125
150587,0.05028125
89614,0.05028125
127006,0.05028125
34292,0.05028125
178590,0.05028125
132440,0.05028125
10399,0.05028125
14969,0.05028125
120220,0.05028125
82675,0.05028125
123451,0.05028125
51429,0.05028125
12540,0.05028125
112208,0.05028125
190927,0.05028125
184375,0.05028125
198468,0.05028125
108629,0.05028125
60329,0.05028125
37016,0.05028125
35888,0.05028125
163996,0.05028125
162708,0.05028125
177689,0.05028125
11814,0.05028125
90618,0.05028125
18530,0.05028125
172631,0.05028125
188351,0.05028125
100595,0.05028125
5217,0.05028125
149757,0.05028125
138097,0.05028125
168029,0.05028125
68309,0.05028125
131232,0.05028125
90175,0.05028125
146833,0.05028125
122187,0.05028125
96519,0.05028125
189272,0.05028125
162216,0.05028125
108701,0.05028125
168118,0.05028125
124762,0.05028125
150751,0.05028125
187349,0.05028125
196096,0.05028125
57010,0.05028125
139165,0.05028125
190437,0.05028125
163846,0.05028125
98965,0.05028125
109979,0.05028125
136008,0.05028125
132631,0.05028125
114431,0.05028125
2067,0.05028125
7994,0.05028125
59740,0.05028125
31791,0.05028125
190249,0.05028125
168752,0.05028125
130727,0.05028125
22167,0.05028125
3173,0.05028125
95264,0.05028125
104330,0.05028125
150635,0.05028125
92323,0.05028125
172820,0.05028125
49735,0.05028125
23202,0.05028125
120580,0.05028125
44148,0.05028125
194366,0.05028125
22476,0.05028125
11026,0.05028125
35360,0.05028125
187530,0.05028125
98149,0.05028125
128312,0.05028125
149157,0.05028125
153934,0.05028125
127107,0.05028125
36247,0.05028125
45057,0.05028125
19085,0.05028125
34004,0.05028125
81347,0.05028125
188621,0.05028125
83808,0.05028125
119001,0.05028125
33387,0.05028125
19164,0.05028125
13350,0.05028125
199456,0.05028125
13074,0.05028125
161773,0.05028125
61067,0.05028125
175933,0.05028125
93451,0.05028125
186991,0.05028125
147151,0.05028125
62937,0.05028125
42530,0.05028125
23726,0.05028125
83567,0.05028125
164794,0.05028125
136319,0.05028125
18399,0.05028125
157471,0.05028125
146272,0.05028125
133841,0.05028125
98416,0.05028125
163435,0.05028125
54266,0.05028125
15540,0.05028125
158772,0.05028125
138454,0.05028125
1535,0.05028125
189740,0.05028125
132910,0.05028125
119363,0.05028125
21380,0.05028125
185836,0.05028125
91181,0.05028125
181615,0.05028125
100333,0.05028125
78829,0.05028125
120705,0.05028125
91745,0.05028125
167861,0.05028125
105485,0.05028125
173345,0.05028125
174472,0.05028125
3886,0.05028125
103172,0.05028125
30636,0.05028125
196460,0.05028125
135332,0.05028125
77390,0.05028125
29072,0.05028125
82270,0.05028125
196576,0.05028125
89080,0.05028125
123160,0.05028125
128534,0.05028125
153555,0.05028125
136422,0.05028125
169528,0.05028125
5706,0.05028125
636,0.05028125
192525,0.05028125
134829,0.05028125
145698,0.05028125
191612,0.05028125
142171,0.05028125
50355,0.05028125
177790,0.05028125
149736,0.05028125
162279,0.05028125
184298,0.05028125
130583,0.05028125
79016,0.05028125
136966,0.05028125
152139,0.05028125
18672,0.05028125
156191,0.05028125
150267,0.05028125
135156,0.05028125
51412,0.05028125
7879,0.05028125
42532,0.05028125
11998,0.05028125
34240,0.05028125
141250,0.05028125
142629,0.05028125
40415,0.05028125
51616,0.05028125
64464,0.05028125
7341,0.05028125
121537,0.05028125
146547,0.05028125
121021,0.05028125
57135,0.05028125
54034,0.05028125
149552,0.05028125
25006,0.05028125
4289,0.05028125
150545,0.05028125
159256,0.05028125
79294,0.05028125
175062,0.05028125
83785,0.05028125
176034,0.05028125
115603,0.05028125
197144,0.05028125
45420,0.05028125
178552,0.05028125
145646,0.05028125
18617,0.05028125
148546,0.05028125
162515,0.05028125
101816,0.05028125
160158,0.05028125
127335,0.05028125
177312,0.05028125
198900,0.05028125
142321,0.05028125
79074,0.05028125
101344,0.05028125
198547,0.05028125
78586,0.05028125
162443,0.05028125
175408,0.05028125
78676,0.05028125
36350,0.05028125
38164,0.05028125
36591,0.05028125
105591,0.05028125
179263,0.05028125
168579,0.05028125
133372,0.05028125
26702,0.05028125
93807,0.05028125
191311,0.05028125
189194,0.05028125
166300,0.05028125
55736,0.05028125
94922,0.05028125
87580,0.05028125
115987,0.05028125
87734,0.05028125
173138,0.05028125
32753,0.05028125
77487,0.05028125
39540,0.05028125
25641,0.05028125
25857,0.05028125
157231,0.05028125
164755,0.05028125
110985,0.05028125
115850,0.05028125
107809,0.05028125
193542,0.05028125
112102,0.05028125
6652,0.05028125
109276,0.05028125
43294,0.05028125
41893,0.05028125
33315,0.05028125
35505,0.05028125
143546,0.05028125
8372,0.05028125
162652,0.05028125
175541,0.05028125
197232,0.05028125
60276,0.05028125
165672,0.05028125
88310,0.05028125
40909,0.05028125
93526,0.05028125
13922,0.05028125
92489,0.05028125
73928,0.05028125
31564,0.05028125
162936,0.05028125
5780,0.05028125
51406,0.05028125
51066,0.05028125
17589,0.05028125
191133,0.05028125
50883,0.05028125
181009,0.05028125
199275,0.05028125
20784,0.05028125
14717,0.05028125
122615,0.05028125
170526,0.05028125
138225,0.05028125
154143,0.05028125
188510,0.05028125
51293,0.05028125
14618,0.05028125
162402,0.05028125
76598,0.05028125
172969,0.05028125
99303,0.05028125
138943,0.05028125
23383,0.05028125
143853,0.05028125
106168,0.05028125
26720,0.05028125
109837,0.05028125
21303,0.05028125
177166,0.05028125
194647,0.05028125
44616,0.05028125
59516,0.05028125
191333,0.05028125
199717,0.05028125
12611,0.05028125
12564,0.05028125
65328,0.05028125
40607,0.05028125
32359,0.05028125
49480,0.05028125
67063,0.05028125
166523,0.05028125
117823,0.05028125
124080,0.05028125
96498,0.05028125
44368,0.05028125
81102,0.05028125
110204,0.05028125
120971,0.05028125
125797,0.05028125
49210,0.05028125
2051,0.05028125
189241,0.05028125
167801,0.05028125
101833,0.05028125
31108,0.05028125
78345,0.05028125
146890,0.05028125
5922,0.05028125
152578,0.05028125
171183,0.05028125
45993,0.05028125
120323,0.05028125
132541,0.05028125
186778,0.05028125
44497,0.05028125
103111,0.05028125
158491,0.05028125
3660,0.05028125
77501,0.05028125
73726,0.05028125
726,0.05028125
62403,0.05028125
160213,0.05028125
154751,0.05028125
49946,0.05028125
147953,0.05028125
192416,0.05028125
52295,0.05028125
69369,0.05028125
45325,0.05028125
2457,0.05028125
118995,0.05028125
192788,0.05028125
96496,0.05028125
59008,0.05028125
48412,0.05028125
169944,0.05028125
119019,0.05028125
63998,0.05028125
142750,0.05028125
4975,0.05028125
154996,0.05028125
146578,0.05028125
22011,0.05028125
35926,0.05028125
2010,0.05028125
154863,0.05028125
100980,0.05028125
177844,0.05028125
197722,0.05028125
39573,0.05028125
134769,0.05028125
40928,0.05028125
83767,0.05028125
72881,0.05028125
134918,0.05028125
149402,0.05028125
128449,0.05028125
75726,0.05028125
166479,0.05028125
31333,0.05028125
76730,0.05028125
115198,0.05028125
66983,0.05028125
85884,0.05028125
160724,0.05028125
82173,0.05028125
79625,0.05028125
64614,0.05028125
101278,0.05028125
93351,0.05028125
156255,0.05028125
87151,0.05028125
192637,0.05028125
119060,0.05028125
99992,0.05028125
183721,0.05028125
53450,0.05028125
42065,0.05028125
31200,0.05028125
42517,0.05028125
21585,0.05028125
192619,0.05028125
94102,0.05028125
134430,0.05028125
23733,0.05028125
135065,0.05028125
175691,0.05028125
23761,0.05028125
83055,0.05028125
26139,0.05028125
173424,0.05028125
52124,0.05028125
1849,0.05028125
131732,0.05028125
153585,0.05028125
119116,0.05028125
117126,0.05028125
5444,0.05028125
6318,0.05028125
1309,0.05028125
122369,0.05028125
23215,0.05028125
102733,0.05028125
7836,0.05028125
99755,0.05028125
135046,0.05028125
113598,0.05028125
23159,0.05028125
139425,0.05028125
114040,0.05028125
23541,0.05028125
119741,0.05028125
122169,0.05028125
191057,0.05028125
81710,0.05028125
155301,0.05028125
188815,0.05028125
98140,0.05028125
165450,0.05028125
50458,0.05028125
139763,0.05028125
64972,0.05028125
38400,0.05028125
57967,0.05028125
119143,0.05028125
120169,0.05028125
160386,0.05028125
25731,0.05028125
103995,0.05028125
80490,0.05028125
112399,0.05028125
136546,0.05028125
125153,0.05028125
7270,0.05028125
139311,0.05028125
73139,0.05028125
188766,0.05028125
185567,0.05028125
77457,0.05028125
94851,0.05028125
50023,0.05028125
67697,0.05028125
130367,0.05028125
108476,0.05028125
187307,0.05028125
87045,0.05028125
143420,0.05028125
98138,0.05028125
41919,0.05028125
107045,0.05028125
104296,0.05028125
71083,0.05028125
32422,0.05028125
189418,0.05028125
146861,0.05028125
55830,0.05028125
47071,0.05028125
134384,0.05028125
105426,0.05028125
179864,0.05028125
80521,0.05028125
166092,0.05028125
124533,0.05028125
142625,0.05028125
111072,0.05028125
176556,0.05028125
140135,0.05028125
77296,0.05028125
5200,0.05028125
91417,0.05028125
151614,0.05028125
186709,0.05028125
62599,0.05028125
129015,0.05028125
17392,0.05028125
59323,0.05028125
852,0.05028125
65631,0.05028125
142726,0.05028125
139358,0.05028125
191640,0.05028125
74707,0.05028125
136024,0.05028125
73978,0.05028125
13975,0.05028125
4633,0.05028125
169184,0.05028125
7838,0.05028125
7610,0.05028125
146275,0.05028125
198404,0.05028125
113298,0.05028125
81179,0.05028125
191970,0.05028125
72392,0.05028125
15650,0.05028125
155051,0.05028125
62345,0.05028125
28761,0.05028125
32479,0.05028125
23354,0.05028125
50300,0.05028125
63893,0.05028125
173370,0.05028125
131143,0.05028125
30565,0.05028125
84040,0.05028125
149308,0.05028125
64573,0.05028125
104646,0.05028125
20923,0.05028125
105954,0.05028125
121018,0.05028125
3614,0.05028125
30877,0.05028125
134685,0.05028125
132367,0.05028125
145117,0.05028125
182659,0.05028125
136647,0.05028125
16671,0.05028125
119352,0.05028125
127854,0.05028125
126121,0.05028125
61984,0.05028125
44762,0.05028125
139414,0.05028125
88029,0.05028125
17646,0.05028125
66739,0.05028125
191574,0.05028125
154772,0.05028125
93262,0.05028125
59693,0.05028125
86372,0.05028125
138489,0.05028125
28552,0.05028125
149748,0.05028125
194655,0.05028125
127830,0.05028125
194797,0.05028125
172635,0.05028125
67753,0.05028125
34113,0.05028125
61016,0.05028125
30025,0.05028125
108406,0.05028125
111181,0.05028125
30456,0.05028125
156618,0.05028125
88493,0.05028125
107467,0.05028125
15232,0.05028125
186771,0.05028125
190883,0.05028125
144221,0.05028125
6101,0.05028125
95850,0.05028125
192376,0.05028125
120616,0.05028125
129338,0.05028125
127367,0.05028125
148250,0.05028125
131491,0.05028125
119320,0.05028125
58053,0.05028125
105246,0.05028125
111233,0.05028125
165881,0.05028125
31499,0.05028125
63901,0.05028125
12115,0.05028125
3420,0.05028125
23197,0.05028125
3612,0.05028125
157476,0.05028125
186615,0.05028125
199713,0.05028125
35998,0.05028125
22807,0.05028125
111615,0.05028125
126497,0.05028125
16254,0.05028125
37810,0.05028125
179578,0.05028125
144743,0.05028125
108562,0.05028125
173103,0.05028125
148656,0.05028125
120440,0.05028125
56010,0.05028125
4667,0.05028125
11190,0.05028125
4001,0.05028125
165129,0.05028125
150588,0.05028125
93040,0.05028125
199299,0.05028125
100171,0.05028125
153532,0.05028125
61182,0.05028125
14748,0.05028125
15539,0.05028125
21278,0.05028125
71417,0.05028125
115087,0.05028125
97168,0.05028125
102773,0.05028125
192455,0.05028125
73181,0.05028125
15845,0.05028125
110343,0.05028125
57225,0.05028125
8245,0.05028125
25500,0.05028125
130228,0.05028125
136512,0.05028125
15985,0.05028125
36958,0.05028125
90476,0.05028125
186982,0.05028125
179932,0.05028125
83094,0.05028125
33790,0.05028125
50067,0.05028125
156865,0.05028125
73459,0.05028125
65202,0.05028125
66367,0.05028125
109319,0.05028125
84848,0.05028125
192710,0.05028125
34142,0.05028125
115092,0.05028125
49835,0.05028125
135279,0.05028125
170002,0.05028125
1094,0.05028125
66676,0.05028125
4104,0.05028125
147960,0.05028125
148885,0.05028125
142760,0.05028125
24529,0.05028125
171342,0.05028125
115297,0.05028125
196312,0.05028125
39769,0.05028125
36272,0.05028125
47018,0.05028125
185669,0.05028125
187937,0.05028125
11468,0.05028125
127385,0.05028125
199897,0.05028125
170922,0.05028125
12032,0.05028125
28216,0.05028125
12662,0.05028125
5150,0.05028125
100809,0.05028125
89760,0.05028125
99071,0.05028125
189278,0.05028125
74488,0.05028125
43605,0.05028125
87241,0.05028125
191254,0.05028125
54284,0.05028125
110712,0.05028125
85474,0.05028125
162809,0.05028125
79667,0.05028125
53789,0.05028125
194809,0.05028125
174240,0.05028125
158051,0.05028125
95337,0.05028125
125648,0.05028125
34768,0.05028125
199323,0.05028125
177262,0.05028125
105909,0.05028125
184,0.05028125
29057,0.05028125
148262,0.05028125
163044,0.05028125
39385,0.05028125
28780,0.05028125
60102,0.05028125
107519,0.05028125
102747,0.05028125
25737,0.05028125
139731,0.05028125
77465,0.05028125
164065,0.05028125
80706,0.05028125
160452,0.05028125
20761,0.05028125
127325,0.05028125
144276,0.05028125
93163,0.05028125
5600,0.05028125
145104,0.05028125
111240,0.05028125
17710,0.05028125
118351,0.05028125
177799,0.05028125
51051,0.05028125
10393,0.05028125
120828,0.05028125
191442,0.05028125
481,0.05028125
37690,0.05028125
174114,0.05028125
16176,0.05028125
148301,0.05028125
85337,0.05028125
125411,0.05028125
109809,0.05028125
82175,0.05028125
93920,0.05028125
169415,0.05028125
98187,0.05028125
187802,0.05028125
66657,0.05028125
26771,0.05028125
197685,0.05028125
163609,0.05028125
130586,0.05028125
169215,0.05028125
189184,0.05028125
89442,0.05028125
66339,0.05028125
85746,0.05028125
1963,0.05028125
194715,0.05028125
72109,0.05028125
36962,0.05028125
86235,0.05028125
184170,0.05028125
18788,0.05028125
116728,0.05028125
167666,0.05028125
22408,0.05028125
21867,0.05028125
186910,0.05028125
109915,0.05028125
38007,0.05028125
121130,0.05028125
51823,0.05028125
55472,0.05028125
192676,0.05028125
65165,0.05028125
77552,0.05028125
66324,0.05028125
79364,0.05028125
82778,0.05028125
172005,0.05028125
141717,0.05028125
185485,0.05028125
92920,0.05028125
9939,0.05028125
186627,0.05028125
116961,0.05028125
39581,0.05028125
182522,0.05028125
92512,0.05028125
89341,0.05028125
34231,0.05028125
130842,0.05028125
166834,0.05028125
96070,0.05028125
9196,0.05028125
40369,0.05028125
74615,0.05028125
37282,0.05028125
109441,0.05028125
114303,0.05028125
43300,0.05028125
131333,0.05028125
20234,0.05028125
30077,0.05028125
185074,0.05028125
113836,0.05028125
148481,0.05028125
198208,0.05028125
10985,0.05028125
134527,0.05028125
40437,0.05028125
76592,0.05028125
199461,0.05028125
120039,0.05028125
16458,0.05028125
20194,0.05028125
126924,0.05028125
24723,0.05028125
45604,0.05028125
33567,0.05028125
181725,0.05028125
123625,0.05028125
98827,0.05028125
187538,0.05028125
150680,0.05028125
132878,0.05028125
45916,0.05028125
199862,0.05028125
36971,0.05028125
77404,0.05028125
18119,0.05028125
172399,0.05028125
158488,0.05028125
79033,0.05028125
73389,0.05028125
118743,0.05028125
91753,0.05028125
37381,0.05028125
37153,0.05028125
184358,0.05028125
190213,0.05028125
143336,0.05028125
30495,0.05028125
150303,0.05028125
122731,0.05028125
131811,0.05028125
37106,0.05028125
67887,0.05028125
23956,0.05028125
186111,0.05028125
41861,0.05028125
42455,0.05028125
125266,0.05028125
117344,0.05028125
155135,0.05028125
32160,0.05028125
14008,0.05028125
95616,0.05028125
70501,0.05028125
34623,0.05028125
177155,0.05028125
197269,0.05028125
37248,0.05028125
191672,0.05028125
21491,0.05028125
129397,0.05028125
14642,0.05028125
20141,0.05028125
83963,0.05028125
141194,0.05028125
22793,0.05028125
71330,0.05028125
33320,0.05028125
156818,0.05028125
73845,0.05028125
185984,0.05028125
74115,0.05028125
54684,0.05028125
188466,0.05028125
31823,0.05028125
59213,0.05028125
28395,0.05028125
94665,0.05028125
142427,0.05028125
187472,0.05028125
190568,0.05028125
109925,0.05028125
13397,0.05028125
68636,0.05028125
91737,0.05028125
157932,0.05028125
29863,0.05028125
167089,0.05028125
85141,0.05028125
131310,0.05028125
72863,0.05028125
9221,0.05028125
193873,0.05028125
122556,0.05028125
94619,0.05028125
85672,0.05028125
131568,0.05028125
144267,0.05028125
53491,0.05028125
21448,0.05028125
45884,0.05028125
63319,0.05028125
138945,0.05028125
179319,0.05028125
109266,0.05028125
56483,0.05028125
19571,0.05028125
195265,0.05028125
115551,0.05028125
157075,0.05028125
157558,0.05028125
122482,0.05028125
150387,0.05028125
34463,0.05028125
152466,0.05028125
85831,0.05028125
66946,0.05028125
46905,0.05028125
177607,0.05028125
131882,0.05028125
129302,0.05028125
180692,0.05028125
4648,0.05028125
55317,0.05028125
58660,0.05028125
18534,0.05028125
115231,0.05028125
194611,0.05028125
19021,0.05028125
145169,0.05028125
78339,0.05028125
138316,0.05028125
137555,0.05028125
177723,0.05028125
198590,0.05028125
156899,0.05028125
78338,0.05028125
127815,0.05028125
153580,0.05028125
116452,0.05028125
22690,0.05028125
157754,0.05028125
157141,0.05028125
141962,0.05028125
156470,0.05028125
107611,0.05028125
44857,0.05028125
147296,0.05028125
172708,0.05028125
190661,0.05028125
122750,0.05028125
59036,0.05028125
35892,0.05028125
76633,0.05028125
179703,0.05028125
37202,0.05028125
71750,0.05028125
29501,0.05028125
198116,0.05028125
102990,0.05028125
84007,0.05028125
52375,0.05028125
141392,0.05028125
184810,0.05028125
56935,0.05028125
110893,0.05028125
35500,0.05028125
112317,0.05028125
27043,0.05028125
100656,0.05028125
181277,0.05028125
189539,0.05028125
102113,0.05028125
154657,0.05028125
90301,0.05028125
174491,0.05028125
71646,0.05028125
16486,0.05028125
187703,0.05028125
76742,0.05028125
63560,0.05028125
146175,0.05028125
155492,0.05028125
183400,0.05028125
37042,0.05028125
67075,0.05028125
31885,0.05028125
33148,0.05028125
69351,0.05028125
150087,0.05028125
142656,0.05028125
83235,0.05028125
93779,0.05028125
167696,0.05028125
13690,0.05028125
72967,0.05028125
102099,0.05028125
137978,0.05028125
22824,0.05028125
71143,0.05028125
5673,0.05028125
184322,0.05028125
94087,0.05028125
101960,0.05028125
58563,0.05028125
71583,0.05028125
149320,0.05028125
35299,0.05028125
47407,0.05028125
6441,0.05028125
167676,0.05028125
73832,0.05028125
42353,0.05028125
65476,0.05028125
156676,0.05028125
189236,0.05028125
37122,0.05028125
50747,0.05028125
150445,0.05028125
43101,0.05028125
138235,0.05028125
115926,0.05028125
159035,0.05028125
114839,0.05028125
60870,0.05028125
187907,0.05028125
99251,0.05028125
185354,0.05028125
129985,0.05028125
198505,0.05028125
20668,0.05028125
144281,0.05028125
109682,0.05028125
84173,0.05028125
97100,0.05028125
123711,0.05028125
119698,0.05028125
188670,0.05028125
60453,0.05028125
154045,0.05028125
81758,0.05028125
185299,0.05028125
197316,0.05028125
16180,0.05028125
166745,0.05028125
28935,0.05028125
59771,0.05028125
144482,0.05028125
53744,0.05028125
40172,0.05028125
27924,0.05028125
181680,0.05028125
38456,0.05028125
124451,0.05028125
80285,0.05028125
15169,0.05028125
95110,0.05028125
198437,0.05028125
177205,0.05028125
158273,0.05028125
51029,0.05028125
56687,0.05028125
87999,0.05028125
30159,0.05028125
85426,0.05028125
38818,0.05028125
110134,0.05028125
192585,0.05028125
4452,0.05028125
48563,0.05028125
193719,0.05028125
66051,0.05028125
152095,0.05028125
189337,0.05028125
27117,0.05028125
25942,0.05028125
55536,0.05028125
149395,0.05028125
10261,0.05028125
129138,0.05028125
30255,0.05028125
58187,0.05028125
139405,0.05028125
114893,0.05028125
166734,0.05028125
90464,0.05028125
99093,0.05028125
31922,0.05028125
58006,0.05028125
18482,0.05028125
93969,0.05028125
137260,0.05028125
146516,0.05028125
6790,0.05028125
26795,0.05028125
145726,0.05028125
138353,0.05028125
9428,0.05028125
60245,0.05028125
171714,0.05028125
52795,0.05028125
125945,0.05028125
171917,0.05028125
148864,0.05028125
49369,0.05028125
28234,0.05028125
169313,0.05028125
99999,0.05028125
47067,0.05028125
64349,0.05028125
134595,0.05028125
179104,0.05028125
24075,0.05028125
25292,0.05028125
148875,0.05028125
72909,0.05028125
102042,0.05028125
111925,0.05028125
77064,0.05028125
143112,0.05028125
37516,0.05028125
9073,0.05028125
21524,0.05028125
81614,0.05028125
156129,0.05028125
3137,0.05028125
71113,0.05028125
115015,0.05028125
133972,0.05028125
136515,0.05028125
132722,0.05028125
183189,0.05028125
199391,0.05028125
37971,0.05028125
129851,0.05028125
104874,0.05028125
88002,0.05028125
153751,0.05028125
49583,0.05028125
170253,0.05028125
83633,0.05028125
132956,0.05028125
124647,0.05028125
18828,0.05028125
149036,0.05028125
197909,0.05028125
194505,0.05028125
60075,0.05028125
197932,0.05028125
144247,0.05028125
140056,0.05028125
81424,0.05028125
34470,0.05028125
185337,0.05028125
113323,0.05028125
140615,0.05028125
125072,0.05028125
153794,0.05028125
23244,0.05028125
776,0.05028125
105682,0.05028125
69801,0.05028125
28762,0.05028125
96321,0.05028125
36251,0.05028125
71101,0.05028125
98095,0.05028125
46079,0.05028125
70282,0.05028125
113233,0.05028125
14740,0.05028125
106385,0.05028125
38345,0.05028125
120783,0.05028125
182799,0.05028125
57956,0.05028125
105488,0.05028125
73104,0.05028125
32567,0.05028125
135213,0.05028125
119783,0.05028125
71047,0.05028125
73497,0.05028125
147654,0.05028125
124256,0.05028125
197972,0.05028125
44480,0.05028125
8726,0.05028125
154375,0.05028125
104068,0.05028125
19304,0.05028125
26157,0.05028125
45744,0.05028125
111819,0.05028125
3668,0.05028125
115098,0.05028125
160955,0.05028125
46731,0.05028125
146139,0.05028125
103347,0.05028125
137833,0.05028125
85440,0.05028125
56995,0.05028125
147581,0.05028125
78771,0.05028125
46247,0.05028125
58632,0.05028125
149342,0.05028125
171448,0.05028125
45273,0.05028125
46916,0.05028125
178735,0.05028125
172827,0.05028125
46249,0.05028125
118958,0.05028125
24794,0.05028125
113847,0.05028125
156294,0.05028125
126959,0.05028125
34334,0.05028125
114114,0.05028125
14323,0.05028125
91376,0.05028125
25330,0.05028125
106200,0.05028125
81516,0.05028125
168258,0.05028125
143572,0.05028125
53774,0.05028125
85244,0.05028125
79909,0.05028125
193990,0.05028125
15753,0.05028125
74092,0.05028125
83189,0.05028125
102417,0.05028125
83510,0.05028125
107941,0.05028125
131833,0.05028125
1027,0.05028125
187680,0.05028125
63194,0.05028125
99838,0.05028125
90611,0.05028125
4294,0.05028125
175660,0.05028125
86964,0.05028125
193913,0.05028125
76554,0.05028125
18968,0.05028125
121139,0.05028125
14185,0.05028125
118256,0.05028125
34405,0.05028125
122386,0.05028125
48342,0.05028125
156896,0.05028125
92369,0.05028125
2721,0.05028125
90483,0.05028125
98483,0.05028125
60922,0.05028125
55946,0.05028125
97576,0.05028125
95064,0.05028125
2769,0.05028125
83548,0.05028125
188473,0.05028125
198678,0.05028125
155386,0.05028125
81577,0.05028125
47350,0.05028125
177141,0.05028125
52852,0.05028125
164365,0.05028125
132864,0.05028125
2231,0.05028125
105171,0.05028125
52991,0.05028125
129456,0.05028125
95465,0.05028125
41007,0.05028125
180178,0.05028125
37400,0.05028125
161212,0.05028125
48713,0.05028125
175149,0.05028125
158305,0.05028125
193748,0.05028125
53924,0.05028125
95921,0.05028125
58282,0.05028125
179403,0.05028125
155208,0.05028125
43608,0.05028125
13970,0.05028125
186901,0.05028125
21875,0.05028125
47359,0.05028125
166740,0.05028125
56527,0.05028125
11068,0.05028125
57753,0.05028125
154568,0.05028125
43758,0.05028125
15284,0.05028125
22472,0.05028125
128380,0.05028125
195709,0.05028125
10540,0.05028125
111751,0.05028125
198064,0.05028125
15728,0.05028125
15931,0.05028125
168021,0.05028125
192304,0.05028125
109315,0.05028125
126816,0.05028125
23928,0.05028125
62823,0.05028125
113801,0.05028125
159168,0.05028125
45997,0.05028125
40061,0.05028125
185441,0.05028125
68501,0.05028125
104,0.05028125
37587,0.05028125
196314,0.05028125
151937,0.05028125
98473,0.05028125
55687,0.05028125
118071,0.05028125
119200,0.05028125
152236,0.05028125
14112,0.05028125
135961,0.05028125
42772,0.05028125
120047,0.05028125
25108,0.05028125
148998,0.05028125
27908,0.05028125
43902,0.05028125
161483,0.05028125
29081,0.05028125
146100,0.05028125
112507,0.05028125
147711,0.05028125
12902,0.05028125
76468,0.05028125
198233,0.05028125
5203,0.05028125
41398,0.05028125
82396,0.05028125
84034,0.05028125
49327,0.05028125
110185,0.05028125
133092,0.05028125
145906,0.05028125
99376,0.05028125
89561,0.05028125
192354,0.05028125
115377,0.05028125
188457,0.05028125
153624,0.05028125
37641,0.05028125
126347,0.05028125
114716,0.05028125
32901,0.05028125
673,0.05028125
160455,0.05028125
67254,0.05028125
27257,0.05028125
188667,0.05028125
34741,0.05028125
7411,0.05028125
91665,0.05028125
132458,0.05028125
49901,0.05028125
10651,0.05028125
33805,0.05028125
32254,0.05028125
112897,0.05028125
159818,0.05028125
134448,0.05028125
72475,0.05028125
116503,0.05028125
101885,0.05028125
19567,0.05028125
13901,0.05028125
10744,0.05028125
37964,0.05028125
140658,0.05028125
12797,0.05028125
110373,0.05028125
94449,0.05028125
148289,0.05028125
34165,0.05028125
130154,0.05028125
147757,0.05028125
127199,0.05028125
63690,0.05028125
189542,0.05028125
132891,0.05028125
32469,0.05028125
24859,0.05028125
61662,0.05028125
3635,0.05028125
7800,0.05028125
117891,0.05028125
155628,0.05028125
140560,0.05028125
64158,0.05028125
144930,0.05028125
78814,0.05028125
164903,0.05028125
3974,0.05028125
150097,0.05028125
22983,0.05028125
168812,0.05028125
37771,0.05028125
163035,0.05028125
1150,0.05028125
165626,0.05028125
156342,0.05028125
199826,0.05028125
7488,0.05028125
28308,0.05028125
196030,0.05028125
40290,0.05028125
117428,0.05028125
17888,0.05028125
198434,0.05028125
198014,0.05028125
111633,0.05028125
86920,0.05028125
169247,0.05028125
16555,0.05028125
103505,0.05028125
94880,0.05028125
13882,0.05028125
128014,0.05028125
101372,0.05028125
17430,0.05028125
117288,0.05028125
129,0.05028125
89991,0.05028125
15211,0.05028125
22316,0.05028125
160810,0.05028125
172621,0.05028125
125585,0.05028125
94534,0.05028125
145011,0.05028125
48497,0.05028125
190975,0.05028125
191602,0.05028125
78399,0.05028125
115682,0.05028125
110368,0.05028125
113471,0.05028125
81219,0.05028125
37523,0.05028125
126555,0.05028125
148060,0.05028125
69648,0.05028125
36113,0.05028125
34039,0.05028125
193781,0.05028125
162547,0.05028125
122255,0.05028125
98155,0.05028125
99878,0.05028125
117786,0.05028125
64167,0.05028125
100837,0.05028125
110715,0.05028125
148526,0.05028125
107653,0.05028125
7978,0.05028125
162212,0.05028125
23295,0.05028125
74043,0.05028125
167394,0.05028125
66021,0.05028125
101819,0.05028125
178568,0.05028125
3843,0.05028125
185932,0.05028125
99169,0.05028125
31061,0.05028125
198647,0.05028125
16907,0.05028125
114674,0.05028125
113410,0.05028125
133518,0.05028125
48055,0.05028125
182444,0.05028125
100347,0.05028125
175429,0.05028125
101903,0.05028125
9306,0.05028125
132593,0.05028125
101250,0.05028125
188335,0.05028125
118635,0.05028125
7640,0.05028125
106041,0.05028125
94674,0.05028125
198983,0.05028125
173497,0.05028125
39341,0.05028125
142313,0.05028125
111387,0.05028125
63760,0.05028125
166883,0.05028125
114389,0.05028125
53765,0.05028125
190086,0.05028125
13838,0.05028125
53267,0.05028125
93335,0.05028125
85726,0.05028125
149012,0.05028125
139905,0.05028125
124597,0.05028125
48782,0.05028125
89052,0.05028125
174985,0.05028125
93198,0.05028125
132638,0.05028125
5317,0.05028125
88619,0.05028125
54473,0.05028125
83234,0.05028125
78462,0.05028125
117865,0.05028125
193233,0.05028125
59731,0.05028125
157494,0.05028125
198282,0.05028125
134854,0.05028125
131516,0.05028125
42533,0.05028125
38928,0.05028125
74622,0.05028125
66402,0.05028125
120566,0.05028125
103556,0.05028125
146029,0.05028125
45246,0.05028125
66937,0.05028125
54810,0.05028125
52889,0.05028125
193494,0.05028125
58883,0.05028125
99640,0.05028125
49809,0.05028125
180237,0.05028125
91632,0.05028125
37027,0.05028125
56587,0.05028125
154122,0.05028125
3978,0.05028125
153126,0.05028125
63038,0.05028125
82378,0.05028125
67705,0.05028125
20864,0.05028125
174749,0.05028125
160362,0.05028125
95106,0.05028125
84089,0.05028125
149641,0.05028125
87228,0.05028125
20332,0.05028125
66256,0.05028125
168911,0.05028125
75604,0.05028125
145991,0.05028125
73735,0.05028125
119895,0.05028125
22244,0.05028125
163321,0.05028125
22920,0.05028125
40534,0.05028125
118689,0.05028125
138578,0.05028125
71134,0.05028125
151218,0.05028125
164963,0.05028125
52096,0.05028125
129881,0.05028125
19810,0.05028125
125158,0.05028125
111267,0.05028125
58135,0.05028125
175375,0.05028125
49917,0.05028125
28960,0.05028125
28721,0.05028125
41174,0.05028125
123913,0.05028125
190237,0.05028125
48205,0.05028125
131815,0.05028125
180936,0.05028125
160301,0.05028125
136013,0.05028125
145734,0.05028125
37677,0.05028125
2524,0.05028125
129067,0.05028125
199795,0.05028125
197147,0.05028125
37348,0.05028125
157174,0.05028125
69481,0.05028125
40094,0.05028125
169159,0.05028125
83591,0.05028125
28177,0.05028125
184746,0.05028125
174111,0.05028125
180520,0.05028125
36147,0.05028125
2360,0.05028125
121916,0.05028125
65145,0.05028125
17088,0.05028125
160637,0.05028125
199339,0.05028125
10169,0.05028125
96228,0.05028125
127153,0.05028125
71934,0.05028125
107812,0.05028125
2859,0.05028125
180535,0.05028125
83240,0.05028125
171282,0.05028125
145477,0.05028125
120457,0.05028125
76542,0.05028125
71542,0.05028125
39257,0.05028125
13535,0.05028125
31613,0.05028125
188073,0.05028125
145938,0.05028125
132562,0.05028125
81574,0.05028125
7744,0.05028125
48281,0.05028125
36014,0.05028125
140805,0.05028125
67838,0.05028125
73064,0.05028125
101084,0.05028125
40501,0.05028125
29351,0.05028125
14552,0.05028125
93508,0.05028125
175390,0.05028125
60152,0.05028125
25178,0.05028125
28054,0.05028125
150175,0.05028125
44435,0.05028125
63540,0.05028125
99201,0.05028125
191815,0.05028125
87313,0.05028125
95496,0.05028125
132771,0.05028125
184505,0.05028125
95548,0.05028125
163373,0.05028125
52483,0.05028125
130713,0.05028125
171543,0.05028125
90341,0.05028125
148086,0.05028125
108435,0.05028125
177067,0.05028125
40800,0.05028125
79785,0.05028125
99480,0.05028125
74817,0.05028125
9930,0.05028125
139156,0.05028125
152651,0.05028125
36520,0.05028125
191834,0.05028125
147704,0.05028125
121805,0.05028125
16026,0.05028125
8537,0.05028125
69124,0.05028125
42561,0.05028125
57601,0.05028125
6162,0.05028125
11008,0.05028125
34743,0.05028125
14587,0.05028125
26887,0.05028125
135037,0.05028125
177933,0.05028125
87394,0.05028125
157486,0.05028125
72669,0.05028125
198266,0.05028125
46052,0.05028125
38174,0.05028125
52442,0.05028125
194786,0.05028125
15286,0.05028125
54112,0.05028125
52673,0.05028125
132103,0.05028125
108433,0.05028125
146110,0.05028125
106346,0.05028125
95849,0.05028125
74510,0.05028125
4336,0.05028125
112537,0.05028125
121848,0.05028125
151604,0.05028125
22241,0.05028125
163314,0.05028125
122815,0.05028125
50348,0.05028125
193227,0.05028125
68205,0.05028125
17480,0.05028125
115804,0.05028125
12323,0.05028125
166844,0.05028125
53119,0.05028125
87476,0.05028125
111231,0.05028125
31447,0.05028125
97536,0.05028125
122624,0.05028125
195108,0.05028125
176221,0.05028125
27236,0.05028125
103918,0.05028125
64944,0.05028125
193253,0.05028125
192925,0.05028125
130997,0.05028125
95654,0.05028125
11312,0.05028125
76214,0.05028125
75695,0.05028125
2418,0.05028125
49426,0.05028125
171494,0.05028125
80472,0.05028125
89923,0.05028125
93922,0.05028125
134861,0.05028125
54128,0.05028125
106766,0.05028125
90755,0.05028125
70133,0.05028125
109572,0.05028125
125035,0.05028125
66804,0.05028125
43853,0.05028125
42637,0.05028125
91820,0.05028125
47079,0.05028125
78388,0.05028125
54823,0.05028125
168438,0.05028125
81625,0.05028125
192267,0.05028125
191507,0.05028125
65840,0.05028125
4337,0.05028125
6071,0.05028125
184003,0.05028125
113877,0.05028125
21698,0.05028125
52119,0.05028125
187713,0.05028125
123719,0.05028125
77265,0.05028125
54306,0.05028125
121121,0.05028125
4762,0.05028125
96911,0.05028125
45881,0.05028125
1936,0.05028125
142391,0.05028125
164035,0.05028125
135549,0.05028125
125966,0.05028125
48146,0.05028125
152863,0.05028125
196705,0.05028125
96628,0.05028125
155834,0.05028125
11602,0.05028125
153013,0.05028125
131122,0.05028125
57095,0.05028125
189137,0.05028125
63117,0.05028125
138091,0.05028125
59442,0.05028125
73068,0.05028125
10842,0.05028125
120774,0.05028125
159211,0.05028125
85425,0.05028125
42588,0.05028125
62366,0.05028125
140223,0.05028125
4311,0.05028125
15208,0.05028125
139637,0.05028125
158848,0.05028125
173991,0.05028125
125572,0.05028125
14061,0.05028125
129262,0.05028125
39169,0.05028125
187093,0.05028125
62958,0.05028125
89938,0.05028125
169003,0.05028125
127133,0.05028125
120951,0.05028125
3437,0.05028125
95147,0.05028125
53067,0.05028125
100231,0.05028125
191118,0.05028125
94555,0.05028125
13595,0.05028125
29225,0.05028125
140648,0.05028125
55475,0.05028125
34277,0.05028125
193358,0.05028125
117576,0.05028125
86233,0.05028125
30364,0.05028125
2792,0.05028125
21379,0.05028125
11421,0.05028125
156982,0.05028125
67097,0.05028125
11510,0.05028125
183930,0.05028125
143842,0.05028125
48961,0.05028125
130418,0.05028125
197800,0.05028125
182426,0.05028125
22450,0.05028125
19520,0.05028125
43696,0.05028125
52813,0.05028125
133809,0.05028125
165496,0.05028125
135694,0.05028125
43379,0.05028125
161654,0.05028125
186041,0.05028125
11160,0.05028125
29895,0.05028125
17066,0.05028125
145163,0.05028125
132900,0.05028125
75705,0.05028125
163982,0.05028125
181216,0.05028125
169401,0.05028125
59963,0.05028125
161134,0.05028125
120996,0.05028125
156845,0.05028125
53860,0.05028125
142617,0.05028125
52789,0.05028125
116908,0.05028125
126176,0.05028125
104989,0.05028125
29655,0.05028125
169339,0.05028125
67619,0.05028125
29216,0.05028125
167738,0.05028125
95314,0.05028125
8802,0.05028125
199462,0.05028125
117331,0.05028125
145250,0.05028125
125965,0.05028125
56779,0.05028125
10794,0.05028125
25272,0.05028125
56250,0.05028125
10203,0.05028125
183523,0.05028125
184531,0.05028125
5912,0.05028125
52134,0.05028125
144698,0.05028125
29274,0.05028125
194021,0.05028125
125633,0.05028125
51280,0.05028125
149209,0.05028125
20617,0.05028125
103114,0.05028125
73385,0.05028125
101395,0.05028125
56617,0.05028125
6791,0.05028125
121763,0.05028125
167872,0.05028125
177897,0.05028125
21877,0.05028125
63323,0.05028125
5331,0.05028125
48732,0.05028125
126259,0.05028125
32816,0.05028125
100317,0.05028125
62379,0.05028125
5080,0.05028125
78728,0.05028125
44194,0.05028125
193442,0.05028125
85686,0.05028125
32979,0.05028125
156963,0.05028125
77909,0.05028125
188942,0.05028125
160910,0.05028125
74785,0.05028125
44355,0.05028125
31048,0.05028125
107286,0.05028125
134266,0.05028125
30140,0.05028125
149674,0.05028125
45890,0.05028125
199319,0.05028125
136334,0.05028125
33911,0.05028125
122067,0.05028125
34828,0.05028125
198502,0.05028125
167140,0.05028125
88185,0.05028125
48589,0.05028125
58424,0.05028125
104041,0.05028125
102074,0.05028125
10655,0.05028125
38676,0.05028125
72112,0.05028125
22493,0.05028125
101451,0.05028125
14955,0.05028125
199477,0.05028125
174535,0.05028125
110222,0.05028125
11388,0.05028125
34564,0.05028125
131847,0.05028125
53323,0.05028125
24625,0.05028125
146194,0.05028125
31989,0.05028125
173380,0.05028125
189339,0.05028125
193468,0.05028125
6408,0.05028125
36078,0.05028125
151407,0.05028125
141390,0.05028125
123633,0.05028125
46413,0.05028125
42776,0.05028125
182911,0.05028125
92461,0.05028125
53706,0.05028125
114573,0.05028125
89275,0.05028125
49579,0.05028125
157238,0.05028125
66787,0.05028125
89982,0.05028125
177478,0.05028125
192334,0.05028125
28663,0.05028125
90512,0.05028125
172006,0.05028125
165433,0.05028125
192389,0.05028125
176008,0.05028125
88155,0.05028125
173418,0.05028125
193679,0.05028125
193170,0.05028125
64965,0.05028125
29248,0.05028125
31496,0.05028125
35037,0.05028125
110155,0.05028125
3845,0.05028125
197529,0.05028125
142737,0.05028125
60663,0.05028125
170004,0.05028125
15366,0.05028125
111195,0.05028125
3489,0.05028125
22644,0.05028125
134104,0.05028125
38769,0.05028125
103929,0.05028125
27442,0.05028125
183788,0.05028125
154508,0.05028125
128027,0.05028125
108962,0.05028125
38394,0.05028125
160324,0.05028125
105754,0.05028125
174671,0.05028125
166342,0.05028125
162841,0.05028125
197841,0.05028125
85088,0.05028125
186376,0.05028125
19466,0.05028125
43033,0.05028125
47147,0.05028125
141591,0.05028125
140523,0.05028125
94387,0.05028125
176574,0.05028125
106863,0.05028125
57647,0.05028125
48907,0.05028125
63020,0.05028125
154795,0.05028125
142153,0.05028125
77912,0.05028125
190451,0.05028125
23664,0.05028125
172605,0.05028125
40990,0.05028125
18871,0.05028125
143200,0.05028125
25470,0.05028125
17448,0.05028125
62796,0.05028125
97978,0.05028125
39285,0.05028125
30093,0.05028125
139373,0.05028125
66504,0.05028125
46518,0.05028125
70190,0.05028125
129028,0.05028125
70708,0.05028125
36216,0.05028125
61533,0.05028125
67610,0.05028125
54268,0.05028125
134630,0.05028125
174785,0.05028125
19678,0.05028125
85458,0.05028125
39955,0.05028125
171717,0.05028125
21219,0.05028125
38224,0.05028125
148298,0.05028125
63842,0.05028125
93145,0.05028125
152361,0.05028125
82474,0.05028125
163472,0.05028125
82729,0.05028125
194125,0.05028125
43081,0.05028125
23968,0.05028125
52830,0.05028125
195649,0.05028125
91544,0.05028125
175159,0.05028125
95255,0.05028125
102809,0.05028125
165562,0.05028125
152201,0.05028125
26024,0.05028125
172977,0.05028125
49507,0.05028125
154957,0.05028125
82785,0.05028125
1815,0.05028125
119604,0.05028125
181551,0.05028125
18140,0.05028125
16055,0.05028125
199263,0.05028125
91336,0.05028125
85166,0.05028125
1842,0.05028125
48966,0.05028125
27296,0.05028125
165551,0.05028125
51501,0.05028125
95814,0.05028125
143997,0.05028125
198507,0.05028125
131208,0.05028125
117739,0.05028125
48879,0.05028125
36628,0.05028125
93623,0.05028125
101331,0.05028125
105173,0.05028125
43254,0.05028125
199532,0.05028125
98708,0.05028125
101584,0.05028125
172945,0.05028125
182718,0.05028125
95218,0.05028125
165518,0.05028125
175976,0.05028125
32972,0.05028125
118828,0.05028125
21606,0.05028125
183038,0.05028125
166452,0.05028125
119663,0.05028125
153517,0.05028125
90288,0.05028125
73075,0.05028125
79454,0.05028125
53941,0.05028125
170644,0.05028125
129870,0.05028125
29588,0.05028125
46168,0.05028125
126213,0.05028125
178459,0.05028125
5632,0.05028125
932,0.05028125
38899,0.05028125
151377,0.05028125
54803,0.05028125
165447,0.05028125
174549,0.05028125
44107,0.05028125
46662,0.05028125
47822,0.05028125
122971,0.05028125
12985,0.05028125
60319,0.05028125
21596,0.05028125
176364,0.05028125
15622,0.05028125
56967,0.05028125
140951,0.05028125
24861,0.05028125
158564,0.05028125
27739,0.05028125
80280,0.05028125
184449,0.05028125
158722,0.05028125
60210,0.05028125
130614,0.05028125
144785,0.05028125
48658,0.05028125
112465,0.05028125
78989,0.05028125
122031,0.05028125
28718,0.05028125
137971,0.05028125
30003,0.05028125
13533,0.05028125
173951,0.05028125
23634,0.05028125
171918,0.05028125
124019,0.05028125
135761,0.05028125
137864,0.05028125
34862,0.05028125
165291,0.05028125
55622,0.05028125
136108,0.05028125
133938,0.05028125
188947,0.05028125
160210,0.05028125
143036,0.05028125
196756,0.05028125
136223,0.05028125
74395,0.05028125
160652,0.05028125
146791,0.05028125
126731,0.05028125
48076,0.05028125
167212,0.05028125
182808,0.05028125
118331,0.05028125
14912,0.05028125
5376,0.05028125
177138,0.05028125
58999,0.05028125
173177,0.05028125
107199,0.05028125
43181,0.05028125
9438,0.05028125
138223,0.05028125
47785,0.05028125
121790,0.05028125
168797,0.05028125
106839,0.05028125
49575,0.05028125
8861,0.05028125
26512,0.05028125
107121,0.05028125
19113,0.05028125
39818,0.05028125
193973,0.05028125
40991,0.05028125
154057,0.05028125
175004,0.05028125
134184,0.05028125
121149,0.05028125
58127,0.05028125
9055,0.05028125
100547,0.05028125
102606,0.05028125
72903,0.05028125
5094,0.05028125
22842,0.05028125
113716,0.05028125
101818,0.05028125
98862,0.05028125
118910,0.05028125
172965,0.05028125
35175,0.05028125
36935,0.05028125
154434,0.05028125
50013,0.05028125
14853,0.05028125
10107,0.05028125
189823,0.05028125
198510,0.05028125
11120,0.05028125
111187,0.05028125
139162,0.05028125
119659,0.05028125
169894,0.05028125
174066,0.05028125
2258,0.05028125
195786,0.05028125
124070,0.05028125
185649,0.05028125
16860,0.05028125
7309,0.05028125
119323,0.05028125
66474,0.05028125
54557,0.05028125
123221,0.05028125
46894,0.05028125
84892,0.05028125
2575,0.05028125
89681,0.05028125
184555,0.05028125
7506,0.05028125
11833,0.05028125
126173,0.05028125
80510,0.05028125
191613,0.05028125
28148,0.05028125
105967,0.05028125
163284,0.05028125
179830,0.05028125
131669,0.05028125
20365,0.05028125
147393,0.05028125
5031,0.05028125
52742,0.05028125
171646,0.05028125
144763,0.05028125
130534,0.05028125
1790,0.05028125
76665,0.05028125
27198,0.05028125
140303,0.05028125
162360,0.05028125
174889,0.05028125
95045,0.05028125
51035,0.05028125
31801,0.05028125
58691,0.05028125
116946,0.05028125
62404,0.05028125
66001,0.05028125
97434,0.05028125
125977,0.05028125
90616,0.05028125
101826,0.05028125
76327,0.05028125
75766,0.05028125
34394,0.05028125
106560,0.05028125
129822,0.05028125
154904,0.05028125
67169,0.05028125
78368,0.05028125
90214,0.05028125
153102,0.05028125
152325,0.05028125
133587,0.05028125
159458,0.05028125
86274,0.05028125
146317,0.05028125
12570,0.05028125
125502,0.05028125
125160,0.05028125
58192,0.05028125
60323,0.05028125
19746,0.05028125
194068,0.05028125
176790,0.05028125
156257,0.05028125
190433,0.05028125
84116,0.05028125
143399,0.05028125
48843,0.05028125
15839,0.05028125
151767,0.05028125
1302,0.05028125
94677,0.05028125
114279,0.05028125
49505,0.05028125
94042,0.05028125
106924,0.05028125
43402,0.05028125
114443,0.05028125
52346,0.05028125
99006,0.05028125
20511,0.05028125
187433,0.05028125
84790,0.05028125
180983,0.05028125
170423,0.05028125
197610,0.05028125
51330,0.05028125
186259,0.05028125
103206,0.05028125
66586,0.05028125
61083,0.05028125
179964,0.05028125
176754,0.05028125
176921,0.05028125
27579,0.05028125
110009,0.05028125
131236,0.05028125
15957,0.05028125
105858,0.05028125
81235,0.05028125
47228,0.05028125
147606,0.05028125
26859,0.05028125
9145,0.05028125
109001,0.05028125
10116,0.05028125
53518,0.05028125
139139,0.05028125
188057,0.05028125
17851,0.05028125
17550,0.05028125
99556,0.05028125
48249,0.05028125
144138,0.05028125
154672,0.05028125
157191,0.05028125
98617,0.05028125
81558,0.05028125
118884,0.05028125
132189,0.05028125
157215,0.05028125
84372,0.05028125
82362,0.05028125
16422,0.05028125
42580,0.05028125
83067,0.05028125
184050,0.05028125
158215,0.05028125
186558,0.05028125
126493,0.05028125
3458,0.05028125
1850,0.05028125
114086,0.05028125
179052,0.05028125
102392,0.05028125
133533,0.05028125
61308,0.05028125
166557,0.05028125
130405,0.05028125
191248,0.05028125
3515,0.05028125
86494,0.05028125
5509,0.05028125
141211,0.05028125
137449,0.05028125
129621,0.05028125
61727,0.05028125
44961,0.05028125
96469,0.05028125
137846,0.05028125
117002,0.05028125
130994,0.05028125
122178,0.05028125
41906,0.05028125
18343,0.05028125
176980,0.05028125
59184,0.05028125
153850,0.05028125
136715,0.05028125
169553,0.05028125
129458,0.05028125
154727,0.05028125
40514,0.05028125
151119,0.05028125
31511,0.05028125
31920,0.05028125
168527,0.05028125
67709,0.05028125
37164,0.05028125
8297,0.05028125
29596,0.05028125
106310,0.05028125
184366,0.05028125
17311,0.05028125
116633,0.05028125
135390,0.05028125
141372,0.05028125
170037,0.05028125
39565,0.05028125
121579,0.05028125
183727,0.05028125
1716,0.05028125
52945,0.05028125
128265,0.05028125
119831,0.05028125
162215,0.05028125
107701,0.05028125
172701,0.05028125
186416,0.05028125
98420,0.05028125
101154,0.05028125
186906,0.05028125
10839,0.05028125
80658,0.05028125
78057,0.05028125
76857,0.05028125
76334,0.05028125
41033,0.05028125
5413,0.05028125
72777,0.05028125
84527,0.05028125
192260,0.05028125
75732,0.05028125
47635,0.05028125
189070,0.05028125
167279,0.05028125
49411,0.05028125
107432,0.05028125
164375,0.05028125
199941,0.05028125
68395,0.05028125
187509,0.05028125
5488,0.05028125
41678,0.05028125
51248,0.05028125
16335,0.05028125
140725,0.05028125
60097,0.05028125
48808,0.05028125
100788,0.05028125
103438,0.05028125
112766,0.05028125
69173,0.05028125
137552,0.05028125
61816,0.05028125
8460,0.05028125
119065,0.05028125
196635,0.05028125
69202,0.05028125
49793,0.05028125
131178,0.05028125
150643,0.05028125
163441,0.05028125
59823,0.05028125
104065,0.05028125
188602,0.05028125
168056,0.05028125
197301,0.05028125
168111,0.05028125
79901,0.05028125
60281,0.05028125
128867,0.05028125
88477,0.05028125
159632,0.05028125
190416,0.05028125
137891,0.05028125
137830,0.05028125
37338,0.05028125
91185,0.05028125
54583,0.05028125
37177,0.05028125
63515,0.05028125
104277,0.05028125
148266,0.05028125
56754,0.05028125
161851,0.05028125
55897,0.05028125
3348,0.05028125
87227,0.05028125
72022,0.05028125
109524,0.05028125
95179,0.05028125
92443,0.05028125
186634,0.05028125
25047,0.05028125
70160,0.05028125
6979,0.05028125
71327,0.05028125
68287,0.05028125
183115,0.05028125
70203,0.05028125
94822,0.05028125
114727,0.05028125
14065,0.05028125
198541,0.05028125
45626,0.05028125
115931,0.05028125
78620,0.05028125
182880,0.05028125
195823,0.05028125
50371,0.05028125
50446,0.05028125
14749,0.05028125
126290,0.05028125
119715,0.05028125
48286,0.05028125
10633,0.05028125
188939,0.05028125
183053,0.05028125
72768,0.05028125
42551,0.05028125
151075,0.05028125
157706,0.05028125
85559,0.05028125
9699,0.05028125
189850,0.05028125
29365,0.05028125
6343,0.05028125
102030,0.05028125
39931,0.05028125
124548,0.05028125
30131,0.05028125
97552,0.05028125
30478,0.05028125
101334,0.05028125
83996,0.05028125
11452,0.05028125
31216,0.05028125
8981,0.05028125
12260,0.05028125
162733,0.05028125
163548,0.05028125
34693,0.05028125
28366,0.05028125
82477,0.05028125
68996,0.05028125
90505,0.05028125
57298,0.05028125
76104,0.05028125
136854,0.05028125
79980,0.05028125
167266,0.05028125
125967,0.05028125
136723,0.05028125
13094,0.05028125
116055,0.05028125
57770,0.05028125
151174,0.05028125
190997,0.05028125
15065,0.05028125
2405,0.05028125
105868,0.05028125
24954,0.05028125
97297,0.05028125
57431,0.05028125
17187,0.05028125
31049,0.05028125
99170,0.05028125
64586,0.05028125
96441,0.05028125
53006,0.05028125
116877,0.05028125
164431,0.05028125
39467,0.05028125
171284,0.05028125
139592,0.05028125
122783,0.05028125
189829,0.05028125
96573,0.05028125
11361,0.05028125
61749,0.05028125
181044,0.05028125
42095,0.05028125
117770,0.05028125
188886,0.05028125
97185,0.05028125
152800,0.05028125
84978,0.05028125
169175,0.05028125
165212,0.05028125
111093,0.05028125
5653,0.05028125
11451,0.05028125
112324,0.05028125
92187,0.05028125
124099,0.05028125
192055,0.05028125
194343,0.05028125
139486,0.05028125
187577,0.05028125
94278,0.05028125
183065,0.05028125
45616,0.05028125
101168,0.05028125
18830,0.05028125
59027,0.05028125
76491,0.05028125
189198,0.05028125
62110,0.05028125
132966,0.05028125
117290,0.05028125
69515,0.05028125
155589,0.05028125
110156,0.05028125
102894,0.05028125
56928,0.05028125
178478,0.05028125
164384,0.05028125
61953,0.05028125
97127,0.05028125
176197,0.05028125
3849,0.05028125
133098,0.05028125
148705,0.05028125
90019,0.05028125
183553,0.05028125
38793,0.05028125
37574,0.05028125
109149,0.05028125
70957,0.05028125
189819,0.05028125
90739,0.05028125
136650,0.05028125
122444,0.05028125
186855,0.05028125
86877,0.05028125
171825,0.05028125
197779,0.05028125
163713,0.05028125
20401,0.05028125
160231,0.05028125
119334,0.05028125
10961,0.05028125
157675,0.05028125
117764,0.05028125
176637,0.05028125
36440,0.05028125
165011,0.05028125
46331,0.05028125
197294,0.05028125
80008,0.05028125
52587,0.05028125
145643,0.05028125
33675,0.05028125
2178,0.05028125
117566,0.05028125
148637,0.05028125
172182,0.05028125
124072,0.05028125
43647,0.05028125
115206,0.05028125
40018,0.05028125
112986,0.05028125
106743,0.05028125
48811,0.05028125
68228,0.05028125
107550,0.05028125
74668,0.05028125
100170,0.05028125
48198,0.05028125
116142,0.05028125
57251,0.05028125
167239,0.05028125
142520,0.05028125
175601,0.05028125
75110,0.05028125
2904,0.05028125
35763,0.05028125
59531,0.05028125
43956,0.05028125
156877,0.05028125
144741,0.05028125
42738,0.05028125
191111,0.05028125
100624,0.05028125
41634,0.05028125
107314,0.05028125
54808,0.05028125
175501,0.05028125
130657,0.05028125
77313,0.05028125
148473,0.05028125
54800,0.05028125
92115,0.05028125
155575,0.05028125
99378,0.05028125
69656,0.05028125
116203,0.05028125
70757,0.05028125
68440,0.05028125
188225,0.05028125
159377,0.05028125
101665,0.05028125
134540,0.05028125
141853,0.05028125
124160,0.05028125
105054,0.05028125
25128,0.05028125
189649,0.05028125
43638,0.05028125
14567,0.05028125
33141,0.05028125
172879,0.05028125
24638,0.05028125
147435,0.05028125
12633,0.05028125
188187,0.05028125
129268,0.05028125
101891,0.05028125
81671,0.05028125
157427,0.05028125
105315,0.05028125
69375,0.05028125
25347,0.05028125
14281,0.05028125
127122,0.05028125
161040,0.05028125
23484,0.05028125
3514,0.05028125
105508,0.05028125
62089,0.05028125
152256,0.05028125
82976,0.05028125
102100,0.05028125
101871,0.05028125
63637,0.05028125
28709,0.05028125
19920,0.05028125
160378,0.05028125
185856,0.05028125
155975,0.05028125
145816,0.05028125
176910,0.05028125
144378,0.05028125
125439,0.05028125
63776,0.05028125
172800,0.05028125
37852,0.05028125
16991,0.05028125
31243,0.05028125
47410,0.05028125
104144,0.05028125
130818,0.05028125
17735,0.05028125
18628,0.05028125
119238,0.05028125
150021,0.05028125
142696,0.05028125
57392,0.05028125
78760,0.05028125
76897,0.05028125
79472,0.05028125
135535,0.05028125
109094,0.05028125
182962,0.05028125
85355,0.05028125
75833,0.05028125
197939,0.05028125
60847,0.05028125
142687,0.05028125
8878,0.05028125
109689,0.05028125
74121,0.05028125
45349,0.05028125
176480,0.05028125
15651,0.05028125
76757,0.05028125
170092,0.05028125
148538,0.05028125
188405,0.05028125
95749,0.05028125
72040,0.05028125
10577,0.05028125
139467,0.05028125
171625,0.05028125
48734,0.05028125
71082,0.05028125
182094,0.05028125
96819,0.05028125
109739,0.05028125
145876,0.05028125
92760,0.05028125
20392,0.05028125
34382,0.05028125
89469,0.05028125
188727,0.05028125
84391,0.05028125
53884,0.05028125
147489,0.05028125
101378,0.05028125
38181,0.05028125
188640,0.05028125
90764,0.05028125
160521,0.05028125
14183,0.05028125
123176,0.05028125
74995,0.05028125
192963,0.05028125
60087,0.05028125
65671,0.05028125
163352,0.05028125
138723,0.05028125
194817,0.05028125
213,0.05028125
95089,0.05028125
81264,0.05028125
198186,0.05028125
95798,0.05028125
73595,0.05028125
15030,0.05028125
36188,0.05028125
79652,0.05028125
43108,0.05028125
132836,0.05028125
12583,0.05028125
14175,0.05028125
176436,0.05028125
94207,0.05028125
41467,0.05028125
99421,0.05028125
65606,0.05028125
100104,0.05028125
12156,0.05028125
15075,0.05028125
1173,0.05028125
80219,0.05028125
55571,0.05028125
114695,0.05028125
104584,0.05028125
176033,0.05028125
184992,0.05028125
19408,0.05028125
9339,0.05028125
154493,0.05028125
168327,0.05028125
91734,0.05028125
139295,0.05028125
162779,0.05028125
173484,0.05028125
141017,0.05028125
183924,0.05028125
98202,0.05028125
27917,0.05028125
83163,0.05028125
96475,0.05028125
95418,0.05028125
191530,0.05028125
83271,0.05028125
153299,0.05028125
147756,0.05028125
140171,0.05028125
53492,0.05028125
129508,0.05028125
10212,0.05028125
86597,0.05028125
156457,0.05028125
163975,0.05028125
30901,0.05028125
142041,0.05028125
191532,0.05028125
44334,0.05028125
66576,0.05028125
99041,0.05028125
33432,0.05028125
30007,0.05028125
146165,0.05028125
99836,0.05028125
115922,0.05028125
115951,0.05028125
71561,0.05028125
23789,0.05028125
171971,0.05028125
131982,0.05028125
172596,0.05028125
138756,0.05028125
187973,0.05028125
138538,0.05028125
31392,0.05028125
89779,0.05028125
90736,0.05028125
102523,0.05028125
157927,0.05028125
139571,0.05028125
193393,0.05028125
126432,0.05028125
103874,0.05028125
182632,0.05028125
138089,0.05028125
138017,0.05028125
121126,0.05028125
165548,0.05028125
57443,0.05028125
75302,0.05028125
120018,0.05028125
152503,0.05028125
36973,0.05028125
152592,0.05028125
68319,0.05028125
129396,0.05028125
68554,0.05028125
29575,0.05028125
128272,0.05028125
110462,0.05028125
19296,0.05028125
100354,0.05028125
91428,0.05028125
17878,0.05028125
79766,0.05028125
18538,0.05028125
6671,0.05028125
80517,0.05028125
37804,0.05028125
69553,0.05028125
137204,0.05028125
139770,0.05028125
30787,0.05028125
29340,0.05028125
116161,0.05028125
110230,0.05028125
86364,0.05028125
91628,0.05028125
170028,0.05028125
146387,0.05028125
56207,0.05028125
164169,0.05028125
111464,0.05028125
71710,0.05028125
107584,0.05028125
152685,0.05028125
184419,0.05028125
101594,0.05028125
97518,0.05028125
93598,0.05028125
111692,0.05028125
19209,0.05028125
122745,0.05028125
113245,0.05028125
101338,0.05028125
173930,0.05028125
9424,0.05028125
74143,0.05028125
60744,0.05028125
60266,0.05028125
198049,0.05028125
41451,0.05028125
36012,0.05028125
40572,0.05028125
53718,0.05028125
190972,0.05028125
28214,0.05028125
161237,0.05028125
67539,0.05028125
100001,0.05028125
105728,0.05028125
94976,0.05028125
60793,0.05028125
159843,0.05028125
99284,0.05028125
152338,0.05028125
159460,0.05028125
76930,0.05028125
115869,0.05028125
14783,0.05028125
195069,0.05028125
116545,0.05028125
83902,0.05028125
81019,0.05028125
183387,0.05028125
146105,0.05028125
175910,0.05028125
902,0.05028125
121023,0.05028125
125900,0.05028125
60845,0.05028125
44772,0.05028125
32915,0.05028125
30795,0.05028125
27481,0.05028125
105373,0.05028125
51047,0.05028125
116349,0.05028125
90938,0.05028125
126515,0.05028125
195495,0.05028125
14003,0.05028125
117750,0.05028125
78320,0.05028125
20821,0.05028125
96421,0.05028125
114075,0.05028125
127267,0.05028125
142107,0.05028125
185054,0.05028125
11986,0.05028125
111806,0.05028125
65851,0.05028125
8319,0.05028125
60037,0.05028125
95834,0.05028125
36373,0.05028125
106655,0.05028125
94761,0.05028125
72997,0.05028125
124231,0.05028125
22364,0.05028125
92817,0.05028125
182264,0.05028125
113237,0.05028125
116555,0.05028125
127722,0.05028125
162084,0.05028125
148940,0.05028125
131043,0.05028125
192215,0.05028125
44997,0.05028125
145831,0.05028125
140136,0.05028125
181151,0.05028125
197090,0.05028125
117214,0.05028125
63024,0.05028125
18728,0.05028125
34435,0.05028125
19226,0.05028125
116117,0.05028125
73023,0.05028125
179718,0.05028125
82497,0.05028125
178120,0.05028125
3390,0.05028125
109381,0.05028125
132430,0.05028125
77327,0.05028125
60941,0.05028125
54075,0.05028125
92658,0.05028125
174457,0.05028125
174601,0.05028125
82759,0.05028125
41989,0.05028125
107526,0.05028125
193330,0.05028125
117664,0.05028125
110654,0.05028125
45979,0.05028125
149042,0.05028125
60007,0.05028125
197833,0.05028125
78658,0.05028125
141781,0.05028125
183521,0.05028125
163871,0.05028125
193465,0.05028125
91192,0.05028125
44626,0.05028125
14182,0.05028125
156168,0.05028125
68963,0.05028125
162393,0.05028125
82428,0.05028125
148684,0.05028125
3519,0.05028125
71992,0.05028125
70498,0.05028125
21295,0.05028125
24822,0.05028125
3069,0.05028125
96876,0.05028125
124511,0.05028125
72744,0.05028125
181961,0.05028125
78049,0.05028125
174449,0.05028125
124522,0.05028125
198217,0.05028125
123138,0.05028125
68572,0.05028125
20517,0.05028125
123331,0.05028125
120173,0.05028125
12311,0.05028125
197258,0.05028125
91346,0.05028125
126832,0.05028125
35208,0.05028125
137740,0.05028125
21432,0.05028125
140209,0.05028125
153543,0.05028125
45143,0.05028125
198351,0.05028125
61616,0.05028125
186605,0.05028125
197788,0.05028125
26700,0.05028125
42676,0.05028125
193327,0.05028125
165122,0.05028125
80274,0.05028125
78591,0.05028125
170846,0.05028125
166331,0.05028125
24291,0.05028125
82732,0.05028125
124904,0.05028125
182383,0.05028125
70143,0.05028125
49049,0.05028125
182429,0.05028125
13754,0.05028125
78114,0.05028125
177185,0.05028125
187482,0.05028125
35625,0.05028125
11716,0.05028125
123757,0.05028125
83771,0.05028125
30402,0.05028125
93477,0.05028125
35528,0.05028125
100921,0.05028125
39532,0.05028125
184579,0.05028125
96649,0.05028125
184200,0.05028125
90950,0.05028125
154905,0.05028125
10199,0.05028125
144050,0.05028125
112182,0.05028125
194865,0.05028125
159369,0.05028125
80078,0.05028125
180583,0.05028125
74262,0.05028125
88535,0.05028125
168889,0.05028125
192318,0.05028125
16429,0.05028125
109907,0.05028125
15801,0.05028125
175878,0.05028125
150945,0.05028125
26846,0.05028125
179101,0.05028125
44681,0.05028125
158924,0.05028125
26365,0.05028125
178869,0.05028125
64332,0.05028125
111769,0.05028125
160888,0.05028125
190598,0.05028125
4167,0.05028125
178947,0.05028125
72590,0.05028125
124580,0.05028125
30698,0.05028125
6018,0.05028125
178288,0.05028125
179140,0.05028125
54502,0.05028125
63798,0.05028125
151382,0.05028125
145160,0.05028125
190973,0.05028125
16416,0.05028125
64032,0.05028125
27660,0.05028125
173998,0.05028125
128002,0.05028125
83190,0.05028125
86403,0.05028125
155595,0.05028125
51812,0.05028125
1697,0.05028125
111607,0.05028125
182374,0.05028125
39564,0.05028125
7913,0.05028125
134741,0.05028125
111691,0.05028125
161874,0.05028125
64661,0.05028125
195171,0.05028125
52076,0.05028125
88894,0.05028125
164301,0.05028125
55037,0.05028125
169468,0.05028125
135765,0.05028125
88947,0.05028125
83979,0.05028125
156421,0.05028125
118633,0.05028125
108612,0.05028125
143583,0.05028125
174418,0.05028125
24672,0.05028125
93817,0.05028125
166613,0.05028125
73709,0.05028125
79657,0.05028125
55382,0.05028125
66309,0.05028125
147685,0.05028125
51709,0.05028125
51009,0.05028125
179050,0.05028125
136969,0.05028125
29364,0.05028125
55178,0.05028125
98709,0.05028125
111087,0.05028125
101396,0.05028125
38436,0.05028125
105847,0.05028125
162210,0.05028125
171098,0.05028125
53423,0.05028125
174631,0.05028125
152478,0.05028125
104132,0.05028125
139018,0.05028125
174559,0.05028125
58817,0.05028125
6802,0.05028125
72732,0.05028125
197872,0.05028125
116630,0.05028125
167902,0.05028125
149413,0.05028125
36730,0.05028125
103607,0.05028125
106372,0.05028125
91919,0.05028125
97430,0.05028125
102071,0.05028125
131398,0.05028125
27435,0.05028125
125387,0.05028125
31933,0.05028125
81325,0.05028125
177998,0.05028125
102049,0.05028125
15277,0.05028125
175093,0.05028125
79979,0.05028125
195167,0.05028125
530,0.05028125
143210,0.05028125
188957,0.05028125
160101,0.05028125
56949,0.05028125
65561,0.05028125
38186,0.05028125
12680,0.05028125
89381,0.05028125
86968,0.05028125
138483,0.05028125
58611,0.05028125
129353,0.05028125
5803,0.05028125
180421,0.05028125
80718,0.05028125
80842,0.05028125
170893,0.05028125
70901,0.05028125
177275,0.05028125
12196,0.05028125
137081,0.05028125
70449,0.05028125
194513,0.05028125
149601,0.05028125
8772,0.05028125
41728,0.05028125
150332,0.05028125
149626,0.05028125
49745,0.05028125
135095,0.05028125
92540,0.05028125
161597,0.05028125
35008,0.05028125
7552,0.05028125
16198,0.05028125
113126,0.05028125
130813,0.05028125
32044,0.05028125
187668,0.05028125
41361,0.05028125
119500,0.05028125
86078,0.05028125
13539,0.05028125
28595,0.05028125
84164,0.05028125
74371,0.05028125
174989,0.05028125
130039,0.05028125
153832,0.05028125
24163,0.05028125
17277,0.05028125
1165,0.05028125
127554,0.05028125
93628,0.05028125
147264,0.05028125
179339,0.05028125
101842,0.05028125
69998,0.05028125
167687,0.05028125
64225,0.05028125
36960,0.05028125
27148,0.05028125
13617,0.05028125
142710,0.05028125
36196,0.05028125
101951,0.05028125
76697,0.05028125
62852,0.05028125
182014,0.05028125
26031,0.05028125
128527,0.05028125
42953,0.05028125
79578,0.05028125
99080,0.05028125
13282,0.05028125
85327,0.05028125
68581,0.05028125
67512,0.05028125
95316,0.05028125
48640,0.05028125
178498,0.05028125
52213,0.05028125
42702,0.05028125
82937,0.05028125
71605,0.05028125
69593,0.05028125
156397,0.05028125
65568,0.05028125
103283,0.05028125
75437,0.05028125
75268,0.05028125
80438,0.05028125
74501,0.05028125
9887,0.05028125
156947,0.05028125
174002,0.05028125
82398,0.05028125
175988,0.05028125
190185,0.05028125
195834,0.05028125
34673,0.05028125
170050,0.05028125
78033,0.05028125
99886,0.05028125
55511,0.05028125
152316,0.05028125
147066,0.05028125
114010,0.05028125
118673,0.05028125
89611,0.05028125
190323,0.05028125
158149,0.05028125
4207,0.05028125
56078,0.05028125
33059,0.05028125
84544,0.05028125
198030,0.05028125
47691,0.05028125
191321,0.05028125
67088,0.05028125
43269,0.05028125
74863,0.05028125
52760,0.05028125
38854,0.05028125
6209,0.05028125
193864,0.05028125
138640,0.05028125
186588,0.05028125
69500,0.05028125
145781,0.05028125
54652,0.05028125
61036,0.05028125
8565,0.05028125
30553,0.05028125
195318,0.05028125
184968,0.05028125
162199,0.05028125
190391,0.05028125
163067,0.05028125
137857,0.05028125
35232,0.05028125
47979,0.05028125
28135,0.05028125
60455,0.05028125
50616,0.05028125
97346,0.05028125
86666,0.05028125
117884,0.05028125
51951,0.05028125
35300,0.05028125
196133,0.05028125
29313,0.05028125
48244,0.05028125
8005,0.05028125
118444,0.05028125
75547,0.05028125
117456,0.05028125
168338,0.05028125
53391,0.05028125
156824,0.05028125
22509,0.05028125
55420,0.05028125
63836,0.05028125
117149,0.05028125
98253,0.05028125
180014,0.05028125
46792,0.05028125
75339,0.05028125
40947,0.05028125
42285,0.05028125
49104,0.05028125
10689,0.05028125
34910,0.05028125
37589,0.05028125
114100,0.05028125
142389,0.05028125
47781,0.05028125
85522,0.05028125
141395,0.05028125
4787,0.05028125
71386,0.05028125
172426,0.05028125
7859,0.05028125
27666,0.05028125
33213,0.05028125
16367,0.05028125
153644,0.05028125
119978,0.05028125
197046,0.05028125
119388,0.05028125
69913,0.05028125
196727,0.05028125
169487,0.05028125
15414,0.05028125
23569,0.05028125
38652,0.05028125
75828,0.05028125
69698,0.05028125
195930,0.05028125
136757,0.05028125
196854,0.05028125
65282,0.05028125
50955,0.05028125
92141,0.05028125
128094,0.05028125
134400,0.05028125
35989,0.05028125
1577,0.05028125
3573,0.05028125
147036,0.05028125
69600,0.05028125
135111,0.05028125
184289,0.05028125
106686,0.05028125
153795,0.05028125
48624,0.05028125
117250,0.05028125
55372,0.05028125
136417,0.05028125
159582,0.05028125
32115,0.05028125
54864,0.05028125
89551,0.05028125
158962,0.05028125
80488,0.05028125
24771,0.05028125
62216,0.05028125
191661,0.05028125
32043,0.05028125
47718,0.05028125
113436,0.05028125
127357,0.05028125
62580,0.05028125
195477,0.05028125
87300,0.05028125
194030,0.05028125
187450,0.05028125
109357,0.05028125
113805,0.05028125
58369,0.05028125
71699,0.05028125
62501,0.05028125
91300,0.05028125
118960,0.05028125
35178,0.05028125
95468,0.05028125
168075,0.05028125
179875,0.05028125
193326,0.05028125
94773,0.05028125
12455,0.05028125
82970,0.05028125
120608,0.05028125
38890,0.05028125
12355,0.05028125
183600,0.05028125
47808,0.05028125
59926,0.05028125
191587,0.05028125
128202,0.05028125
56140,0.05028125
111856,0.05028125
132004,0.05028125
151708,0.05028125
163834,0.05028125
75722,0.05028125
187059,0.05028125
188081,0.05028125
109164,0.05028125
176670,0.05028125
173965,0.05028125
172778,0.05028125
164195,0.05028125
116165,0.05028125
167376,0.05028125
173968,0.05028125
87657,0.05028125
183033,0.05028125
142280,0.05028125
44747,0.05028125
138704,0.05028125
172737,0.05028125
100220,0.05028125
177827,0.05028125
141024,0.05028125
37812,0.05028125
65018,0.05028125
49844,0.05028125
7356,0.05028125
88057,0.05028125
92269,0.05028125
31357,0.05028125
11342,0.05028125
77310,0.05028125
83718,0.05028125
70838,0.05028125
19797,0.05028125
116341,0.05028125
181106,0.05028125
108963,0.05028125
168482,0.05028125
28715,0.05028125
62229,0.05028125
19070,0.05028125
55796,0.05028125
196606,0.05028125
9688,0.05028125
179943,0.05028125
3680,0.05028125
127080,0.05028125
33988,0.05028125
59679,0.05028125
146193,0.05028125
54012,0.05028125
52019,0.05028125
27147,0.05028125
149524,0.05028125
188899,0.05028125
91180,0.05028125
12861,0.05028125
163028,0.05028125
105469,0.05028125
70540,0.05028125
146186,0.05028125
164050,0.05028125
110363,0.05028125
160683,0.05028125
149210,0.05028125
166255,0.05028125
186463,0.05028125
97242,0.05028125
45061,0.05028125
108714,0.05028125
20116,0.05028125
36185,0.05028125
19696,0.05028125
154689,0.05028125
106629,0.05028125
33795,0.05028125
192026,0.05028125
97493,0.05028125
150933,0.05028125
100273,0.05028125
12846,0.05028125
27771,0.05028125
129950,0.05028125
2266,0.05028125
61165,0.05028125
163510,0.05028125
11626,0.05028125
56929,0.05028125
172809,0.05028125
54584,0.05028125
97363,0.05028125
185677,0.05028125
156517,0.05028125
28050,0.05028125
103695,0.05028125
26653,0.05028125
23790,0.05028125
102130,0.05028125
177343,0.05028125
101565,0.05028125
22758,0.05028125
31215,0.05028125
31552,0.05028125
112895,0.05028125
20283,0.05028125
77841,0.05028125
120420,0.05028125
171063,0.05028125
44282,0.05028125
138784,0.05028125
120981,0.05028125
134454,0.05028125
123038,0.05028125
162730,0.05028125
175497,0.05028125
104627,0.05028125
191349,0.05028125
91736,0.05028125
4611,0.05028125
94527,0.05028125
95786,0.05028125
166158,0.05028125
26852,0.05028125
73350,0.05028125
110582,0.05028125
126105,0.05028125
89136,0.05028125
71685,0.05028125
47235,0.05028125
20216,0.05028125
175869,0.05028125
115063,0.05028125
109672,0.05028125
170966,0.05028125
48228,0.05028125
178197,0.05028125
189149,0.05028125
23619,0.05028125
136410,0.05028125
174094,0.05028125
48034,0.05028125
53554,0.05028125
103519,0.05028125
142736,0.05028125
14450,0.05028125
175526,0.05028125
183920,0.05028125
137750,0.05028125
76767,0.05028125
144722,0.05028125
106279,0.05028125
99817,0.05028125
199378,0.05028125
96213,0.05028125
3689,0.05028125
157272,0.05028125
43038,0.05028125
94020,0.05028125
105572,0.05028125
187592,0.05028125
167994,0.05028125
75843,0.05028125
76410,0.05028125
31193,0.05028125
114582,0.05028125
63971,0.05028125
33306,0.05028125
86544,0.05028125
19048,0.05028125
118534,0.05028125
35429,0.05028125
167434,0.05028125
144773,0.05028125
142677,0.05028125
90741,0.05028125
51381,0.05028125
74123,0.05028125
171467,0.05028125
35144,0.05028125
52495,0.05028125
148168,0.05028125
66745,0.05028125
44012,0.05028125
86657,0.05028125
198161,0.05028125
175203,0.05028125
118749,0.05028125
118328,0.05028125
112296,0.05028125
158249,0.05028125
22144,0.05028125
64396,0.05028125
135426,0.05028125
8167,0.05028125
62098,0.05028125
58480,0.05028125
87016,0.05028125
51600,0.05028125
102439,0.05028125
83925,0.05028125
147434,0.05028125
31947,0.05028125
7013,0.05028125
192645,0.05028125
115700,0.05028125
62058,0.05028125
165280,0.05028125
50981,0.05028125
69372,0.05028125
187179,0.05028125
198784,0.05028125
29034,0.05028125
188700,0.05028125
78490,0.05028125
78600,0.05028125
92466,0.05028125
137345,0.05028125
129068,0.05028125
142638,0.05028125
118375,0.05028125
166875,0.05028125
73961,0.05028125
35631,0.05028125
104286,0.05028125
129001,0.05028125
80880,0.05028125
27617,0.05028125
123203,0.05028125
95382,0.05028125
178896,0.05028125
119079,0.05028125
196152,0.05028125
52970,0.05028125
186549,0.05028125
131159,0.05028125
181972,0.05028125
73657,0.05028125
107975,0.05028125
109439,0.05028125
17877,0.05028125
185657,0.05028125
27456,0.05028125
193058,0.05028125
163079,0.05028125
151085,0.05028125
136903,0.05028125
42916,0.05028125
5649,0.05028125
149538,0.05028125
136221,0.05028125
101175,0.05028125
196328,0.05028125
53116,0.05028125
181739,0.05028125
151014,0.05028125
186480,0.05028125
143470,0.05028125
128634,0.05028125
153375,0.05028125
79824,0.05028125
123938,0.05028125
117534,0.05028125
91724,0.05028125
152211,0.05028125
111696,0.05028125
52690,0.05028125
29457,0.05028125
163626,0.05028125
100225,0.05028125
150868,0.05028125
28548,0.05028125
158622,0.05028125
179047,0.05028125
164029,0.05028125
73453,0.05028125
39474,0.05028125
68782,0.05028125
43401,0.05028125
187489,0.05028125
78610,0.05028125
23179,0.05028125
87243,0.05028125
163055,0.05028125
106512,0.05028125
16442,0.05028125
105262,0.05028125
192854,0.05028125
109845,0.05028125
1122,0.05028125
198471,0.05028125
98570,0.05028125
36963,0.05028125
16305,0.05028125
44318,0.05028125
111570,0.05028125
31245,0.05028125
147886,0.05028125
56946,0.05028125
164789,0.05028125
98963,0.05028125
68980,0.05028125
5234,0.05028125
68318,0.05028125
56659,0.05028125
4661,0.05028125
95513,0.05028125
132745,0.05028125
31776,0.05028125
157144,0.05028125
58574,0.05028125
156018,0.05028125
49284,0.05028125
197071,0.05028125
32110,0.05028125
37735,0.05028125
78289,0.05028125
190078,0.05028125
21830,0.05028125
163938,0.05028125
94318,0.05028125
125912,0.05028125
179727,0.05028125
170192,0.05028125
199572,0.05028125
148088,0.05028125
14079,0.05028125
4204,0.05028125
142719,0.05028125
26714,0.05028125
131339,0.05028125
35036,0.05028125
73370,0.05028125
145833,0.05028125
106256,0.05028125
157248,0.05028125
73611,0.05028125
46222,0.05028125
125577,0.05028125
1293,0.05028125
55788,0.05028125
86025,0.05028125
124383,0.05028125
65755,0.05028125
9500,0.05028125
2558,0.05028125
77273,0.05028125
147079,0.05028125
191154,0.05028125
171855,0.05028125
64530,0.05028125
43320,0.05028125
5889,0.05028125
108827,0.05028125
26234,0.05028125
260,0.05028125
66667,0.05028125
71184,0.05028125
119085,0.05028125
75932,0.05028125
60952,0.05028125
122484,0.05028125
3102,0.05028125
98221,0.05028125
69201,0.05028125
137163,0.05028125
36724,0.05028125
47796,0.05028125
83841,0.05028125
56756,0.05028125
26966,0.05028125
150465,0.05028125
59214,0.05028125
195474,0.05028125
736,0.05028125
13513,0.05028125
111655,0.05028125
13343,0.05028125
109347,0.05028125
136593,0.05028125
103538,0.05028125
41148,0.05028125
156801,0.05028125
19926,0.05028125
70361,0.05028125
39418,0.05028125
165960,0.05028125
193293,0.05028125
34521,0.05028125
10294,0.05028125
120098,0.05028125
66254,0.05028125
35244,0.05028125
85736,0.05028125
27994,0.05028125
166628,0.05028125
186506,0.05028125
318,0.05028125
89860,0.05028125
163637,0.05028125
76674,0.05028125
199612,0.05028125
123266,0.05028125
96382,0.05028125
14598,0.05028125
92023,0.05028125
95202,0.05028125
5156,0.05028125
190207,0.05028125
127175,0.05028125
188308,0.05028125
126235,0.05028125
86949,0.05028125
172344,0.05028125
53055,0.05028125
66206,0.05028125
142575,0.05028125
186464,0.05028125
105569,0.05028125
167810,0.05028125
9979,0.05028125
97849,0.05028125
182960,0.05028125
149913,0.05028125
85602,0.05028125
132536,0.05028125
57775,0.05028125
16838,0.05028125
146112,0.05028125
71955,0.05028125
149751,0.05028125
11184,0.05028125
59802,0.05028125
29268,0.05028125
156558,0.05028125
155056,0.05028125
90298,0.05028125
185754,0.05028125
26086,0.05028125
143788,0.05028125
17875,0.05028125
91702,0.05028125
64733,0.05028125
32841,0.05028125
26021,0.05028125
130785,0.05028125
173521,0.05028125
55984,0.05028125
159416,0.05028125
124486,0.05028125
11827,0.05028125
179370,0.05028125
10144,0.05028125
113304,0.05028125
149038,0.05028125
1212,0.05028125
3031,0.05028125
41012,0.05028125
92293,0.05028125
70572,0.05028125
62103,0.05028125
152611,0.05028125
115103,0.05028125
158081,0.05028125
40257,0.05028125
131349,0.05028125
75583,0.05028125
155597,0.05028125
100126,0.05028125
157219,0.05028125
161035,0.05028125
172008,0.05028125
3386,0.05028125
158944,0.05028125
94036,0.05028125
183466,0.05028125
184758,0.05028125
167099,0.05028125
59005,0.05028125
42537,0.05028125
152170,0.05028125
37391,0.05028125
155803,0.05028125
100119,0.05028125
119605,0.05028125
168095,0.05028125
65118,0.05028125
38623,0.05028125
76588,0.05028125
156084,0.05028125
40414,0.05028125
78721,0.05028125
127258,0.05028125
90621,0.05028125
51144,0.05028125
162724,0.05028125
17786,0.05028125
177172,0.05028125
48637,0.05028125
114667,0.05028125
65040,0.05028125
93279,0.05028125
121678,0.05028125
39118,0.05028125
179483,0.05028125
189584,0.05028125
61751,0.05028125
126698,0.05028125
160563,0.05028125
123490,0.05028125
11929,0.05028125
11500,0.05028125
41389,0.05028125
50723,0.05028125
156049,0.05028125
46766,0.05028125
28208,0.05028125
75413,0.05028125
120219,0.05028125
131517,0.05028125
161662,0.05028125
119485,0.05028125
34648,0.05028125
55049,0.05028125
33579,0.05028125
18854,0.05028125
38913,0.05028125
4806,0.05028125
125347,0.05028125
97881,0.05028125
173416,0.05028125
118387,0.05028125
20671,0.05028125
32055,0.05028125
99342,0.05028125
100022,0.05028125
98215,0.05028125
58264,0.05028125
105137,0.05028125
104326,0.05028125
5391,0.05028125
131447,0.05028125
93548,0.05028125
136063,0.05028125
125225,0.05028125
121347,0.05028125
4703,0.05028125
178060,0.05028125
160966,0.05028125
62735,0.05028125
113679,0.05028125
87513,0.05028125
12494,0.05028125
20199,0.05028125
179606,0.05028125
41569,0.05028125
20624,0.05028125
131781,0.05028125
107382,0.05028125
20241,0.05028125
92064,0.05028125
186345,0.05028125
24539,0.05028125
36991,0.05028125
60680,0.05028125
143589,0.05028125
44891,0.05028125
192869,0.05028125
133795,0.05028125
196699,0.05028125
87527,0.05028125
79854,0.05028125
96045,0.05028125
110378,0.05028125
132839,0.05028125
173293,0.05028125
145588,0.05028125
94227,0.05028125
180203,0.05028125
99485,0.05028125
77579,0.05028125
83174,0.05028125
102205,0.05028125
107562,0.05028125
7057,0.05028125
91157,0.05028125
51676,0.05028125
47783,0.05028125
92786,0.05028125
10587,0.05028125
32840,0.05028125
173732,0.05028125
174853,0.05028125
164564,0.05028125
15545,0.05028125
102383,0.05028125
37394,0.05028125
37192,0.05028125
7281,0.05028125
198839,0.05028125
136539,0.05028125
53311,0.05028125
102058,0.05028125
125281,0.05028125
111293,0.05028125
188977,0.05028125
153700,0.05028125
195528,0.05028125
140128,0.05028125
154367,0.05028125
147010,0.05028125
172300,0.05028125
92001,0.05028125
144170,0.05028125
78967,0.05028125
74491,0.05028125
163323,0.05028125
58721,0.05028125
23983,0.05028125
190101,0.05028125
18220,0.05028125
107341,0.05028125
175738,0.05028125
95103,0.05028125
116262,0.05028125
133528,0.05028125
101984,0.05028125
82371,0.05028125
116399,0.05028125
48703,0.05028125
86576,0.05028125
172726,0.05028125
123027,0.05028125
96202,0.05028125
166195,0.05028125
21517,0.05028125
194041,0.05028125
132087,0.05028125
77485,0.05028125
56345,0.05028125
197737,0.05028125
96620,0.05028125
42469,0.05028125
102235,0.05028125
43864,0.05028125
93512,0.05028125
103847,0.05028125
3321,0.05028125
27112,0.05028125
188022,0.05028125
138253,0.05028125
54787,0.05028125
18146,0.05028125
182248,0.05028125
115622,0.05028125
95857,0.05028125
41719,0.05028125
193204,0.05028125
63339,0.05028125
58209,0.05028125
186459,0.05028125
188660,0.05028125
33811,0.05028125
24017,0.05028125
120711,0.05028125
80604,0.05028125
194279,0.05028125
30061,0.05028125
46963,0.05028125
4054,0.05028125
199184,0.05028125
185405,0.05028125
71747,0.05028125
143153,0.05028125
122836,0.05028125
63213,0.05028125
29791,0.05028125
48370,0.05028125
19271,0.05028125
196815,0.05028125
147096,0.05028125
178922,0.05028125
148888,0.05028125
154108,0.05028125
186368,0.05028125
149410,0.05028125
93855,0.05028125
15598,0.05028125
113036,0.05028125
77805,0.05028125
162117,0.05028125
29288,0.05028125
183132,0.05028125
157122,0.05028125
179704,0.05028125
118768,0.05028125
189661,0.05028125
128263,0.05028125
105812,0.05028125
112144,0.05028125
154548,0.05028125
126592,0.05028125
74029,0.05028125
110309,0.05028125
176704,0.05028125
30416,0.05028125
107421,0.05028125
76198,0.05028125
124718,0.05028125
87663,0.05028125
92912,0.05028125
112330,0.05028125
136303,0.05028125
83384,0.05028125
133770,0.05028125
65156,0.05028125
167972,0.05028125
136858,0.05028125
80033,0.05028125
61112,0.05028125
121914,0.05028125
100065,0.05028125
61683,0.05028125
22236,0.05028125
34152,0.05028125
149764,0.05028125
43828,0.05028125
83388,0.05028125
191380,0.05028125
71328,0.05028125
24871,0.05028125
78040,0.05028125
139814,0.05028125
179847,0.05028125
87750,0.05028125
44861,0.05028125
50068,0.05028125
197829,0.05028125
129995,0.05028125
168895,0.05028125
180482,0.05028125
102601,0.05028125
157195,0.05028125
45056,0.05028125
100695,0.05028125
164930,0.05028125
11501,0.05028125
139681,0.05028125
86522,0.05028125
162697,0.05028125
60924,0.05028125
171534,0.05028125
113365,0.05028125
7357,0.05028125
195792,0.05028125
28194,0.05028125
171830,0.05028125
169405,0.05028125
54475,0.05028125
20404,0.05028125
149597,0.05028125
30759,0.05028125
103286,0.05028125
56910,0.05028125
197595,0.05028125
41829,0.05028125
37033,0.05028125
168769,0.05028125
19403,0.05028125
34878,0.05028125
133711,0.05028125
107117,0.05028125
171327,0.05028125
70645,0.05028125
151605,0.05028125
137530,0.05028125
60758,0.05028125
130431,0.05028125
41334,0.05028125
96307,0.05028125
184398,0.05028125
13302,0.05028125
61469,0.05028125
192349,0.05028125
143124,0.05028125
76251,0.05028125
173720,0.05028125
25550,0.05028125
79061,0.05028125
167256,0.05028125
86460,0.05028125
115027,0.05028125
20137,0.05028125
154499,0.05028125
105327,0.05028125
195188,0.05028125
60754,0.05028125
181609,0.05028125
160468,0.05028125
51164,0.05028125
19758,0.05028125
33232,0.05028125
149836,0.05028125
51168,0.05028125
62369,0.05028125
71672,0.05028125
41300,0.05028125
74199,0.05028125
20421,0.05028125
18201,0.05028125
31342,0.05028125
172289,0.05028125
102826,0.05028125
45920,0.05028125
180864,0.05028125
96437,0.05028125
18460,0.05028125
134612,0.05028125
173321,0.05028125
140316,0.05028125
115422,0.05028125
51061,0.05028125
112327,0.05028125
133248,0.05028125
131353,0.05028125
23978,0.05028125
197693,0.05028125
125504,0.05028125
62150,0.05028125
127309,0.05028125
145491,0.05028125
23744,0.05028125
154720,0.05028125
165265,0.05028125
141052,0.05028125
54426,0.05028125
174087,0.05028125
14195,0.05028125
87708,0.05028125
28616,0.05028125
148007,0.05028125
94609,0.05028125
159871,0.05028125
78755,0.05028125
55855,0.05028125
164306,0.05028125
26830,0.05028125
12428,0.05028125
97547,0.05028125
161767,0.05028125
45413,0.05028125
69343,0.05028125
142798,0.05028125
72916,0.05028125
96124,0.05028125
42673,0.05028125
122403,0.05028125
24152,0.05028125
160876,0.05028125
18818,0.05028125
163100,0.05028125
159797,0.05028125
16883,0.05028125
34498,0.05028125
156523,0.05028125
104507,0.05028125
81780,0.05028125
4959,0.05028125
127999,0.05028125
156062,0.05028125
127068,0.05028125
171939,0.05028125
159629,0.05028125
11555,0.05028125
26276,0.05028125
146267,0.05028125
97591,0.05028125
193408,0.05028125
104493,0.05028125
41814,0.05028125
125007,0.05028125
105289,0.05028125
27932,0.05028125
179458,0.05028125
136915,0.05028125
27946,0.05028125
141762,0.05028125
160288,0.05028125
194332,0.05028125
178338,0.05028125
133666,0.05028125
76258,0.05028125
107853,0.05028125
67435,0.05028125
37479,0.05028125
119532,0.05028125
105740,0.05028125
199471,0.05028125
13545,0.05028125
52362,0.05028125
124590,0.05028125
146864,0.05028125
128134,0.05028125
78078,0.05028125
7456,0.05028125
118755,0.05028125
110532,0.05028125
103958,0.05028125
136679,0.05028125
132481,0.05028125
64393,0.05028125
48348,0.05028125
42116,0.05028125
154621,0.05028125
178991,0.05028125
97117,0.05028125
116532,0.05028125
161221,0.05028125
91787,0.05028125
8305,0.05028125
4234,0.05028125
147017,0.05028125
61826,0.05028125
148231,0.05028125
169221,0.05028125
113452,0.05028125
71645,0.05028125
9199,0.05028125
103592,0.05028125
9617,0.05028125
188372,0.05028125
119961,0.05028125
54119,0.05028125
155537,0.05028125
111413,0.05028125
124420,0.05028125
100457,0.05028125
181839,0.05028125
76163,0.05028125
46371,0.05028125
97585,0.05028125
110215,0.05028125
127900,0.05028125
34869,0.05028125
142217,0.05028125
77157,0.05028125
176901,0.05028125
80846,0.05028125
154126,0.05028125
89068,0.05028125
100344,0.05028125
69910,0.05028125
26323,0.05028125
163404,0.05028125
87550,0.05028125
35601,0.05028125
137236,0.05028125
89654,0.05028125
158979,0.05028125
89169,0.05028125
45589,0.05028125
112013,0.05028125
72612,0.05028125
175607,0.05028125
127958,0.05028125
132911,0.05028125
91318,0.05028125
176315,0.05028125
105331,0.05028125
167431,0.05028125
186834,0.05028125
105839,0.05028125
115673,0.05028125
31832,0.05028125
86170,0.05028125
107359,0.05028125
39709,0.05028125
67482,0.05028125
189446,0.05028125
39387,0.05028125
80020,0.05028125
18212,0.05028125
92045,0.05028125
62451,0.05028125
175632,0.05028125
137554,0.05028125
182292,0.05028125
127257,0.05028125
169062,0.05028125
47983,0.05028125
33200,0.05028125
30956,0.05028125
158178,0.05028125
158244,0.05028125
149890,0.05028125
53723,0.05028125
177680,0.05028125
144541,0.05028125
17282,0.05028125
47993,0.05028125
175975,0.05028125
100028,0.05028125
139136,0.05028125
55207,0.05028125
163074,0.05028125
140727,0.05028125
1955,0.05028125
172756,0.05028125
34959,0.05028125
196544,0.05028125
17080,0.05028125
61935,0.05028125
100026,0.05028125
12635,0.05028125
88162,0.05028125
119609,0.05028125
162947,0.05028125
163224,0.05028125
48877,0.05028125
1225,0.05028125
126045,0.05028125
48753,0.05028125
6640,0.05028125
153738,0.05028125
94117,0.05028125
63796,0.05028125
164316,0.05028125
20613,0.05028125
93783,0.05028125
182116,0.05028125
175806,0.05028125
154654,0.05028125
3018,0.05028125
27817,0.05028125
181110,0.05028125
159646,0.05028125
125247,0.05028125
53650,0.05028125
56806,0.05028125
97075,0.05028125
37884,0.05028125
61142,0.05028125
28942,0.05028125
91270,0.05028125
102616,0.05028125
179275,0.05028125
123196,0.05028125
113912,0.05028125
16518,0.05028125
83334,0.05028125
171550,0.05028125
160375,0.05028125
50498,0.05028125
27596,0.05028125
199739,0.05028125
14570,0.05028125
170246,0.05028125
166183,0.05028125
55403,0.05028125
46955,0.05028125
197994,0.05028125
23628,0.05028125
89905,0.05028125
101369,0.05028125
144583,0.05028125
134927,0.05028125
142618,0.05028125
30280,0.05028125
115085,0.05028125
5126,0.05028125
3944,0.05028125
64822,0.05028125
41786,0.05028125
162629,0.05028125
199018,0.05028125
17063,0.05028125
79041,0.05028125
105884,0.05028125
71433,0.05028125
24406,0.05028125
149444,0.05028125
66700,0.05028125
124605,0.05028125
140762,0.05028125
125553,0.05028125
115276,0.05028125
39789,0.05028125
797,0.05028125
67207,0.05028125
108707,0.05028125
56592,0.05028125
188109,0.05028125
165416,0.05028125
194536,0.05028125
103036,0.05028125
187153,0.05028125
157748,0.05028125
79031,0.05028125
161727,0.05028125
171536,0.05028125
33082,0.05028125
92484,0.05028125
50754,0.05028125
122952,0.05028125
120306,0.05028125
199276,0.05028125
18558,0.05028125
186779,0.05028125
178214,0.05028125
171323,0.05028125
113108,0.05028125
64184,0.05028125
163376,0.05028125
188543,0.05028125
158086,0.05028125
97188,0.05028125
129449,0.05028125
45429,0.05028125
186126,0.05028125
49938,0.05028125
102219,0.05028125
56652,0.05028125
183628,0.05028125
37406,0.05028125
64874,0.05028125
182581,0.05028125
119101,0.05028125
44141,0.05028125
46545,0.05028125
170693,0.05028125
67818,0.05028125
156069,0.05028125
76080,0.05028125
156773,0.05028125
71040,0.05028125
191798,0.05028125
4602,0.05028125
153302,0.05028125
91944,0.05028125
149693,0.05028125
118621,0.05028125
180162,0.05028125
16674,0.05028125
53452,0.05028125
170446,0.05028125
133332,0.05028125
61210,0.05028125
180000,0.05028125
136230,0.05028125
4908,0.05028125
49766,0.05028125
72295,0.05028125
34684,0.05028125
90622,0.05028125
120799,0.05028125
177675,0.05028125
131614,0.05028125
47894,0.05028125
80132,0.05028125
129196,0.05028125
62263,0.05028125
68757,0.05028125
18587,0.05028125
198661,0.05028125
81348,0.05028125
190565,0.05028125
22351,0.05028125
164637,0.05028125
172110,0.05028125
79855,0.05028125
84053,0.05028125
187115,0.05028125
56989,0.05028125
23352,0.05028125
38039,0.05028125
114196,0.05028125
172595,0.05028125
5917,0.05028125
51233,0.05028125
113718,0.05028125
47931,0.05028125
1698,0.05028125
189197,0.05028125
5415,0.05028125
195901,0.05028125
122907,0.05028125
149458,0.05028125
152042,0.05028125
131329,0.05028125
40218,0.05028125
168017,0.05028125
9348,0.05028125
88189,0.05028125
99073,0.05028125
171617,0.05028125
82075,0.05028125
117633,0.05028125
70983,0.05028125
180725,0.05028125
195091,0.05028125
190705,0.05028125
37857,0.05028125
143458,0.05028125
152910,0.05028125
75603,0.05028125
52986,0.05028125
70088,0.05028125
156551,0.05028125
178756,0.05028125
70357,0.05028125
34510,0.05028125
32724,0.05028125
21342,0.05028125
61552,0.05028125
173328,0.05028125
153951,0.05028125
39968,0.05028125
80519,0.05028125
152214,0.05028125
58759,0.05028125
126715,0.05028125
88358,0.05028125
132047,0.05028125
67502,0.05028125
98383,0.05028125
121264,0.05028125
17260,0.05028125
195335,0.05028125
156631,0.05028125
130891,0.05028125
9153,0.05028125
73889,0.05028125
150876,0.05028125
56526,0.05028125
67859,0.05028125
91878,0.05028125
164243,0.05028125
133799,0.05028125
85137,0.05028125
64791,0.05028125
61386,0.05028125
170544,0.05028125
169590,0.05028125
77509,0.05028125
70205,0.05028125
37114,0.05028125
84443,0.05028125
185994,0.05028125
103713,0.05028125
101102,0.05028125
129159,0.05028125
79323,0.05028125
27394,0.05028125
26971,0.05028125
20211,0.05028125
96255,0.05028125
189342,0.05028125
104030,0.05028125
145276,0.05028125
129600,0.05028125
122555,0.05028125
41518,0.05028125
45861,0.05028125
18087,0.05028125
124558,0.05028125
12718,0.05028125
22184,0.05028125
24094,0.05028125
121426,0.05028125
193969,0.05028125
181253,0.05028125
107235,0.05028125
176417,0.05028125
91680,0.05028125
7712,0.05028125
176797,0.05028125
128283,0.05028125
191774,0.05028125
143550,0.05028125
15023,0.05028125
101817,0.05028125
187617,0.05028125
76993,0.05028125
141578,0.05028125
104759,0.05028125
85467,0.05028125
189634,0.05028125
87955,0.05028125
171695,0.05028125
167181,0.05028125
12137,0.05028125
111232,0.05028125
171471,0.05028125
11795,0.05028125
109204,0.05028125
181228,0.05028125
148976,0.05028125
26230,0.05028125
97572,0.05028125
3186,0.05028125
168318,0.05028125
123109,0.05028125
144742,0.05028125
155735,0.05028125
151705,0.05028125
35412,0.05028125
156038,0.05028125
72234,0.05028125
78224,0.05028125
184134,0.05028125
118558,0.05028125
72097,0.05028125
54802,0.05028125
31896,0.05028125
9326,0.05028125
19804,0.05028125
97612,0.05028125
14389,0.05028125
155957,0.05028125
16479,0.05028125
157578,0.05028125
59554,0.05028125
145934,0.05028125
66832,0.05028125
143407,0.05028125
16057,0.05028125
22489,0.05028125
159457,0.05028125
92890,0.05028125
1031,0.05028125
140629,0.05028125
171239,0.05028125
37485,0.05028125
133466,0.05028125
172204,0.05028125
105693,0.05028125
15433,0.05028125
71819,0.05028125
179053,0.05028125
102910,0.05028125
120894,0.05028125
3009,0.05028125
149927,0.05028125
185050,0.05028125
50395,0.05028125
124743,0.05028125
79494,0.05028125
183305,0.05028125
79786,0.05028125
190435,0.05028125
13401,0.05028125
26927,0.05028125
97836,0.05028125
117410,0.05028125
14767,0.05028125
63109,0.05028125
170752,0.05028125
23741,0.05028125
98747,0.05028125
3253,0.05028125
166174,0.05028125
135768,0.05028125
109161,0.05028125
108180,0.05028125
133316,0.05028125
91401,0.05028125
167445,0.05028125
128992,0.05028125
38536,0.05028125
158970,0.05028125
37620,0.05028125
155969,0.05028125
36286,0.05028125
3554,0.05028125
52515,0.05028125
80934,0.05028125
91196,0.05028125
134275,0.05028125
186421,0.05028125
155765,0.05028125
59226,0.05028125
6085,0.05028125
112407,0.05028125
143632,0.05028125
168596,0.05028125
183982,0.05028125
188196,0.05028125
177564,0.05028125
61131,0.05028125
99057,0.05028125
72787,0.05028125
177197,0.05028125
61997,0.05028125
115964,0.05028125
98785,0.05028125
135773,0.05028125
173986,0.05028125
146747,0.05028125
193045,0.05028125
89017,0.05028125
24135,0.05028125
130445,0.05028125
3550,0.05028125
24137,0.05028125
192067,0.05028125
51011,0.05028125
22650,0.05028125
59316,0.05028125
41019,0.05028125
184254,0.05028125
109242,0.05028125
78970,0.05028125
2868,0.05028125
44316,0.05028125
123354,0.05028125
52848,0.05028125
109072,0.05028125
83188,0.05028125
22432,0.05028125
26601,0.05028125
152146,0.05028125
186354,0.05028125
122167,0.05028125
12901,0.05028125
133833,0.05028125
41034,0.05028125
67939,0.05028125
177549,0.05028125
190038,0.05028125
25563,0.05028125
148727,0.05028125
139695,0.05028125
160004,0.05028125
55820,0.05028125
79265,0.05028125
126024,0.05028125
98878,0.05028125
173664,0.05028125
84246,0.05028125
126644,0.05028125
165879,0.05028125
96765,0.05028125
151419,0.05028125
175690,0.05028125
124367,0.05028125
169332,0.05028125
124646,0.05028125
117759,0.05028125
189810,0.05028125
20798,0.05028125
153127,0.05028125
24617,0.05028125
64169,0.05028125
132346,0.05028125
27835,0.05028125
43715,0.05028125
176683,0.05028125
102511,0.05028125
191844,0.05028125
34861,0.05028125
177131,0.05028125
153264,0.05028125
153146,0.05028125
197184,0.05028125
62945,0.05028125
83483,0.05028125
15483,0.05028125
70039,0.05028125
27374,0.05028125
40134,0.05028125
166886,0.05028125
157255,0.05028125
81611,0.05028125
77255,0.05028125
31931,0.05028125
3556,0.05028125
43443,0.05028125
70950,0.05028125
88088,0.05028125
55321,0.05028125
64051,0.05028125
195934,0.05028125
118581,0.05028125
126568,0.05028125
93595,0.05028125
188184,0.05028125
132319,0.05028125
49414,0.05028125
69911,0.05028125
133119,0.05028125
188724,0.05028125
89294,0.05028125
128273,0.05028125
183457,0.05028125
188162,0.05028125
5014,0.05028125
19522,0.05028125
28203,0.05028125
62628,0.05028125
196598,0.05028125
191367,0.05028125
26151,0.05028125
140312,0.05028125
154803,0.05028125
147195,0.05028125
194546,0.05028125
25158,0.05028125
78663,0.05028125
66877,0.05028125
14171,0.05028125
168072,0.05028125
28929,0.05028125
112016,0.05028125
158549,0.05028125
58771,0.05028125
26113,0.05028125
131796,0.05028125
58321,0.05028125
172374,0.05028125
51996,0.05028125
58099,0.05028125
173818,0.05028125
11916,0.05028125
164451,0.05028125
130893,0.05028125
2220,0.05028125
77612,0.05028125
28134,0.05028125
167741,0.05028125
32222,0.05028125
85155,0.05028125
55490,0.05028125
80501,0.05028125
117483,0.05028125
129119,0.05028125
22960,0.05028125
34126,0.05028125
71867,0.05028125
131998,0.05028125
27278,0.05028125
102794,0.05028125
177337,0.05028125
159060,0.05028125
28545,0.05028125
157921,0.05028125
7727,0.05028125
118972,0.05028125
40961,0.05028125
186081,0.05028125
11674,0.05028125
63215,0.05028125
97863,0.05028125
2321,0.05028125
113951,0.05028125
39657,0.05028125
167736,0.05028125
117267,0.05028125
164134,0.05028125
139844,0.05028125
112952,0.05028125
116835,0.05028125
166049,0.05028125
86147,0.05028125
2189,0.05028125
190497,0.05028125
152408,0.05028125
46189,0.05028125
82837,0.05028125
37680,0.05028125
20977,0.05028125
130340,0.05028125
175395,0.05028125
151558,0.05028125
28657,0.05028125
121565,0.05028125
169627,0.05028125
81469,0.05028125
147257,0.05028125
119539,0.05028125
90573,0.05028125
24757,0.05028125
46692,0.05028125
168921,0.05028125
199770,0.05028125
11257,0.05028125
106638,0.05028125
134495,0.05028125
178367,0.05028125
63286,0.05028125
75949,0.05028125
123426,0.05028125
97213,0.05028125
130992,0.05028125
73853,0.05028125
16100,0.05028125
117932,0.05028125
42746,0.05028125
116016,0.05028125
30059,0.05028125
192537,0.05028125
198759,0.05028125
664,0.05028125
88785,0.05028125
26275,0.05028125
5619,0.05028125
79223,0.05028125
25776,0.05028125
41127,0.05028125
149033,0.05028125
198365,0.05028125
104710,0.05028125
29700,0.05028125
48974,0.05028125
16902,0.05028125
150217,0.05028125
7788,0.05028125
93312,0.05028125
114477,0.05028125
18161,0.05028125
79610,0.05028125
192000,0.05028125
24302,0.05028125
192196,0.05028125
104598,0.05028125
49761,0.05028125
90526,0.05028125
130148,0.05028125
119399,0.05028125
75162,0.05028125
160641,0.05028125
122579,0.05028125
163197,0.05028125
192941,0.05028125
78635,0.05028125
26033,0.05028125
159976,0.05028125
176146,0.05028125
157647,0.05028125
66381,0.05028125
72991,0.05028125
121636,0.05028125
164536,0.05028125
32566,0.05028125
149683,0.05028125
118653,0.05028125
95805,0.05028125
173854,0.05028125
128015,0.05028125
160119,0.05028125
79773,0.05028125
57875,0.05028125
75971,0.05028125
50736,0.05028125
55476,0.05028125
65384,0.05028125
98851,0.05028125
123907,0.05028125
72401,0.05028125
37703,0.05028125
71657,0.05028125
142000,0.05028125
148985,0.05028125
130920,0.05028125
50509,0.05028125
136894,0.05028125
104104,0.05028125
35538,0.05028125
138505,0.05028125
4384,0.05028125
183691,0.05028125
48840,0.05028125
138766,0.05028125
157540,0.05028125
87681,0.05028125
167112,0.05028125
43957,0.05028125
166050,0.05028125
96950,0.05028125
29539,0.05028125
65735,0.05028125
138594,0.05028125
156451,0.05028125
196222,0.05028125
68919,0.05028125
121862,0.05028125
8585,0.05028125
28840,0.05028125
157374,0.05028125
86632,0.05028125
78401,0.05028125
46033,0.05028125
129379,0.05028125
114814,0.05028125
189980,0.05028125
26254,0.05028125
157634,0.05028125
34611,0.05028125
111249,0.05028125
167070,0.05028125
114428,0.05028125
30372,0.05028125
6355,0.05028125
38277,0.05028125
63625,0.05028125
21909,0.05028125
88539,0.05028125
63021,0.05028125
184907,0.05028125
160304,0.05028125
35284,0.05028125
17520,0.05028125
35540,0.05028125
35128,0.05028125
112475,0.05028125
37556,0.05028125
108929,0.05028125
105926,0.05028125
56119,0.05028125
47716,0.05028125
165378,0.05028125
146836,0.05028125
123291,0.05028125
150368,0.05028125
4871,0.05028125
193612,0.05028125
160255,0.05028125
77235,0.05028125
84650,0.05028125
17844,0.05028125
106735,0.05028125
6784,0.05028125
168027,0.05028125
55418,0.05028125
115509,0.05028125
11463,0.05028125
119218,0.05028125
144036,0.05028125
127497,0.05028125
167569,0.05028125
144074,0.05028125
43147,0.05028125
52894,0.05028125
52330,0.05028125
6089,0.05028125
21853,0.05028125
57771,0.05028125
124916,0.05028125
70066,0.05028125
68881,0.05028125
130377,0.05028125
31851,0.05028125
141845,0.05028125
68865,0.05028125
83943,0.05028125
127706,0.05028125
178780,0.05028125
49904,0.05028125
1218,0.05028125
22518,0.05028125
94672,0.05028125
186009,0.05028125
124847,0.05028125
79434,0.05028125
173894,0.05028125
129162,0.05028125
113224,0.05028125
125767,0.05028125
61791,0.05028125
37049,0.05028125
176776,0.05028125
174660,0.05028125
24366,0.05028125
94916,0.05028125
30783,0.05028125
124776,0.05028125
194543,0.05028125
193710,0.05028125
147828,0.05028125
145768,0.05028125
68791,0.05028125
181268,0.05028125
1918,0.05028125
46996,0.05028125
195537,0.05028125
69529,0.05028125
156037,0.05028125
128081,0.05028125
183166,0.05028125
52778,0.05028125
107333,0.05028125
144856,0.05028125
23645,0.05028125
129631,0.05028125
182539,0.05028125
70875,0.05028125
80788,0.05028125
197891,0.05028125
188492,0.05028125
17390,0.05028125
68631,0.05028125
163309,0.05028125
143672,0.05028125
125056,0.05028125
5260,0.05028125
39668,0.05028125
93282,0.05028125
114338,0.05028125
64269,0.05028125
54385,0.05028125
108626,0.05028125
167991,0.05028125
181894,0.05028125
92726,0.05028125
156279,0.05028125
51388,0.05028125
196583,0.05028125
178877,0.05028125
34399,0.05028125
168830,0.05028125
185680,0.05028125
95752,0.05028125
84974,0.05028125
77424,0.05028125
122905,0.05028125
25878,0.05028125
155448,0.05028125
163849,0.05028125
43721,0.05028125
27173,0.05028125
153417,0.05028125
184554,0.05028125
162300,0.05028125
151238,0.05028125
86230,0.05028125
135989,0.05028125
69099,0.05028125
192111,0.05028125
98814,0.05028125
141980,0.05028125
195055,0.05028125
112381,0.05028125
40194,0.05028125
125897,0.05028125
126639,0.05028125
28443,0.05028125
68333,0.05028125
130348,0.05028125
64106,0.05028125
84452,0.05028125
94991,0.05028125
5365,0.05028125
72420,0.05028125
134473,0.05028125
49791,0.05028125
87295,0.05028125
121440,0.05028125
64290,0.05028125
26647,0.05028125
25061,0.05028125
82211,0.05028125
7066,0.05028125
152019,0.05028125
89693,0.05028125
33998,0.05028125
140434,0.05028125
59681,0.05028125
1942,0.05028125
58467,0.05028125
49553,0.05028125
119998,0.05028125
121949,0.05028125
130096,0.05028125
180118,0.05028125
139825,0.05028125
199531,0.05028125
1053,0.05028125
33942,0.05028125
128621,0.05028125
199445,0.05028125
153756,0.05028125
77572,0.05028125
27303,0.05028125
184305,0.05028125
100016,0.05028125
30217,0.05028125
72476,0.05028125
83614,0.05028125
22772,0.05028125
61277,0.05028125
112164,0.05028125
61657,0.05028125
185486,0.05028125
116316,0.05028125
24290,0.05028125
185761,0.05028125
106645,0.05028125
18736,0.05028125
61293,0.05028125
178383,0.05028125
55043,0.05028125
47345,0.05028125
122068,0.05028125
85441,0.05028125
97963,0.05028125
43895,0.05028125
175020,0.05028125
189929,0.05028125
22645,0.05028125
16012,0.05028125
77351,0.05028125
105350,0.05028125
159796,0.05028125
191804,0.05028125
138619,0.05028125
173186,0.05028125
57996,0.05028125
92333,0.05028125
168232,0.05028125
45534,0.05028125
10056,0.05028125
133103,0.05028125
69665,0.05028125
150715,0.05028125
38552,0.05028125
192599,0.05028125
103660,0.05028125
97642,0.05028125
4009,0.05028125
35795,0.05028125
111700,0.05028125
168488,0.05028125
48710,0.05028125
87434,0.05028125
10268,0.05028125
48724,0.05028125
75935,0.05028125
148746,0.05028125
150493,0.05028125
39519,0.05028125
115361,0.05028125
57,0.05028125
184056,0.05028125
109028,0.05028125
180700,0.05028125
140239,0.05028125
29373,0.05028125
42488,0.05028125
101342,0.05028125
130568,0.05028125
71144,0.05028125
72064,0.05028125
164206,0.05028125
35101,0.05028125
97205,0.05028125
72904,0.05028125
199011,0.05028125
85114,0.05028125
155352,0.05028125
157521,0.05028125
140309,0.05028125
131086,0.05028125
56983,0.05028125
150482,0.05028125
75156,0.05028125
18115,0.05028125
42848,0.05028125
7748,0.05028125
189933,0.05028125
40451,0.05028125
103030,0.05028125
43769,0.05028125
102048,0.05028125
45078,0.05028125
146811,0.05028125
123905,0.05028125
44129,0.05028125
89105,0.05028125
149627,0.05028125
158856,0.05028125
128244,0.05028125
8383,0.05028125
99089,0.05028125
82638,0.05028125
114394,0.05028125
179441,0.05028125
7911,0.05028125
162699,0.05028125
92647,0.05028125
22818,0.05028125
95817,0.05028125
78514,0.05028125
79350,0.05028125
188170,0.05028125
122787,0.05028125
105266,0.05028125
165977,0.05028125
119581,0.05028125
134059,0.05028125
84706,0.05028125
3826,0.05028125
31753,0.05028125
54937,0.05028125
82784,0.05028125
26536,0.05028125
864,0.05028125
44156,0.05028125
154001,0.05028125
20430,0.05028125
86735,0.05028125
127299,0.05028125
42581,0.05028125
195730,0.05028125
173442,0.05028125
169889,0.05028125
3126,0.05028125
918,0.05028125
32124,0.05028125
139972,0.05028125
197121,0.05028125
182108,0.05028125
198803,0.05028125
119816,0.05028125
48334,0.05028125
143150,0.05028125
115925,0.05028125
86781,0.05028125
61137,0.05028125
170670,0.05028125
130289,0.05028125
11582,0.05028125
144806,0.05028125
15806,0.05028125
57554,0.05028125
187866,0.05028125
199032,0.05028125
88880,0.05028125
152793,0.05028125
28115,0.05028125
174042,0.05028125
106742,0.05028125
117854,0.05028125
43114,0.05028125
129912,0.05028125
90968,0.05028125
181746,0.05028125
186092,0.05028125
132270,0.05028125
37132,0.05028125
149078,0.05028125
161865,0.05028125
179114,0.05028125
42394,0.05028125
127315,0.05028125
181427,0.05028125
26224,0.05028125
6326,0.05028125
30004,0.05028125
187334,0.05028125
3956,0.05028125
89505,0.05028125
166372,0.05028125
5723,0.05028125
160486,0.05028125
121835,0.05028125
181128,0.05028125
2938,0.05028125
82897,0.05028125
44298,0.05028125
196994,0.05028125
72653,0.05028125
106350,0.05028125
102252,0.05028125
192198,0.05028125
154986,0.05028125
13731,0.05028125
104782,0.05028125
95687,0.05028125
144668,0.05028125
199373,0.05028125
94774,0.05028125
74771,0.05028125
169201,0.05028125
81474,0.05028125
63992,0.05028125
1109,0.05028125
47639,0.05028125
151692,0.05028125
90489,0.05028125
67286,0.05028125
120701,0.05028125
49474,0.05028125
20239,0.05028125
39499,0.05028125
166150,0.05028125
93562,0.05028125
173762,0.05028125
81881,0.05028125
152555,0.05028125
65437,0.05028125
79541,0.05028125
166540,0.05028125
44498,0.05028125
139075,0.05028125
63703,0.05028125
175120,0.05028125
142682,0.05028125
169162,0.05028125
51856,0.05028125
28553,0.05028125
173925,0.05028125
141926,0.05028125
10927,0.05028125
136099,0.05028125
113476,0.05028125
154480,0.05028125
180730,0.05028125
119341,0.05028125
177657,0.05028125
46551,0.05028125
136866,0.05028125
48995,0.05028125
94186,0.05028125
35169,0.05028125
117853,0.05028125
146088,0.05028125
66487,0.05028125
115236,0.05028125
179094,0.05028125
20170,0.05028125
814,0.05028125
89754,0.05028125
105245,0.05028125
23009,0.05028125
196565,0.05028125
122399,0.05028125
188759,0.05028125
105358,0.05028125
114360,0.05028125
39546,0.05028125
187551,0.05028125
36776,0.05028125
173918,0.05028125
44959,0.05028125
152261,0.05028125
4253,0.05028125
95783,0.05028125
75988,0.05028125
178130,0.05028125
172201,0.05028125
95689,0.05028125
17115,0.05028125
96082,0.05028125
4879,0.05028125
193739,0.05028125
187217,0.05028125
105468,0.05028125
31162,0.05028125
177183,0.05028125
64033,0.05028125
16868,0.05028125
162395,0.05028125
48409,0.05028125
197466,0.05028125
98350,0.05028125
95799,0.05028125
77871,0.05028125
153997,0.05028125
25676,0.05028125
16237,0.05028125
138803,0.05028125
129742,0.05028125
88610,0.05028125
186872,0.05028125
68116,0.05028125
187436,0.05028125
148784,0.05028125
195505,0.05028125
193893,0.05028125
124724,0.05028125
121261,0.05028125
137093,0.05028125
21689,0.05028125
36094,0.05028125
156866,0.05028125
44175,0.05028125
196432,0.05028125
21976,0.05028125
111634,0.05028125
22163,0.05028125
135895,0.05028125
60451,0.05028125
170815,0.05028125
125445,0.05028125
39508,0.05028125
24052,0.05028125
168848,0.05028125
152680,0.05028125
37837,0.05028125
44577,0.05028125
4131,0.05028125
138940,0.05028125
125654,0.05028125
190220,0.05028125
9303,0.05028125
36170,0.05028125
3541,0.05028125
82822,0.05028125
35165,0.05028125
170101,0.05028125
85656,0.05028125
144955,0.05028125
154853,0.05028125
38576,0.05028125
164587,0.05028125
55595,0.05028125
9287,0.05028125
31059,0.05028125
75759,0.05028125
93131,0.05028125
88543,0.05028125
51692,0.05028125
76255,0.05028125
193280,0.05028125
157147,0.05028125
36897,0.05028125
116258,0.05028125
20487,0.05028125
163063,0.05028125
18253,0.05028125
93787,0.05028125
195387,0.05028125
101263,0.05028125
193090,0.05028125
46211,0.05028125
118184,0.05028125
43736,0.05028125
16788,0.05028125
140020,0.05028125
154867,0.05028125
44438,0.05028125
42356,0.05028125
106564,0.05028125
176653,0.05028125
123173,0.05028125
109302,0.05028125
180333,0.05028125
177355,0.05028125
7558,0.05028125
70037,0.05028125
129928,0.05028125
81593,0.05028125
122644,0.05028125
143970,0.05028125
160488,0.05028125
37173,0.05028125
97972,0.05028125
167544,0.05028125
24923,0.05028125
194951,0.05028125
198577,0.05028125
467,0.05028125
92377,0.05028125
136445,0.05028125
196632,0.05028125
43344,0.05028125
169649,0.05028125
57985,0.05028125
117569,0.05028125
159995,0.05028125
72638,0.05028125
172712,0.05028125
164109,0.05028125
18750,0.05028125
43965,0.05028125
35158,0.05028125
145008,0.05028125
102755,0.05028125
126226,0.05028125
126543,0.05028125
80681,0.05028125
129310,0.05028125
93247,0.05028125
61688,0.05028125
166196,0.05028125
51988,0.05028125
130629,0.05028125
96567,0.05028125
39749,0.05028125
87318,0.05028125
15511,0.05028125
38156,0.05028125
173438,0.05028125
115185,0.05028125
16029,0.05028125
62680,0.05028125
164701,0.05028125
132209,0.05028125
166942,0.05028125
164389,0.05028125
139090,0.05028125
176537,0.05028125
54936,0.05028125
42785,0.05028125
130866,0.05028125
67312,0.05028125
85068,0.05028125
161195,0.05028125
137298,0.05028125
186069,0.05028125
87125,0.05028125
18179,0.05028125
145690,0.05028125
145182,0.05028125
25785,0.05028125
54142,0.05028125
91160,0.05028125
132982,0.05028125
663,0.05028125
136629,0.05028125
57751,0.05028125
36301,0.05028125
28338,0.05028125
6225,0.05028125
117652,0.05028125
38127,0.05028125
198127,0.05028125
140546,0.05028125
140272,0.05028125
16483,0.05028125
162836,0.05028125
153780,0.05028125
14714,0.05028125
156285,0.05028125
26165,0.05028125
128159,0.05028125
44268,0.05028125
176171,0.05028125
73842,0.05028125
140979,0.05028125
95373,0.05028125
3617,0.05028125
148280,0.05028125
187314,0.05028125
49571,0.05028125
67028,0.05028125
128830,0.05028125
183074,0.05028125
181267,0.05028125
118396,0.05028125
35370,0.05028125
3368,0.05028125
18593,0.05028125
49206,0.05028125
180905,0.05028125
82358,0.05028125
153541,0.05028125
107271,0.05028125
62402,0.05028125
95368,0.05028125
198745,0.05028125
165715,0.05028125
85623,0.05028125
193396,0.05028125
128208,0.05028125
116672,0.05028125
53073,0.05028125
144117,0.05028125
99599,0.05028125
185296,0.05028125
177368,0.05028125
168485,0.05028125
118012,0.05028125
179609,0.05028125
147228,0.05028125
195024,0.05028125
60738,0.05028125
132663,0.05028125
27868,0.05028125
144469,0.05028125
33864,0.05028125
93772,0.05028125
129399,0.05028125
95453,0.05028125
23359,0.05028125
101881,0.05028125
195422,0.05028125
174251,0.05028125
75962,0.05028125
111037,0.05028125
95402,0.05028125
90443,0.05028125
131210,0.05028125
178183,0.05028125
173176,0.05028125
21647,0.05028125
87991,0.05028125
115390,0.05028125
199752,0.05028125
93362,0.05028125
63145,0.05028125
160417,0.05028125
105833,0.05028125
123080,0.05028125
189330,0.05028125
41190,0.05028125
56579,0.05028125
102854,0.05028125
128840,0.05028125
85252,0.05028125
21665,0.05028125
99958,0.05028125
121384,0.05028125
132164,0.05028125
112881,0.05028125
69552,0.05028125
53693,0.05028125
125929,0.05028125
140430,0.05028125
37184,0.05028125
179815,0.05028125
104523,0.05028125
106363,0.05028125
58568,0.05028125
179153,0.05028125
140205,0.05028125
128740,0.05028125
153439,0.05028125
126480,0.05028125
38672,0.05028125
50575,0.05028125
67130,0.05028125
147384,0.05028125
196833,0.05028125
167258,0.05028125
49072,0.05028125
191523,0.05028125
25867,0.05028125
52761,0.05028125
109934,0.05028125
41363,0.05028125
159721,0.05028125
120222,0.05028125
177105,0.05028125
24685,0.05028125
98229,0.05028125
41155,0.05028125
45919,0.05028125
178332,0.05028125
135125,0.05028125
131268,0.05028125
81023,0.05028125
85472,0.05028125
136745,0.05028125
134082,0.05028125
34419,0.05028125
9015,0.05028125
79892,0.05028125
113660,0.05028125
56369,0.05028125
186931,0.05028125
43308,0.05028125
61870,0.05028125
142039,0.05028125
193475,0.05028125
72370,0.05028125
103964,0.05028125
11663,0.05028125
85867,0.05028125
29283,0.05028125
127213,0.05028125
47933,0.05028125
61889,0.05028125
77652,0.05028125
127648,0.05028125
105437,0.05028125
145219,0.05028125
110251,0.05028125
155141,0.05028125
145874,0.05028125
105023,0.05028125
48045,0.05028125
84943,0.05028125
5342,0.05028125
50782,0.05028125
120675,0.05028125
84455,0.05028125
26904,0.05028125
196364,0.05028125
17347,0.05028125
78919,0.05028125
19972,0.05028125
35592,0.05028125
88510,0.05028125
65081,0.05028125
122302,0.05028125
26953,0.05028125
15290,0.05028125
94580,0.05028125
48844,0.05028125
162559,0.05028125
118996,0.05028125
172628,0.05028125
136884,0.05028125
48937,0.05028125
91258,0.05028125
30057,0.05028125
43606,0.05028125
4322,0.05028125
25864,0.05028125
143998,0.05028125
195478,0.05028125
136961,0.05028125
186686,0.05028125
193371,0.05028125
49318,0.05028125
123810,0.05028125
123569,0.05028125
34149,0.05028125
126723,0.05028125
35035,0.05028125
121962,0.05028125
60061,0.05028125
131866,0.05028125
143427,0.05028125
116092,0.05028125
107173,0.05028125
66966,0.05028125
71175,0.05028125
146711,0.05028125
142917,0.05028125
172570,0.05028125
106219,0.05028125
125326,0.05028125
66181,0.05028125
104548,0.05028125
70622,0.05028125
181221,0.05028125
114707,0.05028125
189736,0.05028125
131248,0.05028125
149993,0.05028125
153186,0.05028125
10970,0.05028125
185006,0.05028125
50712,0.05028125
123076,0.05028125
20251,0.05028125
128429,0.05028125
93728,0.05028125
180363,0.05028125
76672,0.05028125
102450,0.05028125
170976,0.05028125
117366,0.05028125
3627,0.05028125
173145,0.05028125
18551,0.05028125
134546,0.05028125
28290,0.05028125
197124,0.05028125
131149,0.05028125
192545,0.05028125
45295,0.05028125
8264,0.05028125
29322,0.05028125
99459,0.05028125
14333,0.05028125
71425,0.05028125
143898,0.05028125
81311,0.05028125
7090,0.05028125
194923,0.05028125
54960,0.05028125
82559,0.05028125
76449,0.05028125
98773,0.05028125
198653,0.05028125
192570,0.05028125
58194,0.05028125
147070,0.05028125
5008,0.05028125
95579,0.05028125
172560,0.05028125
3889,0.05028125
76607,0.05028125
44258,0.05028125
159542,0.05028125
44702,0.05028125
132056,0.05028125
33776,0.05028125
195251,0.05028125
104638,0.05028125
112461,0.05028125
153560,0.05028125
166585,0.05028125
25152,0.05028125
109509,0.05028125
183491,0.05028125
130040,0.05028125
111791,0.05028125
142110,0.05028125
116001,0.05028125
164548,0.05028125
120313,0.05028125
21354,0.05028125
182092,0.05028125
138840,0.05028125
17434,0.05028125
5067,0.05028125
181468,0.05028125
182735,0.05028125
92118,0.05028125
168497,0.05028125
115036,0.05028125
70903,0.05028125
14519,0.05028125
185208,0.05028125
119135,0.05028125
167061,0.05028125
187956,0.05028125
72609,0.05028125
117248,0.05028125
64730,0.05028125
37940,0.05028125
128337,0.05028125
174768,0.05028125
52669,0.05028125
114892,0.05028125
91494,0.05028125
155403,0.05028125
185491,0.05028125
24901,0.05028125
25161,0.05028125
53489,0.05028125
55699,0.05028125
70338,0.05028125
138591,0.05028125
79349,0.05028125
83954,0.05028125
190494,0.05028125
45251,0.05028125
103814,0.05028125
94480,0.05028125
93907,0.05028125
123656,0.05028125
167594,0.05028125
70846,0.05028125
84541,0.05028125
141177,0.05028125
110836,0.05028125
155600,0.05028125
128698,0.05028125
141393,0.05028125
32637,0.05028125
130560,0.05028125
170355,0.05028125
120728,0.05028125
164102,0.05028125
4668,0.05028125
94552,0.05028125
133009,0.05028125
6106,0.05028125
121010,0.05028125
79918,0.05028125
16985,0.05028125
18760,0.05028125
162564,0.05028125
122874,0.05028125
105573,0.05028125
110544,0.05028125
194639,0.05028125
111229,0.05028125
105312,0.05028125
141921,0.05028125
65045,0.05028125
124208,0.05028125
25752,0.05028125
165673,0.05028125
132504,0.05028125
82802,0.05028125
87956,0.05028125
167276,0.05028125
109698,0.05028125
195148,0.05028125
33244,0.05028125
143770,0.05028125
74008,0.05028125
135900,0.05028125
5729,0.05028125
187695,0.05028125
62232,0.05028125
197565,0.05028125
93806,0.05028125
1589,0.05028125
4958,0.05028125
63222,0.05028125
99975,0.05028125
180116,0.05028125
136208,0.05028125
15251,0.05028125
21531,0.05028125
103387,0.05028125
68269,0.05028125
74582,0.05028125
145755,0.05028125
188631,0.05028125
132658,0.05028125
159025,0.05028125
26698,0.05028125
105238,0.05028125
184404,0.05028125
160061,0.05028125
6276,0.05028125
142866,0.05028125
22213,0.05028125
173054,0.05028125
183267,0.05028125
130745,0.05028125
82455,0.05028125
174577,0.05028125
184010,0.05028125
69297,0.05028125
127806,0.05028125
46690,0.05028125
116971,0.05028125
91658,0.05028125
52518,0.05028125
36805,0.05028125
24587,0.05028125
145176,0.05028125
121079,0.05028125
94166,0.05028125
121142,0.05028125
159757,0.05028125
11273,0.05028125
76166,0.05028125
11016,0.05028125
61003,0.05028125
150215,0.05028125
30435,0.05028125
125282,0.05028125
57182,0.05028125
45406,0.05028125
151786,0.05028125
35260,0.05028125
22010,0.05028125
106413,0.05028125
143591,0.05028125
62476,0.05028125
147615,0.05028125
92120,0.05028125
109080,0.05028125
70199,0.05028125
97477,0.05028125
155750,0.05028125
163251,0.05028125
118550,0.05028125
103134,0.05028125
76268,0.05028125
187881,0.05028125
3749,0.05028125
192723,0.05028125
30696,0.05028125
48448,0.05028125
33056,0.05028125
1571,0.05028125
80487,0.05028125
46928,0.05028125
54776,0.05028125
141409,0.05028125
65404,0.05028125
37306,0.05028125
72864,0.05028125
28640,0.05028125
68158,0.05028125
45152,0.05028125
129289,0.05028125
86688,0.05028125
151005,0.05028125
110471,0.05028125
150173,0.05028125
110121,0.05028125
188958,0.05028125
31772,0.05028125
124416,0.05028125
150077,0.05028125
144350,0.05028125
17460,0.05028125
17812,0.05028125
30534,0.05028125
170148,0.05028125
175018,0.05028125
87361,0.05028125
44013,0.05028125
179230,0.05028125
168445,0.05028125
191809,0.05028125
65285,0.05028125
127305,0.05028125
196416,0.05028125
170041,0.05028125
80730,0.05028125
95290,0.05028125
152540,0.05028125
97534,0.05028125
196434,0.05028125
20685,0.05028125
44287,0.05028125
22552,0.05028125
168905,0.05028125
142519,0.05028125
147790,0.05028125
53676,0.05028125
102952,0.05028125
68152,0.05028125
67340,0.05028125
49148,0.05028125
10521,0.05028125
146008,0.05028125
62443,0.05028125
84039,0.05028125
139214,0.05028125
182436,0.05028125
22539,0.05028125
64288,0.05028125
168477,0.05028125
134683,0.05028125
78041,0.05028125
180649,0.05028125
125011,0.05028125
30331,0.05028125
174926,0.05028125
94155,0.05028125
121557,0.05028125
50314,0.05028125
125760,0.05028125
34605,0.05028125
120081,0.05028125
26424,0.05028125
11651,0.05028125
181499,0.05028125
23531,0.05028125
125687,0.05028125
193053,0.05028125
48295,0.05028125
2878,0.05028125
95633,0.05028125
57098,0.05028125
102867,0.05028125
57570,0.05028125
135029,0.05028125
60015,0.05028125
21565,0.05028125
161994,0.05028125
178250,0.05028125
33965,0.05028125
102308,0.05028125
121086,0.05028125
129693,0.05028125
141522,0.05028125
26902,0.05028125
122129,0.05028125
101698,0.05028125
126403,0.05028125
66072,0.05028125
127496,0.05028125
197426,0.05028125
8607,0.05028125
96551,0.05028125
147095,0.05028125
121889,0.05028125
116986,0.05028125
181077,0.05028125
119100,0.05028125
73141,0.05028125
48120,0.05028125
142471,0.05028125
29514,0.05028125
27811,0.05028125
81017,0.05028125
154305,0.05028125
124795,0.05028125
109734,0.05028125
163946,0.05028125
19689,0.05028125
199554,0.05028125
109333,0.05028125
110231,0.05028125
177223,0.05028125
8423,0.05028125
156155,0.05028125
31482,0.05028125
44344,0.05028125
36662,0.05028125
112240,0.05028125
113020,0.05028125
147908,0.05028125
102462,0.05028125
101622,0.05028125
101963,0.05028125
92170,0.05028125
31356,0.05028125
126296,0.05028125
128617,0.05028125
59130,0.05028125
53510,0.05028125
67460,0.05028125
44850,0.05028125
153896,0.05028125
119376,0.05028125
194348,0.05028125
106986,0.05028125
136817,0.05028125
57372,0.05028125
49356,0.05028125
82029,0.05028125
63555,0.05028125
198075,0.05028125
164505,0.05028125
160831,0.05028125
93601,0.05028125
162912,0.05028125
127796,0.05028125
139795,0.05028125
4218,0.05028125
90845,0.05028125
156919,0.05028125
122462,0.05028125
188418,0.05028125
167906,0.05028125
180643,0.05028125
101559,0.05028125
93470,0.05028125
148714,0.05028125
19759,0.05028125
189920,0.05028125
173676,0.05028125
52170,0.05028125
63989,0.05028125
139586,0.05028125
114605,0.05028125
148265,0.05028125
114868,0.05028125
56081,0.05028125
43390,0.05028125
111933,0.05028125
51904,0.05028125
131637,0.05028125
97238,0.05028125
135128,0.05028125
116760,0.05028125
90851,0.05028125
63333,0.05028125
194644,0.05028125
197869,0.05028125
15275,0.05028125
197708,0.05028125
105852,0.05028125
8757,0.05028125
60024,0.05028125
199028,0.05028125
99664,0.05028125
166294,0.05028125
74660,0.05028125
101142,0.05028125
199025,0.05028125
160294,0.05028125
71105,0.05028125
140190,0.05028125
69240,0.05028125
152823,0.05028125
12101,0.05028125
63943,0.05028125
34779,0.05028125
193743,0.05028125
194954,0.05028125
113478,0.05028125
102475,0.05028125
100445,0.05028125
113528,0.05028125
180329,0.05028125
32292,0.05028125
113527,0.05028125
166082,0.05028125
106808,0.05028125
53964,0.05028125
123284,0.05028125
146160,0.05028125
169382,0.05028125
66741,0.05028125
157792,0.05028125
43442,0.05028125
98539,0.05028125
35548,0.05028125
148943,0.05028125
26843,0.05028125
32773,0.05028125
41813,0.05028125
90946,0.05028125
143164,0.05028125
92456,0.05028125
58591,0.05028125
160249,0.05028125
98494,0.05028125
172438,0.05028125
20033,0.05028125
26822,0.05028125
175978,0.05028125
38966,0.05028125
86490,0.05028125
87525,0.05028125
176645,0.05028125
48026,0.05028125
151876,0.05028125
176932,0.05028125
122225,0.05028125
59555,0.05028125
91896,0.05028125
66370,0.05028125
127308,0.05028125
139749,0.05028125
11659,0.05028125
151185,0.05028125
43446,0.05028125
158723,0.05028125
123701,0.05028125
51023,0.05028125
65321,0.05028125
197253,0.05028125
159406,0.05028125
111394,0.05028125
111725,0.05028125
85316,0.05028125
8569,0.05028125
21275,0.05028125
42023,0.05028125
67096,0.05028125
132753,0.05028125
149419,0.05028125
141173,0.05028125
15007,0.05028125
135935,0.05028125
137712,0.05028125
26561,0.05028125
174383,0.05028125
65915,0.05028125
83268,0.05028125
150413,0.05028125
9872,0.05028125
68742,0.05028125
160238,0.05028125
41625,0.05028125
99479,0.05028125
196208,0.05028125
12653,0.05028125
34671,0.05028125
165519,0.05028125
90130,0.05028125
59601,0.05028125
65245,0.05028125
35710,0.05028125
123772,0.05028125
196844,0.05028125
39700,0.05028125
93877,0.05028125
71889,0.05028125
44128,0.05028125
89374,0.05028125
64617,0.05028125
13613,0.05028125
54125,0.05028125
30756,0.05028125
116244,0.05028125
85491,0.05028125
62610,0.05028125
12963,0.05028125
181225,0.05028125
84610,0.05028125
56434,0.05028125
104884,0.05028125
72585,0.05028125
139048,0.05028125
83889,0.05028125
149081,0.05028125
152104,0.05028125
64048,0.05028125
199217,0.05028125
76157,0.05028125
1477,0.05028125
179673,0.05028125
168087,0.05028125
181613,0.05028125
188157,0.05028125
198424,0.05028125
181149,0.05028125
123901,0.05028125
117914,0.05028125
147191,0.05028125
22988,0.05028125
10544,0.05028125
77401,0.05028125
192662,0.05028125
32349,0.05028125
118552,0.05028125
133054,0.05028125
127818,0.05028125
157074,0.05028125
177501,0.05028125
45989,0.05028125
118823,0.05028125
38923,0.05028125
61333,0.05028125
141620,0.05028125
117158,0.05028125
131792,0.05028125
39935,0.05028125
125047,0.05028125
60219,0.05028125
32792,0.05028125
92637,0.05028125
94867,0.05028125
198475,0.05028125
100545,0.05028125
46013,0.05028125
68890,0.05028125
161449,0.05028125
167093,0.05028125
171920,0.05028125
101658,0.05028125
163906,0.05028125
72394,0.05028125
40848,0.05028125
152358,0.05028125
197535,0.05028125
154511,0.05028125
71229,0.05028125
103676,0.05028125
16524,0.05028125
122840,0.05028125
22263,0.05028125
125937,0.05028125
19375,0.05028125
157204,0.05028125
140557,0.05028125
96670,0.05028125
110460,0.05028125
186048,0.05028125
161412,0.05028125
164379,0.05028125
138352,0.05028125
90340,0.05028125
154465,0.05028125
186483,0.05028125
97714,0.05028125
166773,0.05028125
60720,0.05028125
70261,0.05028125
162612,0.05028125
132482,0.05028125
51652,0.05028125
153462,0.05028125
26325,0.05028125
26870,0.05028125
63099,0.05028125
135745,0.05028125
141191,0.05028125
21914,0.05028125
198915,0.05028125
183432,0.05028125
196646,0.05028125
166121,0.05028125
77653,0.05028125
143401,0.05028125
48453,0.05028125
156608,0.05028125
73164,0.05028125
31417,0.05028125
17916,0.05028125
14696,0.05028125
157892,0.05028125
108880,0.05028125
98451,0.05028125
177672,0.05028125
66462,0.05028125
175500,0.05028125
180510,0.05028125
47278,0.05028125
104679,0.05028125
119208,0.05028125
108170,0.05028125
116105,0.05028125
115253,0.05028125
196140,0.05028125
79272,0.05028125
71680,0.05028125
150676,0.05028125
50605,0.05028125
178020,0.05028125
123862,0.05028125
186105,0.05028125
9152,0.05028125
51215,0.05028125
126197,0.05028125
130931,0.05028125
71312,0.05028125
5962,0.05028125
24699,0.05028125
128559,0.05028125
62651,0.05028125
25313,0.05028125
72075,0.05028125
51968,0.05028125
4156,0.05028125
68935,0.05028125
181577,0.05028125
56568,0.05028125
191693,0.05028125
18970,0.05028125
96768,0.05028125
161049,0.05028125
177510,0.05028125
175692,0.05028125
142112,0.05028125
38751,0.05028125
123040,0.05028125
116477,0.05028125
42059,0.05028125
110480,0.05028125
167287,0.05028125
95545,0.05028125
151931,0.05028125
160541,0.05028125
36192,0.05028125
176175,0.05028125
160865,0.05028125
188489,0.05028125
69085,0.05028125
176781,0.05028125
118305,0.05028125
12037,0.05028125
8141,0.05028125
33242,0.05028125
88099,0.05028125
26400,0.05028125
162871,0.05028125
148721,0.05028125
62421,0.05028125
170593,0.05028125
47617,0.05028125
94955,0.05028125
133068,0.05028125
188120,0.05028125
198760,0.05028125
66907,0.05028125
146167,0.05028125
184485,0.05028125
32594,0.05028125
118344,0.05028125
6852,0.05028125
42364,0.05028125
79620,0.05028125
8239,0.05028125
32336,0.05028125
17310,0.05028125
119940,0.05028125
44717,0.05028125
48493,0.05028125
92547,0.05028125
3268,0.05028125
165303,0.05028125
195820,0.05028125
143570,0.05028125
54484,0.05028125
82782,0.05028125
78888,0.05028125
112726,0.05028125
162948,0.05028125
91176,0.05028125
4068,0.05028125
158028,0.05028125
183724,0.05028125
156967,0.05028125
134461,0.05028125
196507,0.05028125
19771,0.05028125
31775,0.05028125
161862,0.05028125
49163,0.05028125
143607,0.05028125
117901,0.05028125
168455,0.05028125
92693,0.05028125
58291,0.05028125
186304,0.05028125
15344,0.05028125
57109,0.05028125
161982,0.05028125
170228,0.05028125
45532,0.05028125
16200,0.05028125
24946,0.05028125
117595,0.05028125
115089,0.05028125
149554,0.05028125
148460,0.05028125
61632,0.05028125
13786,0.05028125
152050,0.05028125
98336,0.05028125
128967,0.05028125
143882,0.05028125
77205,0.05028125
109789,0.05028125
17198,0.05028125
149734,0.05028125
108104,0.05028125
124184,0.05028125
198449,0.05028125
190042,0.05028125
166307,0.05028125
64939,0.05028125
163619,0.05028125
158808,0.05028125
142663,0.05028125
74158,0.05028125
13391,0.05028125
64468,0.05028125
185267,0.05028125
85974,0.05028125
67587,0.05028125
139649,0.05028125
12700,0.05028125
62134,0.05028125
136967,0.05028125
70175,0.05028125
112519,0.05028125
73602,0.05028125
144338,0.05028125
9146,0.05028125
114617,0.05028125
101652,0.05028125
135709,0.05028125
81579,0.05028125
153516,0.05028125
169620,0.05028125
127828,0.05028125
41936,0.05028125
148968,0.05028125
1778,0.05028125
56580,0.05028125
46198,0.05028125
21413,0.05028125
169572,0.05028125
179141,0.05028125
151988,0.05028125
175363,0.05028125
11521,0.05028125
95853,0.05028125
40746,0.05028125
105346,0.05028125
169918,0.05028125
79022,0.05028125
70715,0.05028125
199054,0.05028125
100530,0.05028125
98951,0.05028125
114807,0.05028125
52431,0.05028125
177175,0.05028125
173185,0.05028125
108364,0.05028125
505,0.05028125
34163,0.05028125
145220,0.05028125
118873,0.05028125
52353,0.05028125
145950,0.05028125
183218,0.05028125
89370,0.05028125
174826,0.05028125
2355,0.05028125
2966,0.05028125
64089,0.05028125
26206,0.05028125
116462,0.05028125
109353,0.05028125
121122,0.05028125
173669,0.05028125
159142,0.05028125
120059,0.05028125
38645,0.05028125
15760,0.05028125
2286,0.05028125
4557,0.05028125
156148,0.05028125
36292,0.05028125
108813,0.05028125
195990,0.05028125
108502,0.05028125
100832,0.05028125
109526,0.05028125
96908,0.05028125
126404,0.05028125
16427,0.05028125
26321,0.05028125
40884,0.05028125
4736,0.05028125
73630,0.05028125
89514,0.05028125
104042,0.05028125
93003,0.05028125
55098,0.05028125
8123,0.05028125
77677,0.05028125
8154,0.05028125
172874,0.05028125
196930,0.05028125
37051,0.05028125
171095,0.05028125
160847,0.05028125
149687,0.05028125
184921,0.05028125
38376,0.05028125
103447,0.05028125
188494,0.05028125
89511,0.05028125
126730,0.05028125
189760,0.05028125
32373,0.05028125
165406,0.05028125
64848,0.05028125
22299,0.05028125
135652,0.05028125
106094,0.05028125
77674,0.05028125
155248,0.05028125
74119,0.05028125
21003,0.05028125
73259,0.05028125
46621,0.05028125
187256,0.05028125
101425,0.05028125
131755,0.05028125
125777,0.05028125
131211,0.05028125
176002,0.05028125
8638,0.05028125
108482,0.05028125
197706,0.05028125
152692,0.05028125
113129,0.05028125
108684,0.05028125
151292,0.05028125
83182,0.05028125
115018,0.05028125
128597,0.05028125
118437,0.05028125
110278,0.05028125
183357,0.05028125
39682,0.05028125
188589,0.05028125
136830,0.05028125
108858,0.05028125
39979,0.05028125
11684,0.05028125
136615,0.05028125
93366,0.05028125
86841,0.05028125
21508,0.05028125
93717,0.05028125
192532,0.05028125
76998,0.05028125
71712,0.05028125
58314,0.05028125
98214,0.05028125
42007,0.05028125
73815,0.05028125
129276,0.05028125
49965,0.05028125
38507,0.05028125
21400,0.05028125
89302,0.05028125
71589,0.05028125
170874,0.05028125
174702,0.05028125
174811,0.05028125
85212,0.05028125
169788,0.05028125
101327,0.05028125
135684,0.05028125
86018,0.05028125
43427,0.05028125
198680,0.05028125
75660,0.05028125
91038,0.05028125
104525,0.05028125
12277,0.05028125
181640,0.05028125
137728,0.05028125
160761,0.05028125
157488,0.05028125
61700,0.05028125
75569,0.05028125
111816,0.05028125
16720,0.05028125
176603,0.05028125
14360,0.05028125
32726,0.05028125
133189,0.05028125
113105,0.05028125
62423,0.05028125
57285,0.05028125
156599,0.05028125
12067,0.05028125
56048,0.05028125
121387,0.05028125
6683,0.05028125
105795,0.05028125
2849,0.05028125
182949,0.05028125
108273,0.05028125
123869,0.05028125
64188,0.05028125
34128,0.05028125
68310,0.05028125
134181,0.05028125
12122,0.05028125
78793,0.05028125
162057,0.05028125
100464,0.05028125
92079,0.05028125
26847,0.05028125
76486,0.05028125
1082,0.05028125
146892,0.05028125
18590,0.05028125
172854,0.05028125
192496,0.05028125
136491,0.05028125
25926,0.05028125
83824,0.05028125
196042,0.05028125
41648,0.05028125
147967,0.05028125
4712,0.05028125
177800,0.05028125
117016,0.05028125
95057,0.05028125
55684,0.05028125
109710,0.05028125
4142,0.05028125
138845,0.05028125
177163,0.05028125
143446,0.05028125
94283,0.05028125
102149,0.05028125
98517,0.05028125
92072,0.05028125
173722,0.05028125
13683,0.05028125
140181,0.05028125
99492,0.05028125
133723,0.05028125
18157,0.05028125
100459,0.05028125
134040,0.05028125
107629,0.05028125
95349,0.05028125
198484,0.05028125
179527,0.05028125
67526,0.05028125
89662,0.05028125
46971,0.05028125
116449,0.05028125
25051,0.05028125
59171,0.05028125
41538,0.05028125
81745,0.05028125
162454,0.05028125
57496,0.05028125
108266,0.05028125
85123,0.05028125
32878,0.05028125
45109,0.05028125
161652,0.05028125
151861,0.05028125
51357,0.05028125
70139,0.05028125
80749,0.05028125
173697,0.05028125
80308,0.05028125
167973,0.05028125
47148,0.05028125
176414,0.05028125
52677,0.05028125
145067,0.05028125
176844,0.05028125
193504,0.05028125
111520,0.05028125
23462,0.05028125
143549,0.05028125
127540,0.05028125
130743,0.05028125
83853,0.05028125
197937,0.05028125
173630,0.05028125
169579,0.05028125
164438,0.05028125
71478,0.05028125
105931,0.05028125
182410,0.05028125
99966,0.05028125
172589,0.05028125
84730,0.05028125
138669,0.05028125
6239,0.05028125
151221,0.05028125
4628,0.05028125
142312,0.05028125
95329,0.05028125
88218,0.05028125
75473,0.05028125
160789,0.05028125
130590,0.05028125
57907,0.05028125
35889,0.05028125
29595,0.05028125
80875,0.05028125
58397,0.05028125
188358,0.05028125
148063,0.05028125
44732,0.05028125
41066,0.05028125
74128,0.05028125
79029,0.05028125
58516,0.05028125
87224,0.05028125
89856,0.05028125
175396,0.05028125
5948,0.05028125
193676,0.05028125
17506,0.05028125
194895,0.05028125
51327,0.05028125
10059,0.05028125
69260,0.05028125
159437,0.05028125
185341,0.05028125
82017,0.05028125
42686,0.05028125
198132,0.05028125
76021,0.05028125
152308,0.05028125
78625,0.05028125
43849,0.05028125
3832,0.05028125
115471,0.05028125
138194,0.05028125
164448,0.05028125
1729,0.05028125
21701,0.05028125
145317,0.05028125
117346,0.05028125
127662,0.05028125
97677,0.05028125
35954,0.05028125
91343,0.05028125
183303,0.05028125
111111,0.05028125
92820,0.05028125
1219,0.05028125
135552,0.05028125
79104,0.05028125
6030,0.05028125
83976,0.05028125
105891,0.05028125
12970,0.05028125
82946,0.05028125
111114,0.05028125
149725,0.05028125
174745,0.05028125
98306,0.05028125
180967,0.05028125
36470,0.05028125
7232,0.05028125
103822,0.05028125
170841,0.05028125
178545,0.05028125
5464,0.05028125
199165,0.05028125
173556,0.05028125
150471,0.05028125
79398,0.05028125
128118,0.05028125
54436,0.05028125
155758,0.05028125
182382,0.05028125
185801,0.05028125
43405,0.05028125
119458,0.05028125
132324,0.05028125
104273,0.05028125
199322,0.05028125
182577,0.05028125
160649,0.05028125
81707,0.05028125
176960,0.05028125
110539,0.05028125
107880,0.05028125
108790,0.05028125
28172,0.05028125
123512,0.05028125
194908,0.05028125
66781,0.05028125
104482,0.05028125
103205,0.05028125
152703,0.05028125
141756,0.05028125
116896,0.05028125
26195,0.05028125
100003,0.05028125
55672,0.05028125
97867,0.05028125
134707,0.05028125
162640,0.05028125
146049,0.05028125
58009,0.05028125
124165,0.05028125
68706,0.05028125
127171,0.05028125
10994,0.05028125
44993,0.05028125
164275,0.05028125
86298,0.05028125
99349,0.05028125
16901,0.05028125
78740,0.05028125
95289,0.05028125
49060,0.05028125
171129,0.05028125
136167,0.05028125
12624,0.05028125
13475,0.05028125
142338,0.05028125
148438,0.05028125
98074,0.05028125
34871,0.05028125
77095,0.05028125
182254,0.05028125
132166,0.05028125
12118,0.05028125
134177,0.05028125
155252,0.05028125
138788,0.05028125
105474,0.05028125
154788,0.05028125
46620,0.05028125
115594,0.05028125
175173,0.05028125
52914,0.05028125
168158,0.05028125
99422,0.05028125
110369,0.05028125
170168,0.05028125
98554,0.05028125
34129,0.05028125
171888,0.05028125
195398,0.05028125
128644,0.05028125
199207,0.05028125
148634,0.05028125
132267,0.05028125
116116,0.05028125
15671,0.05028125
43433,0.05028125
69445,0.05028125
1372,0.05028125
188318,0.05028125
179720,0.05028125
161642,0.05028125
2292,0.05028125
53979,0.05028125
16382,0.05028125
147687,0.05028125
34636,0.05028125
148174,0.05028125
12707,0.05028125
68611,0.05028125
15045,0.05028125
127635,0.05028125
162985,0.05028125
54752,0.05028125
159435,0.05028125
55142,0.05028125
192916,0.05028125
182249,0.05028125
63705,0.05028125
147524,0.05028125
95234,0.05028125
62699,0.05028125
65794,0.05028125
168146,0.05028125
170137,0.05028125
134235,0.05028125
113648,0.05028125
98495,0.05028125
110953,0.05028125
59782,0.05028125
63768,0.05028125
169995,0.05028125
187549,0.05028125
186670,0.05028125
50092,0.05028125
165479,0.05028125
182465,0.05028125
70862,0.05028125
18339,0.05028125
52788,0.05028125
161807,0.05028125
134677,0.05028125
12096,0.05028125
173552,0.05028125
114709,0.05028125
135450,0.05028125
131776,0.05028125
23237,0.05028125
59061,0.05028125
46630,0.05028125
55943,0.05028125
198368,0.05028125
131264,0.05028125
132965,0.05028125
152121,0.05028125
108390,0.05028125
12352,0.05028125
134058,0.05028125
169782,0.05028125
73039,0.05028125
107763,0.05028125
10130,0.05028125
45021,0.05028125
162298,0.05028125
194953,0.05028125
36639,0.05028125
119767,0.05028125
183960,0.05028125
48799,0.05028125
155294,0.05028125
103515,0.05028125
38115,0.05028125
92900,0.05028125
63922,0.05028125
63605,0.05028125
1612,0.05028125
113704,0.05028125
150997,0.05028125
97971,0.05028125
111368,0.05028125
162032,0.05028125
139805,0.05028125
1459,0.05028125
92560,0.05028125
132362,0.05028125
186826,0.05028125
102781,0.05028125
77940,0.05028125
36364,0.05028125
61693,0.05028125
77524,0.05028125
88561,0.05028125
12276,0.05028125
185414,0.05028125
123621,0.05028125
189366,0.05028125
35454,0.05028125
193305,0.05028125
122098,0.05028125
130628,0.05028125
148514,0.05028125
147582,0.05028125
33373,0.05028125
38882,0.05028125
97980,0.05028125
88757,0.05028125
165184,0.05028125
9540,0.05028125
105224,0.05028125
37107,0.05028125
181535,0.05028125
158958,0.05028125
187408,0.05028125
149180,0.05028125
18472,0.05028125
103107,0.05028125
65931,0.05028125
188388,0.05028125
116139,0.05028125
176418,0.05028125
193460,0.05028125
95959,0.05028125
123455,0.05028125
15977,0.05028125
186155,0.05028125
56611,0.05028125
39790,0.05028125
183582,0.05028125
35590,0.05028125
156633,0.05028125
168329,0.05028125
79013,0.05028125
134895,0.05028125
152585,0.05028125
195303,0.05028125
29224,0.05028125
86223,0.05028125
194197,0.05028125
21174,0.05028125
73410,0.05028125
119325,0.05028125
144903,0.05028125
111393,0.05028125
155697,0.05028125
179237,0.05028125
90291,0.05028125
145405,0.05028125
96450,0.05028125
186685,0.05028125
72790,0.05028125
76597,0.05028125
34738,0.05028125
54499,0.05028125
133982,0.05028125
45168,0.05028125
89622,0.05028125
67200,0.05028125
143268,0.05028125
183117,0.05028125
139085,0.05028125
80031,0.05028125
174876,0.05028125
183751,0.05028125
39022,0.05028125
155655,0.05028125
164713,0.05028125
120138,0.05028125
50197,0.05028125
168130,0.05028125
147176,0.05028125
180918,0.05028125
596,0.05028125
62836,0.05028125
2345,0.05028125
99671,0.05028125
21850,0.05028125
8233,0.05028125
192018,0.05028125
136327,0.05028125
191831,0.05028125
8461,0.05028125
141575,0.05028125
167698,0.05028125
149337,0.05028125
126566,0.05028125
154109,0.05028125
48867,0.05028125
63351,0.05028125
64263,0.05028125
73150,0.05028125
89321,0.05028125
61120,0.05028125
189564,0.05028125
19798,0.05028125
112909,0.05028125
35670,0.05028125
95961,0.05028125
197803,0.05028125
80372,0.05028125
160870,0.05028125
102764,0.05028125
114832,0.05028125
136328,0.05028125
174442,0.05028125
198285,0.05028125
61010,0.05028125
12444,0.05028125
119987,0.05028125
39349,0.05028125
33361,0.05028125
86175,0.05028125
17138,0.05028125
87350,0.05028125
76513,0.05028125
6602,0.05028125
96153,0.05028125
78125,0.05028125
127250,0.05028125
75173,0.05028125
165729,0.05028125
133234,0.05028125
136233,0.05028125
95229,0.05028125
166957,0.05028125
73002,0.05028125
76936,0.05028125
17452,0.05028125
30888,0.05028125
64964,0.05028125
183217,0.05028125
196243,0.05028125
115704,0.05028125
3619,0.05028125
65871,0.05028125
172475,0.05028125
91007,0.05028125
25978,0.05028125
160953,0.05028125
148440,0.05028125
191467,0.05028125
183851,0.05028125
749,0.05028125
74551,0.05028125
29483,0.05028125
36808,0.05028125
191307,0.05028125
9665,0.05028125
9526,0.05028125
145294,0.05028125
42360,0.05028125
21723,0.05028125
11238,0.05028125
182181,0.05028125
18819,0.05028125
171515,0.05028125
58962,0.05028125
27407,0.05028125
55429,0.05028125
108587,0.05028125
85345,0.05028125
129813,0.05028125
199273,0.05028125
12992,0.05028125
183584,0.05028125
99833,0.05028125
196232,0.05028125
51930,0.05028125
3180,0.05028125
166569,0.05028125
162777,0.05028125
11758,0.05028125
46985,0.05028125
173636,0.05028125
58928,0.05028125
176444,0.05028125
116865,0.05028125
20607,0.05028125
107262,0.05028125
4283,0.05028125
2342,0.05028125
99312,0.05028125
22338,0.05028125
90147,0.05028125
120431,0.05028125
109049,0.05028125
62133,0.05028125
70742,0.05028125
82157,0.05028125
83509,0.05028125
163002,0.05028125
100321,0.05028125
110995,0.05028125
25691,0.05028125
23882,0.05028125
184454,0.05028125
85023,0.05028125
175071,0.05028125
117154,0.05028125
66869,0.05028125
175936,0.05028125
197818,0.05028125
45015,0.05028125
33478,0.05028125
163276,0.05028125
81100,0.05028125
57012,0.05028125
43339,0.05028125
135053,0.05028125
52255,0.05028125
85313,0.05028125
198878,0.05028125
4501,0.05028125
84893,0.05028125
133479,0.05028125
40374,0.05028125
170127,0.05028125
47947,0.05028125
36748,0.05028125
131489,0.05028125
28015,0.05028125
157421,0.05028125
148742,0.05028125
10176,0.05028125
18292,0.05028125
146670,0.05028125
150913,0.05028125
152594,0.05028125
53110,0.05028125
98977,0.05028125
187896,0.05028125
116694,0.05028125
100831,0.05028125
61467,0.05028125
150537,0.05028125
120361,0.05028125
164912,0.05028125
27260,0.05028125
97224,0.05028125
172205,0.05028125
90256,0.05028125
113228,0.05028125
81871,0.05028125
56978,0.05028125
154225,0.05028125
85510,0.05028125
13495,0.05028125
55964,0.05028125
102860,0.05028125
37786,0.05028125
136171,0.05028125
171547,0.05028125
92388,0.05028125
132375,0.05028125
181370,0.05028125
183847,0.05028125
34384,0.05028125
55240,0.05028125
111127,0.05028125
48003,0.05028125
95965,0.05028125
135172,0.05028125
144246,0.05028125
110257,0.05028125
51297,0.05028125
41462,0.05028125
25456,0.05028125
84705,0.05028125
170737,0.05028125
67183,0.05028125
186192,0.05028125
199052,0.05028125
155601,0.05028125
95114,0.05028125
33030,0.05028125
18800,0.05028125
3976,0.05028125
144174,0.05028125
93981,0.05028125
67864,0.05028125
192568,0.05028125
51800,0.05028125
160369,0.05028125
41997,0.05028125
38969,0.05028125
39454,0.05028125
25924,0.05028125
189396,0.05028125
85046,0.05028125
177045,0.05028125
66431,0.05028125
107527,0.05028125
4673,0.05028125
134653,0.05028125
37968,0.05028125
143609,0.05028125
65468,0.05028125
52550,0.05028125
158321,0.05028125
134877,0.05028125
6058,0.05028125
127137,0.05028125
180187,0.05028125
147499,0.05028125
127674,0.05028125
27940,0.05028125
32700,0.05028125
43383,0.05028125
95564,0.05028125
144030,0.05028125
62044,0.05028125
80909,0.05028125
88789,0.05028125
143525,0.05028125
170178,0.05028125
122487,0.05028125
49734,0.05028125
88068,0.05028125
52809,0.05028125
106893,0.05028125
104551,0.05028125
29523,0.05028125
14604,0.05028125
98457,0.05028125
131300,0.05028125
4508,0.05028125
8784,0.05028125
171964,0.05028125
139679,0.05028125
92223,0.05028125
190528,0.05028125
89683,0.05028125
63608,0.05028125
78822,0.05028125
175595,0.05028125
110630,0.05028125
1614,0.05028125
73857,0.05028125
119154,0.05028125
137332,0.05028125
109062,0.05028125
27059,0.05028125
71602,0.05028125
184107,0.05028125
155633,0.05028125
165335,0.05028125
99076,0.05028125
69498,0.05028125
132070,0.05028125
81036,0.05028125
29440,0.05028125
199262,0.05028125
151590,0.05028125
161699,0.05028125
39589,0.05028125
180381,0.05028125
76676,0.05028125
198859,0.05028125
65716,0.05028125
2587,0.05028125
155191,0.05028125
192210,0.05028125
104453,0.05028125
151632,0.05028125
99427,0.05028125
59710,0.05028125
162554,0.05028125
128031,0.05028125
71404,0.05028125
52941,0.05028125
33241,0.05028125
171417,0.05028125
12190,0.05028125
30244,0.05028125
167437,0.05028125
3533,0.05028125
8280,0.05028125
161584,0.05028125
128047,0.05028125
147090,0.05028125
50187,0.05028125
56906,0.05028125
155939,0.05028125
64887,0.05028125
87188,0.05028125
160943,0.05028125
197936,0.05028125
168231,0.05028125
82357,0.05028125
111774,0.05028125
90617,0.05028125
33970,0.05028125
37073,0.05028125
144316,0.05028125
63100,0.05028125
128776,0.05028125
43217,0.05028125
174896,0.05028125
113259,0.05028125
46340,0.05028125
166131,0.05028125
69466,0.05028125
182067,0.05028125
139364,0.05028125
142555,0.05028125
167467,0.05028125
73378,0.05028125
164641,0.05028125
113138,0.05028125
104121,0.05028125
138964,0.05028125
155794,0.05028125
68119,0.05028125
137659,0.05028125
113857,0.05028125
56375,0.05028125
18724,0.05028125
83461,0.05028125
94091,0.05028125
117037,0.05028125
139084,0.05028125
174668,0.05028125
95905,0.05028125
4456,0.05028125
37927,0.05028125
72801,0.05028125
147008,0.05028125
105411,0.05028125
41410,0.05028125
131098,0.05028125
188890,0.05028125
151250,0.05028125
145466,0.05028125
116929,0.05028125
103213,0.05028125
166332,0.05028125
72646,0.05028125
70558,0.05028125
62949,0.05028125
105633,0.05028125
19549,0.05028125
122424,0.05028125
81265,0.05028125
35276,0.05028125
20336,0.05028125
60363,0.05028125
80584,0.05028125
171296,0.05028125
73326,0.05028125
99298,0.05028125
116400,0.05028125
56096,0.05028125
24446,0.05028125
53328,0.05028125
36274,0.05028125
132934,0.05028125
66377,0.05028125
176441,0.05028125
7491,0.05028125
136057,0.05028125
62924,0.05028125
2489,0.05028125
91193,0.05028125
131338,0.05028125
195818,0.05028125
54986,0.05028125
186591,0.05028125
149981,0.05028125
125873,0.05028125
157822,0.05028125
161378,0.05028125
26435,0.05028125
72693,0.05028125
87314,0.05028125
78718,0.05028125
161074,0.05028125
74485,0.05028125
170598,0.05028125
39624,0.05028125
101667,0.05028125
47594,0.05028125
114693,0.05028125
23736,0.05028125
139655,0.05028125
65044,0.05028125
120719,0.05028125
72365,0.05028125
106042,0.05028125
131573,0.05028125
171844,0.05028125
172206,0.05028125
94517,0.05028125
185338,0.05028125
89305,0.05028125
58202,0.05028125
162006,0.05028125
82773,0.05028125
10181,0.05028125
171885,0.05028125
160434,0.05028125
46354,0.05028125
159253,0.05028125
170429,0.05028125
106945,0.05028125
37419,0.05028125
168152,0.05028125
83978,0.05028125
75451,0.05028125
38144,0.05028125
183036,0.05028125
111028,0.05028125
136067,0.05028125
78882,0.05028125
181804,0.05028125
32525,0.05028125
167486,0.05028125
139336,0.05028125
123564,0.05028125
154610,0.05028125
9923,0.05028125
85864,0.05028125
15665,0.05028125
156937,0.05028125
92397,0.05028125
116553,0.05028125
186486,0.05028125
127331,0.05028125
161687,0.05028125
24577,0.05028125
6216,0.05028125
60556,0.05028125
160170,0.05028125
43669,0.05028125
74794,0.05028125
56912,0.05028125
57037,0.05028125
102776,0.05028125
33554,0.05028125
116359,0.05028125
1464,0.05028125
125410,0.05028125
159202,0.05028125
54616,0.05028125
68823,0.05028125
5761,0.05028125
104332,0.05028125
87618,0.05028125
6795,0.05028125
119616,0.05028125
137730,0.05028125
35995,0.05028125
98769,0.05028125
59102,0.05028125
114837,0.05028125
147295,0.05028125
58483,0.05028125
54399,0.05028125
39175,0.05028125
79425,0.05028125
138213,0.05028125
110191,0.05028125
146987,0.05028125
163303,0.05028125
141509,0.05028125
82432,0.05028125
88354,0.05028125
129652,0.05028125
193102,0.05028125
144406,0.05028125
189457,0.05028125
16760,0.05028125
39574,0.05028125
78661,0.05028125
71269,0.05028125
112545,0.05028125
93971,0.05028125
96275,0.05028125
117774,0.05028125
137411,0.05028125
172720,0.05028125
56610,0.05028125
183079,0.05028125
184447,0.05028125
25846,0.05028125
106923,0.05028125
14066,0.05028125
825,0.05028125
85423,0.05028125
94568,0.05028125
91777,0.05028125
25416,0.05028125
133604,0.05028125
100373,0.05028125
113265,0.05028125
198292,0.05028125
135373,0.05028125
133242,0.05028125
22034,0.05028125
28820,0.05028125
181249,0.05028125
84839,0.05028125
119082,0.05028125
113029,0.05028125
45149,0.05028125
145637,0.05028125
164649,0.05028125
193120,0.05028125
52312,0.05028125
144249,0.05028125
40372,0.05028125
123307,0.05028125
167108,0.05028125
79070,0.05028125
158877,0.05028125
194188,0.05028125
79721,0.05028125
26567,0.05028125
66549,0.05028125
155339,0.05028125
33121,0.05028125
27466,0.05028125
49086,0.05028125
179746,0.05028125
73381,0.05028125
3525,0.05028125
125092,0.05028125
189570,0.05028125
55911,0.05028125
99084,0.05028125
46886,0.05028125
67162,0.05028125
11872,0.05028125
133553,0.05028125
140495,0.05028125
130602,0.05028125
198683,0.05028125
33275,0.05028125
64981,0.05028125
56306,0.05028125
178696,0.05028125
112861,0.05028125
162441,0.05028125
153497,0.05028125
127558,0.05028125
80478,0.05028125
12974,0.05028125
60982,0.05028125
75671,0.05028125
153020,0.05028125
149311,0.05028125
42443,0.05028125
89049,0.05028125
89100,0.05028125
49830,0.05028125
46982,0.05028125
165262,0.05028125
165681,0.05028125
194690,0.05028125
16184,0.05028125
108235,0.05028125
128186,0.05028125
54519,0.05028125
53511,0.05028125
110273,0.05028125
106342,0.05028125
97679,0.05028125
174879,0.05028125
176530,0.05028125
137465,0.05028125
117011,0.05028125
85592,0.05028125
33474,0.05028125
148203,0.05028125
80516,0.05028125
131281,0.05028125
4947,0.05028125
178442,0.05028125
118431,0.05028125
56033,0.05028125
36382,0.05028125
110772,0.05028125
72335,0.05028125
10295,0.05028125
9179,0.05028125
175191,0.05028125
131099,0.05028125
174363,0.05028125
111088,0.05028125
123897,0.05028125
152039,0.05028125
87235,0.05028125
95763,0.05028125
152725,0.05028125
12234,0.05028125
97450,0.05028125
142963,0.05028125
110931,0.05028125
28259,0.05028125
109924,0.05028125
95912,0.05028125
45185,0.05028125
12291,0.05028125
150282,0.05028125
30733,0.05028125
48192,0.05028125
160851,0.05028125
97273,0.05028125
107890,0.05028125
57549,0.05028125
66585,0.05028125
125739,0.05028125
706,0.05028125
77417,0.05028125
122678,0.05028125
43652,0.05028125
115186,0.05028125
157010,0.05028125
51019,0.05028125
55150,0.05028125
17668,0.05028125
30487,0.05028125
4372,0.05028125
48275,0.05028125
174726,0.05028125
186640,0.05028125
44398,0.05028125
152950,0.05028125
107561,0.05028125
73415,0.05028125
155383,0.05028125
135465,0.05028125
178771,0.05028125
7169,0.05028125
125529,0.05028125
114401,0.05028125
107004,0.05028125
18004,0.05028125
36898,0.05028125
121029,0.05028125
67845,0.05028125
144623,0.05028125
142583,0.05028125
145634,0.05028125
112051,0.05028125
133913,0.05028125
30648,0.05028125
130824,0.05028125
159979,0.05028125
169311,0.05028125
1739,0.05028125
171083,0.05028125
365,0.05028125
85037,0.05028125
49545,0.05028125
165442,0.05028125
77858,0.05028125
31897,0.05028125
120280,0.05028125
189553,0.05028125
57791,0.05028125
60383,0.05028125
26368,0.05028125
181914,0.05028125
98429,0.05028125
109880,0.05028125
32173,0.05028125
161009,0.05028125
50343,0.05028125
157593,0.05028125
60211,0.05028125
95623,0.05028125
182402,0.05028125
121255,0.05028125
144103,0.05028125
54396,0.05028125
131519,0.05028125
41482,0.05028125
36718,0.05028125
102458,0.05028125
16188,0.05028125
22038,0.05028125
13189,0.05028125
7816,0.05028125
126282,0.05028125
135371,0.05028125
16815,0.05028125
63453,0.05028125
17472,0.05028125
130416,0.05028125
38699,0.05028125
67554,0.05028125
117751,0.05028125
95842,0.05028125
191246,0.05028125
113888,0.05028125
35578,0.05028125
192322,0.05028125
94564,0.05028125
111548,0.05028125
86590,0.05028125
177250,0.05028125
25669,0.05028125
107532,0.05028125
154342,0.05028125
49974,0.05028125
70265,0.05028125
85386,0.05028125
36005,0.05028125
64903,0.05028125
98442,0.05028125
178308,0.05028125
168083,0.05028125
153177,0.05028125
18935,0.05028125
26059,0.05028125
113333,0.05028125
166073,0.05028125
190247,0.05028125
198807,0.05028125
178022,0.05028125
7336,0.05028125
48798,0.05028125
18366,0.05028125
94326,0.05028125
77446,0.05028125
70244,0.05028125
23378,0.05028125
151028,0.05028125
103364,0.05028125
48607,0.05028125
182115,0.05028125
158479,0.05028125
178962,0.05028125
106615,0.05028125
181429,0.05028125
186567,0.05028125
34304,0.05028125
10915,0.05028125
155109,0.05028125
116966,0.05028125
30688,0.05028125
8064,0.05028125
30564,0.05028125
86353,0.05028125
198779,0.05028125
124015,0.05028125
179928,0.05028125
39259,0.05028125
129829,0.05028125
44523,0.05028125
69830,0.05028125
30863,0.05028125
181454,0.05028125
55800,0.05028125
132335,0.05028125
79334,0.05028125
12697,0.05028125
169394,0.05028125
36961,0.05028125
136549,0.05028125
69477,0.05028125
182141,0.05028125
53876,0.05028125
24063,0.05028125
86303,0.05028125
14992,0.05028125
174665,0.05028125
64329,0.05028125
184583,0.05028125
182957,0.05028125
61155,0.05028125
1672,0.05028125
77338,0.05028125
187803,0.05028125
69064,0.05028125
173717,0.05028125
159654,0.05028125
72041,0.05028125
124429,0.05028125
142605,0.05028125
28302,0.05028125
33852,0.05028125
20353,0.05028125
178938,0.05028125
35811,0.05028125
44761,0.05028125
192520,0.05028125
192191,0.05028125
130549,0.05028125
175798,0.05028125
69453,0.05028125
16234,0.05028125
138245,0.05028125
86188,0.05028125
134131,0.05028125
155351,0.05028125
122637,0.05028125
33930,0.05028125
65074,0.05028125
162944,0.05028125
100334,0.05028125
99768,0.05028125
93982,0.05028125
147250,0.05028125
109830,0.05028125
15229,0.05028125
66582,0.05028125
25625,0.05028125
186883,0.05028125
115291,0.05028125
169982,0.05028125
72329,0.05028125
132859,0.05028125
100571,0.05028125
61792,0.05028125
27544,0.05028125
121379,0.05028125
35236,0.05028125
114639,0.05028125
125845,0.05028125
93966,0.05028125
58754,0.05028125
15444,0.05028125
8584,0.05028125
83919,0.05028125
186412,0.05028125
167630,0.05028125
61709,0.05028125
55744,0.05028125
68776,0.05028125
95886,0.05028125
78101,0.05028125
81080,0.05028125
118628,0.05028125
61817,0.05028125
179493,0.05028125
141452,0.05028125
193758,0.05028125
19832,0.05028125
195564,0.05028125
193098,0.05028125
187212,0.05028125
124674,0.05028125
137935,0.05028125
188951,0.05028125
156943,0.05028125
67321,0.05028125
63475,0.05028125
64720,0.05028125
172687,0.05028125
29069,0.05028125
38876,0.05028125
154113,0.05028125
123605,0.05028125
64392,0.05028125
124329,0.05028125
46608,0.05028125
152928,0.05028125
159554,0.05028125
2430,0.05028125
196355,0.05028125
189590,0.05028125
172664,0.05028125
136773,0.05028125
183070,0.05028125
44303,0.05028125
176133,0.05028125
159089,0.05028125
160600,0.05028125
159576,0.05028125
41341,0.05028125
144386,0.05028125
109459,0.05028125
21683,0.05028125
148785,0.05028125
27141,0.05028125
96068,0.05028125
138929,0.05028125
15786,0.05028125
34002,0.05028125
106632,0.05028125
139060,0.05028125
89895,0.05028125
45029,0.05028125
125943,0.05028125
49937,0.05028125
171201,0.05028125
106482,0.05028125
59700,0.05028125
165073,0.05028125
180308,0.05028125
79109,0.05028125
186715,0.05028125
81753,0.05028125
71357,0.05028125
20245,0.05028125
86975,0.05028125
105869,0.05028125
197574,0.05028125
14060,0.05028125
11178,0.05028125
69721,0.05028125
28155,0.05028125
32550,0.05028125
91591,0.05028125
27695,0.05028125
68156,0.05028125
148819,0.05028125
22257,0.05028125
123695,0.05028125
60522,0.05028125
42093,0.05028125
16613,0.05028125
93763,0.05028125
37802,0.05028125
175805,0.05028125
87078,0.05028125
65221,0.05028125
98663,0.05028125
150016,0.05028125
87883,0.05028125
145911,0.05028125
30591,0.05028125
92249,0.05028125
120953,0.05028125
141429,0.05028125
140958,0.05028125
171269,0.05028125
194302,0.05028125
67645,0.05028125
33260,0.05028125
119753,0.05028125
116273,0.05028125
155992,0.05028125
107540,0.05028125
173003,0.05028125
126646,0.05028125
114123,0.05028125
142129,0.05028125
125535,0.05028125
125843,0.05028125
152098,0.05028125
141698,0.05028125
43218,0.05028125
69435,0.05028125
163505,0.05028125
157810,0.05028125
165051,0.05028125
166077,0.05028125
100977,0.05028125
43635,0.05028125
17799,0.05028125
88476,0.05028125
69693,0.05028125
33128,0.05028125
13561,0.05028125
110382,0.05028125
164506,0.05028125
196372,0.05028125
80618,0.05028125
166334,0.05028125
16134,0.05028125
56663,0.05028125
76355,0.05028125
125673,0.05028125
40006,0.05028125
7863,0.05028125
71815,0.05028125
107743,0.05028125
189341,0.05028125
157868,0.05028125
99428,0.05028125
110236,0.05028125
53727,0.05028125
33581,0.05028125
190150,0.05028125
170064,0.05028125
122104,0.05028125
24958,0.05028125
17993,0.05028125
14964,0.05028125
160623,0.05028125
11543,0.05028125
56528,0.05028125
67548,0.05028125
113336,0.05028125
196171,0.05028125
132243,0.05028125
174782,0.05028125
33283,0.05028125
124271,0.05028125
78683,0.05028125
174009,0.05028125
179046,0.05028125
194135,0.05028125
121882,0.05028125
12245,0.05028125
46920,0.05028125
16900,0.05028125
188541,0.05028125
27194,0.05028125
29989,0.05028125
18258,0.05028125
73057,0.05028125
145925,0.05028125
70818,0.05028125
74908,0.05028125
18297,0.05028125
191420,0.05028125
75782,0.05028125
1133,0.05028125
117660,0.05028125
95367,0.05028125
187928,0.05028125
124369,0.05028125
154502,0.05028125
84359,0.05028125
103761,0.05028125
22451,0.05028125
32417,0.05028125
76360,0.05028125
24430,0.05028125
132677,0.05028125
151372,0.05028125
139579,0.05028125
182509,0.05028125
23589,0.05028125
34278,0.05028125
159805,0.05028125
128778,0.05028125
85406,0.05028125
135358,0.05028125
8710,0.05028125
191098,0.05028125
21080,0.05028125
50483,0.05028125
53586,0.05028125
69425,0.05028125
168718,0.05028125
178055,0.05028125
39070,0.05028125
109487,0.05028125
58312,0.05028125
116887,0.05028125
156543,0.05028125
81919,0.05028125
195887,0.05028125
86120,0.05028125
53612,0.05028125
192247,0.05028125
26597,0.05028125
123840,0.05028125
107859,0.05028125
38814,0.05028125
77096,0.05028125
194186,0.05028125
66716,0.05028125
18978,0.05028125
13976,0.05028125
20818,0.05028125
68181,0.05028125
65013,0.05028125
98887,0.05028125
118572,0.05028125
24265,0.05028125
168349,0.05028125
140460,0.05028125
68941,0.05028125
12031,0.05028125
185944,0.05028125
189769,0.05028125
62656,0.05028125
172588,0.05028125
8637,0.05028125
34070,0.05028125
28001,0.05028125
113159,0.05028125
111652,0.05028125
115949,0.05028125
54057,0.05028125
59927,0.05028125
147404,0.05028125
166277,0.05028125
30578,0.05028125
150397,0.05028125
90716,0.05028125
72347,0.05028125
14168,0.05028125
157059,0.05028125
69519,0.05028125
153851,0.05028125
185238,0.05028125
109855,0.05028125
155997,0.05028125
86973,0.05028125
84633,0.05028125
168852,0.05028125
196298,0.05028125
50325,0.05028125
45992,0.05028125
12307,0.05028125
117098,0.05028125
24078,0.05028125
147368,0.05028125
118842,0.05028125
53355,0.05028125
50082,0.05028125
188055,0.05028125
178050,0.05028125
196714,0.05028125
105677,0.05028125
46969,0.05028125
68274,0.05028125
120570,0.05028125
144423,0.05028125
190337,0.05028125
190817,0.05028125
181022,0.05028125
12425,0.05028125
117123,0.05028125
14939,0.05028125
161953,0.05028125
190478,0.05028125
21344,0.05028125
158728,0.05028125
30612,0.05028125
40353,0.05028125
75023,0.05028125
80187,0.05028125
124336,0.05028125
44311,0.05028125
197656,0.05028125
66296,0.05028125
166371,0.05028125
87652,0.05028125
175644,0.05028125
123155,0.05028125
48962,0.05028125
67409,0.05028125
24789,0.05028125
106705,0.05028125
121541,0.05028125
173064,0.05028125
199823,0.05028125
76923,0.05028125
180053,0.05028125
79817,0.05028125
132193,0.05028125
96592,0.05028125
179642,0.05028125
42726,0.05028125
71288,0.05028125
58308,0.05028125
199476,0.05028125
171018,0.05028125
90904,0.05028125
196869,0.05028125
81442,0.05028125
111204,0.05028125
187559,0.05028125
135707,0.05028125
190841,0.05028125
39276,0.05028125
146605,0.05028125
14018,0.05028125
195332,0.05028125
148454,0.05028125
35611,0.05028125
169043,0.05028125
129390,0.05028125
136203,0.05028125
145456,0.05028125
13770,0.05028125
115965,0.05028125
146673,0.05028125
48469,0.05028125
76915,0.05028125
149041,0.05028125
103340,0.05028125
51721,0.05028125
110510,0.05028125
177947,0.05028125
99436,0.05028125
55575,0.05028125
17729,0.05028125
103080,0.05028125
162594,0.05028125
139692,0.05028125
156831,0.05028125
19800,0.05028125
132074,0.05028125
57455,0.05028125
48091,0.05028125
121542,0.05028125
45279,0.05028125
161147,0.05028125
107645,0.05028125
172449,0.05028125
173675,0.05028125
86047,0.05028125
183180,0.05028125
11078,0.05028125
181320,0.05028125
54923,0.05028125
48684,0.05028125
155833,0.05028125
185086,0.05028125
47846,0.05028125
196062,0.05028125
133800,0.05028125
104014,0.05028125
149744,0.05028125
63181,0.05028125
82996,0.05028125
47320,0.05028125
166213,0.05028125
16285,0.05028125
7251,0.05028125
154036,0.05028125
161436,0.05028125
159543,0.05028125
157509,0.05028125
192835,0.05028125
82297,0.05028125
132903,0.05028125
69431,0.05028125
175044,0.05028125
179737,0.05028125
16061,0.05028125
70642,0.05028125
134054,0.05028125
176078,0.05028125
63385,0.05028125
160989,0.05028125
24695,0.05028125
114347,0.05028125
186929,0.05028125
119362,0.05028125
155653,0.05028125
6804,0.05028125
41709,0.05028125
37953,0.05028125
137856,0.05028125
153566,0.05028125
140793,0.05028125
178443,0.05028125
190553,0.05028125
128237,0.05028125
51111,0.05028125
185145,0.05028125
92346,0.05028125
26792,0.05028125
127943,0.05028125
47315,0.05028125
123230,0.05028125
165995,0.05028125
30791,0.05028125
145291,0.05028125
160918,0.05028125
168286,0.05028125
117993,0.05028125
151866,0.05028125
171275,0.05028125
30765,0.05028125
76072,0.05028125
154075,0.05028125
48361,0.05028125
2072,0.05028125
199264,0.05028125
19239,0.05028125
91271,0.05028125
189774,0.05028125
56456,0.05028125
20473,0.05028125
134128,0.05028125
191617,0.05028125
104616,0.05028125
54031,0.05028125
174823,0.05028125
154676,0.05028125
183812,0.05028125
161896,0.05028125
170761,0.05028125
91389,0.05028125
102602,0.05028125
95985,0.05028125
21634,0.05028125
91165,0.05028125
105260,0.05028125
134009,0.05028125
84037,0.05028125
131199,0.05028125
181667,0.05028125
169563,0.05028125
60190,0.05028125
102327,0.05028125
47927,0.05028125
112156,0.05028125
35521,0.05028125
164630,0.05028125
43514,0.05028125
184016,0.05028125
199520,0.05028125
170745,0.05028125
110819,0.05028125
13175,0.05028125
101318,0.05028125
141649,0.05028125
152507,0.05028125
1891,0.05028125
23314,0.05028125
100209,0.05028125
13928,0.05028125
27033,0.05028125
68298,0.05028125
5613,0.05028125
124965,0.05028125
167856,0.05028125
86698,0.05028125
136007,0.05028125
50453,0.05028125
93871,0.05028125
72862,0.05028125
100828,0.05028125
173520,0.05028125
168825,0.05028125
131266,0.05028125
20910,0.05028125
93035,0.05028125
188819,0.05028125
173080,0.05028125
124339,0.05028125
196802,0.05028125
9604,0.05028125
91482,0.05028125
160474,0.05028125
82544,0.05028125
119164,0.05028125
82322,0.05028125
101928,0.05028125
68094,0.05028125
157939,0.05028125
118133,0.05028125
105484,0.05028125
175312,0.05028125
103773,0.05028125
75963,0.05028125
161191,0.05028125
182585,0.05028125
192476,0.05028125
118727,0.05028125
174674,0.05028125
129673,0.05028125
128432,0.05028125
73524,0.05028125
153879,0.05028125
51609,0.05028125
194994,0.05028125
86810,0.05028125
39496,0.05028125
36023,0.05028125
64371,0.05028125
89477,0.05028125
181332,0.05028125
81949,0.05028125
182063,0.05028125
84530,0.05028125
84499,0.05028125
172951,0.05028125
101308,0.05028125
90922,0.05028125
40482,0.05028125
68682,0.05028125
173037,0.05028125
160094,0.05028125
85586,0.05028125
49298,0.05028125
907,0.05028125
98689,0.05028125
7848,0.05028125
112563,0.05028125
106336,0.05028125
29245,0.05028125
4824,0.05028125
7493,0.05028125
100661,0.05028125
87903,0.05028125
12945,0.05028125
131267,0.05028125
89541,0.05028125
101695,0.05028125
168833,0.05028125
119378,0.05028125
72292,0.05028125
165202,0.05028125
108139,0.05028125
119380,0.05028125
118942,0.05028125
96726,0.05028125
71603,0.05028125
147859,0.05028125
108166,0.05028125
115411,0.05028125
17964,0.05028125
62465,0.05028125
169979,0.05028125
90098,0.05028125
134419,0.05028125
102150,0.05028125
80760,0.05028125
97561,0.05028125
109406,0.05028125
68197,0.05028125
42956,0.05028125
80026,0.05028125
171860,0.05028125
179154,0.05028125
175960,0.05028125
79879,0.05028125
44859,0.05028125
155296,0.05028125
30999,0.05028125
42405,0.05028125
96705,0.05028125
72446,0.05028125
195935,0.05028125
39049,0.05028125
181775,0.05028125
20695,0.05028125
170110,0.05028125
178136,0.05028125
38850,0.05028125
47595,0.05028125
50935,0.05028125
178403,0.05028125
61037,0.05028125
56007,0.05028125
77654,0.05028125
126011,0.05028125
32920,0.05028125
83970,0.05028125
92302,0.05028125
93001,0.05028125
95291,0.05028125
27164,0.05028125
74073,0.05028125
26594,0.05028125
192644,0.05028125
84402,0.05028125
169167,0.05028125
44922,0.05028125
97372,0.05028125
8053,0.05028125
107319,0.05028125
123709,0.05028125
84307,0.05028125
87329,0.05028125
132192,0.05028125
195172,0.05028125
192240,0.05028125
164126,0.05028125
172387,0.05028125
1651,0.05028125
64797,0.05028125
151525,0.05028125
15709,0.05028125
120004,0.05028125
195463,0.05028125
73209,0.05028125
97956,0.05028125
135943,0.05028125
21892,0.05028125
156718,0.05028125
160178,0.05028125
33664,0.05028125
18571,0.05028125
57747,0.05028125
138183,0.05028125
135458,0.05028125
5117,0.05028125
36022,0.05028125
59527,0.05028125
81505,0.05028125
16604,0.05028125
34242,0.05028125
56017,0.05028125
161525,0.05028125
76661,0.05028125
90060,0.05028125
18973,0.05028125
189124,0.05028125
84151,0.05028125
73568,0.05028125
194023,0.05028125
27800,0.05028125
110690,0.05028125
153901,0.05028125
128849,0.05028125
158942,0.05028125
85451,0.05028125
33268,0.05028125
120165,0.05028125
153106,0.05028125
185927,0.05028125
74618,0.05028125
69221,0.05028125
107373,0.05028125
49027,0.05028125
36955,0.05028125
178751,0.05028125
76603,0.05028125
102304,0.05028125
194603,0.05028125
26763,0.05028125
114826,0.05028125
81172,0.05028125
113379,0.05028125
130870,0.05028125
47084,0.05028125
156414,0.05028125
19951,0.05028125
98219,0.05028125
29719,0.05028125
8206,0.05028125
113935,0.05028125
84410,0.05028125
175459,0.05028125
7310,0.05028125
679,0.05028125
149897,0.05028125
52265,0.05028125
82033,0.05028125
137376,0.05028125
145951,0.05028125
105030,0.05028125
25269,0.05028125
30853,0.05028125
177058,0.05028125
53899,0.05028125
199041,0.05028125
21728,0.05028125
27091,0.05028125
141420,0.05028125
151412,0.05028125
21642,0.05028125
190567,0.05028125
126863,0.05028125
160845,0.05028125
59282,0.05028125
12535,0.05028125
109126,0.05028125
61457,0.05028125
56354,0.05028125
143892,0.05028125
81030,0.05028125
10508,0.05028125
178301,0.05028125
58150,0.05028125
159784,0.05028125
16997,0.05028125
81769,0.05028125
110209,0.05028125
30315,0.05028125
35233,0.05028125
190821,0.05028125
66305,0.05028125
109762,0.05028125
183769,0.05028125
5299,0.05028125
148188,0.05028125
110557,0.05028125
13959,0.05028125
198215,0.05028125
56196,0.05028125
165133,0.05028125
32590,0.05028125
54413,0.05028125
47847,0.05028125
190015,0.05028125
82159,0.05028125
982,0.05028125
153283,0.05028125
102685,0.05028125
126106,0.05028125
76584,0.05028125
41322,0.05028125
24776,0.05028125
163571,0.05028125
192764,0.05028125
57273,0.05028125
6780,0.05028125
76933,0.05028125
173309,0.05028125
127686,0.05028125
115545,0.05028125
108726,0.05028125
24142,0.05028125
181561,0.05028125
145711,0.05028125
122383,0.05028125
133850,0.05028125
86556,0.05028125
70258,0.05028125
21385,0.05028125
80580,0.05028125
24,0.05028125
164840,0.05028125
153546,0.05028125
40629,0.05028125
90653,0.05028125
36743,0.05028125
177482,0.05028125
55006,0.05028125
121652,0.05028125
125747,0.05028125
173486,0.05028125
46298,0.05028125
140794,0.05028125
108651,0.05028125
67031,0.05028125
84888,0.05028125
71117,0.05028125
183762,0.05028125
107696,0.05028125
30758,0.05028125
142034,0.05028125
121066,0.05028125
155203,0.05028125
109798,0.05028125
75466,0.05028125
181967,0.05028125
41280,0.05028125
56959,0.05028125
143217,0.05028125
161518,0.05028125
180046,0.05028125
90005,0.05028125
74254,0.05028125
70890,0.05028125
119917,0.05028125
82312,0.05028125
63043,0.05028125
31114,0.05028125
41151,0.05028125
111030,0.05028125
59954,0.05028125
55421,0.05028125
162613,0.05028125
149487,0.05028125
48632,0.05028125
35749,0.05028125
121043,0.05028125
93323,0.05028125
155251,0.05028125
99437,0.05028125
104934,0.05028125
86733,0.05028125
197546,0.05028125
184151,0.05028125
8966,0.05028125
191841,0.05028125
71851,0.05028125
194373,0.05028125
81584,0.05028125
103603,0.05028125
156648,0.05028125
135628,0.05028125
102746,0.05028125
143511,0.05028125
151153,0.05028125
90944,0.05028125
170862,0.05028125
57381,0.05028125
106483,0.05028125
148626,0.05028125
177344,0.05028125
175444,0.05028125
164739,0.05028125
158441,0.05028125
49187,0.05028125
93809,0.05028125
79710,0.05028125
187799,0.05028125
62526,0.05028125
7936,0.05028125
187058,0.05028125
53367,0.05028125
23775,0.05028125
103315,0.05028125
23296,0.05028125
75324,0.05028125
72961,0.05028125
136010,0.05028125
138645,0.05028125
53748,0.05028125
118696,0.05028125
57787,0.05028125
6678,0.05028125
94592,0.05028125
10143,0.05028125
84276,0.05028125
22234,0.05028125
125066,0.05028125
86247,0.05028125
58645,0.05028125
2298,0.05028125
194761,0.05028125
194169,0.05028125
9624,0.05028125
169791,0.05028125
30679,0.05028125
166866,0.05028125
73402,0.05028125
62219,0.05028125
148936,0.05028125
110679,0.05028125
96803,0.05028125
175608,0.05028125
99114,0.05028125
60182,0.05028125
19374,0.05028125
108068,0.05028125
124777,0.05028125
160867,0.05028125
142612,0.05028125
48667,0.05028125
179879,0.05028125
121111,0.05028125
166350,0.05028125
162576,0.05028125
92158,0.05028125
75881,0.05028125
193804,0.05028125
187731,0.05028125
188232,0.05028125
151756,0.05028125
108624,0.05028125
139534,0.05028125
104607,0.05028125
92497,0.05028125
86906,0.05028125
28169,0.05028125
11855,0.05028125
149742,0.05028125
128313,0.05028125
25779,0.05028125
63997,0.05028125
4627,0.05028125
69508,0.05028125
177496,0.05028125
77451,0.05028125
18804,0.05028125
17276,0.05028125
131968,0.05028125
122408,0.05028125
165082,0.05028125
159427,0.05028125
87271,0.05028125
11225,0.05028125
72510,0.05028125
52523,0.05028125
175546,0.05028125
101295,0.05028125
199219,0.05028125
63107,0.05028125
139160,0.05028125
61910,0.05028125
92739,0.05028125
81383,0.05028125
36736,0.05028125
55616,0.05028125
197286,0.05028125
39402,0.05028125
117964,0.05028125
143978,0.05028125
171908,0.05028125
163256,0.05028125
172180,0.05028125
134710,0.05028125
36764,0.05028125
102305,0.05028125
63381,0.05028125
165178,0.05028125
5448,0.05028125
177122,0.05028125
81523,0.05028125
179664,0.05028125
118262,0.05028125
110669,0.05028125
120810,0.05028125
183853,0.05028125
114246,0.05028125
164924,0.05028125
63840,0.05028125
168105,0.05028125
79844,0.05028125
173615,0.05028125
105536,0.05028125
44836,0.05028125
52291,0.05028125
170596,0.05028125
97608,0.05028125
17168,0.05028125
144164,0.05028125
93612,0.05028125
62055,0.05028125
81396,0.05028125
44004,0.05028125
44901,0.05028125
2653,0.05028125
95303,0.05028125
36829,0.05028125
3498,0.05028125
176378,0.05028125
172309,0.05028125
107132,0.05028125
110099,0.05028125
74382,0.05028125
124936,0.05028125
87205,0.05028125
67734,0.05028125
156306,0.05028125
48109,0.05028125
22714,0.05028125
8668,0.05028125
54680,0.05028125
61357,0.05028125
22703,0.05028125
42638,0.05028125
70994,0.05028125
135201,0.05028125
83052,0.05028125
159251,0.05028125
60655,0.05028125
88033,0.05028125
79962,0.05028125
42030,0.05028125
176761,0.05028125
156906,0.05028125
65383,0.05028125
77389,0.05028125
171152,0.05028125
17740,0.05028125
113195,0.05028125
4198,0.05028125
26688,0.05028125
136885,0.05028125
46461,0.05028125
15054,0.05028125
50132,0.05028125
118058,0.05028125
101780,0.05028125
41103,0.05028125
118257,0.05028125
26778,0.05028125
190839,0.05028125
59474,0.05028125
165233,0.05028125
154160,0.05028125
51534,0.05028125
23235,0.05028125
53819,0.05028125
187524,0.05028125
37019,0.05028125
166019,0.05028125
94601,0.05028125
44819,0.05028125
155935,0.05028125
186436,0.05028125
54701,0.05028125
154589,0.05028125
147280,0.05028125
121175,0.05028125
152217,0.05028125
172865,0.05028125
74213,0.05028125
51474,0.05028125
196262,0.05028125
167842,0.05028125
165924,0.05028125
97845,0.05028125
180908,0.05028125
138573,0.05028125
160841,0.05028125
128538,0.05028125
5474,0.05028125
131511,0.05028125
130914,0.05028125
111509,0.05028125
149392,0.05028125
78154,0.05028125
102422,0.05028125
46991,0.05028125
135115,0.05028125
25835,0.05028125
100560,0.05028125
30746,0.05028125
80382,0.05028125
90252,0.05028125
182317,0.05028125
93516,0.05028125
27719,0.05028125
51596,0.05028125
1468,0.05028125
30598,0.05028125
72050,0.05028125
70285,0.05028125
51511,0.05028125
79227,0.05028125
9117,0.05028125
26829,0.05028125
123536,0.05028125
171943,0.05028125
87548,0.05028125
122380,0.05028125
129256,0.05028125
120789,0.05028125
89099,0.05028125
155896,0.05028125
91760,0.05028125
117817,0.05028125
172520,0.05028125
130708,0.05028125
194538,0.05028125
136934,0.05028125
161199,0.05028125
188823,0.05028125
64778,0.05028125
8645,0.05028125
18336,0.05028125
167416,0.05028125
29071,0.05028125
17516,0.05028125
26124,0.05028125
28233,0.05028125
174893,0.05028125
157635,0.05028125
81569,0.05028125
152412,0.05028125
22582,0.05028125
6072,0.05028125
39528,0.05028125
61681,0.05028125
177666,0.05028125
145725,0.05028125
136935,0.05028125
78708,0.05028125
74611,0.05028125
847,0.05028125
52122,0.05028125
87583,0.05028125
164950,0.05028125
121639,0.05028125
17148,0.05028125
135950,0.05028125
42652,0.05028125
56516,0.05028125
123661,0.05028125
57969,0.05028125
956,0.05028125
195256,0.05028125
56977,0.05028125
98458,0.05028125
142906,0.05028125
176628,0.05028125
70971,0.05028125
14881,0.05028125
66771,0.05028125
131725,0.05028125
57195,0.05028125
31526,0.05028125
119529,0.05028125
77749,0.05028125
64366,0.05028125
179464,0.05028125
112036,0.05028125
79486,0.05028125
38975,0.05028125
62928,0.05028125
91786,0.05028125
124833,0.05028125
85398,0.05028125
41523,0.05028125
180240,0.05028125
189291,0.05028125
9601,0.05028125
166920,0.05028125
120325,0.05028125
32619,0.05028125
199304,0.05028125
91285,0.05028125
88686,0.05028125
196502,0.05028125
37456,0.05028125
145532,0.05028125
63425,0.05028125
27691,0.05028125
51385,0.05028125
169822,0.05028125
124078,0.05028125
101061,0.05028125
157013,0.05028125
184078,0.05028125
80822,0.05028125
116518,0.05028125
123172,0.05028125
48108,0.05028125
155155,0.05028125
100149,0.05028125
14530,0.05028125
84683,0.05028125
147286,0.05028125
75964,0.05028125
176841,0.05028125
63507,0.05028125
154056,0.05028125
73414,0.05028125
145865,0.05028125
75369,0.05028125
182049,0.05028125
98157,0.05028125
141139,0.05028125
142794,0.05028125
122881,0.05028125
104560,0.05028125
167914,0.05028125
137558,0.05028125
144253,0.05028125
117051,0.05028125
84846,0.05028125
37076,0.05028125
101719,0.05028125
12789,0.05028125
64793,0.05028125
30642,0.05028125
17639,0.05028125
72568,0.05028125
171340,0.05028125
155877,0.05028125
69949,0.05028125
163397,0.05028125
178303,0.05028125
109387,0.05028125
186559,0.05028125
193218,0.05028125
121749,0.05028125
75589,0.05028125
128012,0.05028125
77894,0.05028125
180395,0.05028125
93212,0.05028125
197507,0.05028125
126932,0.05028125
177912,0.05028125
131692,0.05028125
77136,0.05028125
75643,0.05028125
128625,0.05028125
63490,0.05028125
19836,0.05028125
74966,0.05028125
37611,0.05028125
50822,0.05028125
88303,0.05028125
123430,0.05028125
22110,0.05028125
187670,0.05028125
77643,0.05028125
112581,0.05028125
93752,0.05028125
115207,0.05028125
66785,0.05028125
79378,0.05028125
106849,0.05028125
5385,0.05028125
183952,0.05028125
97183,0.05028125
180387,0.05028125
110767,0.05028125
158289,0.05028125
156763,0.05028125
196813,0.05028125
110264,0.05028125
64438,0.05028125
85363,0.05028125
143483,0.05028125
106274,0.05028125
135740,0.05028125
34133,0.05028125
181864,0.05028125
103884,0.05028125
70382,0.05028125
63563,0.05028125
38714,0.05028125
57964,0.05028125
14799,0.05028125
124199,0.05028125
134347,0.05028125
145546,0.05028125
19195,0.05028125
188357,0.05028125
86337,0.05028125
51353,0.05028125
183248,0.05028125
148271,0.05028125
5480,0.05028125
70829,0.05028125
10828,0.05028125
78367,0.05028125
38085,0.05028125
82450,0.05028125
186001,0.05028125
17941,0.05028125
37002,0.05028125
45749,0.05028125
57270,0.05028125
39130,0.05028125
93229,0.05028125
49827,0.05028125
27248,0.05028125
68069,0.05028125
140505,0.05028125
34138,0.05028125
116818,0.05028125
188123,0.05028125
178115,0.05028125
116024,0.05028125
177820,0.05028125
109676,0.05028125
117296,0.05028125
159768,0.05028125
59404,0.05028125
172856,0.05028125
159641,0.05028125
121315,0.05028125
97826,0.05028125
190852,0.05028125
120521,0.05028125
34682,0.05028125
60421,0.05028125
56723,0.05028125
99190,0.05028125
12848,0.05028125
113130,0.05028125
149236,0.05028125
64813,0.05028125
90408,0.05028125
159644,0.05028125
59356,0.05028125
168532,0.05028125
67071,0.05028125
74565,0.05028125
147130,0.05028125
167712,0.05028125
79688,0.05028125
31595,0.05028125
45494,0.05028125
16281,0.05028125
53187,0.05028125
125330,0.05028125
44641,0.05028125
33045,0.05028125
106086,0.05028125
181853,0.05028125
9892,0.05028125
109917,0.05028125
197511,0.05028125
136540,0.05028125
52369,0.05028125
89075,0.05028125
63526,0.05028125
81274,0.05028125
147727,0.05028125
158566,0.05028125
96740,0.05028125
63093,0.05028125
6158,0.05028125
161938,0.05028125
146692,0.05028125
34535,0.05028125
107356,0.05028125
47471,0.05028125
134735,0.05028125
12990,0.05028125
141005,0.05028125
104458,0.05028125
105320,0.05028125
84120,0.05028125
11701,0.05028125
85569,0.05028125
22550,0.05028125
71302,0.05028125
14041,0.05028125
72371,0.05028125
77893,0.05028125
67585,0.05028125
20691,0.05028125
79877,0.05028125
62090,0.05028125
139151,0.05028125
188858,0.05028125
127985,0.05028125
87680,0.05028125
100597,0.05028125
184328,0.05028125
87479,0.05028125
52414,0.05028125
107238,0.05028125
132615,0.05028125
59893,0.05028125
95972,0.05028125
23954,0.05028125
2547,0.05028125
48254,0.05028125
142790,0.05028125
158494,0.05028125
37451,0.05028125
15656,0.05028125
159906,0.05028125
86300,0.05028125
68825,0.05028125
186569,0.05028125
176707,0.05028125
75476,0.05028125
100165,0.05028125
142252,0.05028125
130073,0.05028125
195530,0.05028125
136519,0.05028125
97023,0.05028125
8843,0.05028125
118454,0.05028125
166521,0.05028125
194305,0.05028125
68074,0.05028125
120956,0.05028125
105359,0.05028125
65889,0.05028125
60799,0.05028125
27321,0.05028125
187320,0.05028125
135596,0.05028125
176148,0.05028125
17901,0.05028125
57211,0.05028125
7687,0.05028125
7469,0.05028125
11203,0.05028125
166042,0.05028125
173294,0.05028125
191721,0.05028125
133722,0.05028125
65345,0.05028125
76062,0.05028125
2458,0.05028125
168091,0.05028125
185418,0.05028125
46109,0.05028125
158174,0.05028125
56446,0.05028125
154753,0.05028125
75424,0.05028125
134641,0.05028125
92634,0.05028125
16904,0.05028125
63876,0.05028125
106118,0.05028125
113624,0.05028125
92870,0.05028125
144700,0.05028125
171992,0.05028125
5146,0.05028125
45818,0.05028125
62663,0.05028125
73031,0.05028125
854,0.05028125
55013,0.05028125
93657,0.05028125
28731,0.05028125
183822,0.05028125
128097,0.05028125
147907,0.05028125
81640,0.05028125
35872,0.05028125
152433,0.05028125
183678,0.05028125
24968,0.05028125
26411,0.05028125
67273,0.05028125
180295,0.05028125
102157,0.05028125
9059,0.05028125
198588,0.05028125
99867,0.05028125
198824,0.05028125
25663,0.05028125
176323,0.05028125
62780,0.05028125
21713,0.05028125
10728,0.05028125
115252,0.05028125
53886,0.05028125
13277,0.05028125
111264,0.05028125
140067,0.05028125
107556,0.05028125
65609,0.05028125
80441,0.05028125
192407,0.05028125
110955,0.05028125
74322,0.05028125
131646,0.05028125
156996,0.05028125
98913,0.05028125
166032,0.05028125
89891,0.05028125
22164,0.05028125
71585,0.05028125
30001,0.05028125
155020,0.05028125
177694,0.05028125
25207,0.05028125
1498,0.05028125
140085,0.05028125
25483,0.05028125
151781,0.05028125
78918,0.05028125
57295,0.05028125
156884,0.05028125
91293,0.05028125
1938,0.05028125
97471,0.05028125
85824,0.05028125
141520,0.05028125
104242,0.05028125
173504,0.05028125
107189,0.05028125
21904,0.05028125
119836,0.05028125
129732,0.05028125
121521,0.05028125
64869,0.05028125
91,0.05028125
81815,0.05028125
22329,0.05028125
53591,0.05028125
91668,0.05028125
84244,0.05028125
94046,0.05028125
191447,0.05028125
35162,0.05028125
96631,0.05028125
81503,0.05028125
9882,0.05028125
189818,0.05028125
62690,0.05028125
40387,0.05028125
35922,0.05028125
198050,0.05028125
17291,0.05028125
65782,0.05028125
34359,0.05028125
168395,0.05028125
159022,0.05028125
50141,0.05028125
180222,0.05028125
134053,0.05028125
138085,0.05028125
26415,0.05028125
146609,0.05028125
155139,0.05028125
54011,0.05028125
42416,0.05028125
81987,0.05028125
180578,0.05028125
1305,0.05028125
135138,0.05028125
80624,0.05028125
152748,0.05028125
150442,0.05028125
34711,0.05028125
54139,0.05028125
38038,0.05028125
165599,0.05028125
159117,0.05028125
38629,0.05028125
12220,0.05028125
51148,0.05028125
66537,0.05028125
123707,0.05028125
138836,0.05028125
127580,0.05028125
171012,0.05028125
117309,0.05028125
163367,0.05028125
163488,0.05028125
190403,0.05028125
89191,0.05028125
53276,0.05028125
190632,0.05028125
109674,0.05028125
196286,0.05028125
143588,0.05028125
160337,0.05028125
43428,0.05028125
121594,0.05028125
49500,0.05028125
16596,0.05028125
57387,0.05028125
17625,0.05028125
191271,0.05028125
15020,0.05028125
137762,0.05028125
67417,0.05028125
82893,0.05028125
164097,0.05028125
99484,0.05028125
116492,0.05028125
128353,0.05028125
143071,0.05028125
59934,0.05028125
115281,0.05028125
121775,0.05028125
1495,0.05028125
146138,0.05028125
149163,0.05028125
8881,0.05028125
6722,0.05028125
43289,0.05028125
10472,0.05028125
132109,0.05028125
178236,0.05028125
183505,0.05028125
149948,0.05028125
129773,0.05028125
36338,0.05028125
48759,0.05028125
144695,0.05028125
40841,0.05028125
70095,0.05028125
188029,0.05028125
75659,0.05028125
125164,0.05028125
107111,0.05028125
4524,0.05028125
27705,0.05028125
138233,0.05028125
182104,0.05028125
196766,0.05028125
45590,0.05028125
104437,0.05028125
2984,0.05028125
9816,0.05028125
148384,0.05028125
156611,0.05028125
123509,0.05028125
119093,0.05028125
60732,0.05028125
123511,0.05028125
43285,0.05028125
197179,0.05028125
195207,0.05028125
50898,0.05028125
129298,0.05028125
48243,0.05028125
23046,0.05028125
8490,0.05028125
115449,0.05028125
34028,0.05028125
13574,0.05028125
5782,0.05028125
117443,0.05028125
20674,0.05028125
133890,0.05028125
104781,0.05028125
82247,0.05028125
36375,0.05028125
164779,0.05028125
37759,0.05028125
105874,0.05028125
32948,0.05028125
164177,0.05028125
64141,0.05028125
18256,0.05028125
116905,0.05028125
2332,0.05028125
87424,0.05028125
119793,0.05028125
17571,0.05028125
50655,0.05028125
180892,0.05028125
59240,0.05028125
39155,0.05028125
87379,0.05028125
153475,0.05028125
167426,0.05028125
30091,0.05028125
86475,0.05028125
67216,0.05028125
172550,0.05028125
156988,0.05028125
21951,0.05028125
186505,0.05028125
159809,0.05028125
25524,0.05028125
187422,0.05028125
152265,0.05028125
72043,0.05028125
36157,0.05028125
38991,0.05028125
51165,0.05028125
12281,0.05028125
153006,0.05028125
76682,0.05028125
10250,0.05028125
74974,0.05028125
164691,0.05028125
135513,0.05028125
168394,0.05028125
37990,0.05028125
42805,0.05028125
68270,0.05028125
79191,0.05028125
66633,0.05028125
6575,0.05028125
184898,0.05028125
152597,0.05028125
20500,0.05028125
158298,0.05028125
58085,0.05028125
169861,0.05028125
199259,0.05028125
177215,0.05028125
143194,0.05028125
116403,0.05028125
143109,0.05028125
142896,0.05028125
165199,0.05028125
159744,0.05028125
52719,0.05028125
142369,0.05028125
100404,0.05028125
106589,0.05028125
6460,0.05028125
50125,0.05028125
1627,0.05028125
169166,0.05028125
187282,0.05028125
188740,0.05028125
184457,0.05028125
15409,0.05028125
82360,0.05028125
169500,0.05028125
33742,0.05028125
131081,0.05028125
184933,0.05028125
116527,0.05028125
38122,0.05028125
159417,0.05028125
52654,0.05028125
29318,0.05028125
8682,0.05028125
132368,0.05028125
119706,0.05028125
12134,0.05028125
118348,0.05028125
59795,0.05028125
108200,0.05028125
15862,0.05028125
74786,0.05028125
75344,0.05028125
198492,0.05028125
79049,0.05028125
126310,0.05028125
106465,0.05028125
177952,0.05028125
157419,0.05028125
71622,0.05028125
96005,0.05028125
153149,0.05028125
133293,0.05028125
77754,0.05028125
195417,0.05028125
81771,0.05028125
39714,0.05028125
170646,0.05028125
42604,0.05028125
37075,0.05028125
64260,0.05028125
72876,0.05028125
104181,0.05028125
22917,0.05028125
3715,0.05028125
84346,0.05028125
47128,0.05028125
47499,0.05028125
167182,0.05028125
5993,0.05028125
90723,0.05028125
72048,0.05028125
135887,0.05028125
22463,0.05028125
69805,0.05028125
165894,0.05028125
194374,0.05028125
14579,0.05028125
8327,0.05028125
156105,0.05028125
175861,0.05028125
43867,0.05028125
92715,0.05028125
28232,0.05028125
148459,0.05028125
167553,0.05028125
172242,0.05028125
126440,0.05028125
133586,0.05028125
69486,0.05028125
43977,0.05028125
41820,0.05028125
44488,0.05028125
84103,0.05028125
67945,0.05028125
71434,0.05028125
9164,0.05028125
110112,0.05028125
139538,0.05028125
137785,0.05028125
45801,0.05028125
37658,0.05028125
109240,0.05028125
110371,0.05028125
143146,0.05028125
127697,0.05028125
169523,0.05028125
62407,0.05028125
73859,0.05028125
194423,0.05028125
133059,0.05028125
126369,0.05028125
168508,0.05028125
87202,0.05028125
129988,0.05028125
160565,0.05028125
59265,0.05028125
49236,0.05028125
113424,0.05028125
182142,0.05028125
68140,0.05028125
171245,0.05028125
72571,0.05028125
60950,0.05028125
166952,0.05028125
62885,0.05028125
28797,0.05028125
140173,0.05028125
115707,0.05028125
149958,0.05028125
22202,0.05028125
161236,0.05028125
177395,0.05028125
43502,0.05028125
136738,0.05028125
190550,0.05028125
186068,0.05028125
17044,0.05028125
108322,0.05028125
145141,0.05028125
83550,0.05028125
26177,0.05028125
186501,0.05028125
90667,0.05028125
75537,0.05028125
121741,0.05028125
102368,0.05028125
34646,0.05028125
98482,0.05028125
143964,0.05028125
98562,0.05028125
131603,0.05028125
175672,0.05028125
120485,0.05028125
195984,0.05028125
7791,0.05028125
55526,0.05028125
44776,0.05028125
133061,0.05028125
161507,0.05028125
13320,0.05028125
35210,0.05028125
32038,0.05028125
108538,0.05028125
184665,0.05028125
63633,0.05028125
85568,0.05028125
109930,0.05028125
74674,0.05028125
88026,0.05028125
25464,0.05028125
73172,0.05028125
132300,0.05028125
115047,0.05028125
13315,0.05028125
8662,0.05028125
105267,0.05028125
160453,0.05028125
156358,0.05028125
66077,0.05028125
45303,0.05028125
74973,0.05028125
164604,0.05028125
93886,0.05028125
11725,0.05028125
82344,0.05028125
123453,0.05028125
158080,0.05028125
33651,0.05028125
102550,0.05028125
177233,0.05028125
85063,0.05028125
13167,0.05028125
183607,0.05028125
167240,0.05028125
192128,0.05028125
157870,0.05028125
120102,0.05028125
46560,0.05028125
198668,0.05028125
29206,0.05028125
87239,0.05028125
170498,0.05028125
23703,0.05028125
129323,0.05028125
76058,0.05028125
90302,0.05028125
130608,0.05028125
8960,0.05028125
196131,0.05028125
138765,0.05028125
137681,0.05028125
117317,0.05028125
107915,0.05028125
84968,0.05028125
49370,0.05028125
84263,0.05028125
65687,0.05028125
20479,0.05028125
109473,0.05028125
168822,0.05028125
92651,0.05028125
191069,0.05028125
60668,0.05028125
104257,0.05028125
37535,0.05028125
14862,0.05028125
66829,0.05028125
91678,0.05028125
76551,0.05028125
100405,0.05028125
71706,0.05028125
64643,0.05028125
150229,0.05028125
156124,0.05028125
122838,0.05028125
104704,0.05028125
140753,0.05028125
60196,0.05028125
94714,0.05028125
22939,0.05028125
111742,0.05028125
195134,0.05028125
89859,0.05028125
32464,0.05028125
95914,0.05028125
36648,0.05028125
14996,0.05028125
124142,0.05028125
44696,0.05028125
172199,0.05028125
71324,0.05028125
145274,0.05028125
152448,0.05028125
83617,0.05028125
19388,0.05028125
154191,0.05028125
111419,0.05028125
193580,0.05028125
167236,0.05028125
95625,0.05028125
102811,0.05028125
50199,0.05028125
98674,0.05028125
5073,0.05028125
11121,0.05028125
78763,0.05028125
159816,0.05028125
78300,0.05028125
153863,0.05028125
15102,0.05028125
163798,0.05028125
53306,0.05028125
150485,0.05028125
83973,0.05028125
185099,0.05028125
5614,0.05028125
22447,0.05028125
59675,0.05028125
43079,0.05028125
155173,0.05028125
174072,0.05028125
110678,0.05028125
112428,0.05028125
137371,0.05028125
144796,0.05028125
20467,0.05028125
197715,0.05028125
71978,0.05028125
34079,0.05028125
57880,0.05028125
100991,0.05028125
167543,0.05028125
153944,0.05028125
6205,0.05028125
114749,0.05028125
146647,0.05028125
140788,0.05028125
77177,0.05028125
48154,0.05028125
101509,0.05028125
164647,0.05028125
20151,0.05028125
105938,0.05028125
26136,0.05028125
90952,0.05028125
171378,0.05028125
189476,0.05028125
57218,0.05028125
123557,0.05028125
19331,0.05028125
52065,0.05028125
156966,0.05028125
138608,0.05028125
75487,0.05028125
111497,0.05028125
128371,0.05028125
128122,0.05028125
24370,0.05028125
75243,0.05028125
13156,0.05028125
96880,0.05028125
147391,0.05028125
136596,0.05028125
199143,0.05028125
129762,0.05028125
24645,0.05028125
151458,0.05028125
82166,0.05028125
190592,0.05028125
197342,0.05028125
102070,0.05028125
190199,0.05028125
117137,0.05028125
114753,0.05028125
176951,0.05028125
34748,0.05028125
101448,0.05028125
68904,0.05028125
83002,0.05028125
78410,0.05028125
43801,0.05028125
83274,0.05028125
5337,0.05028125
3710,0.05028125
196803,0.05028125
157023,0.05028125
152397,0.05028125
172667,0.05028125
163390,0.05028125
142320,0.05028125
68515,0.05028125
108223,0.05028125
180893,0.05028125
104158,0.05028125
164355,0.05028125
198883,0.05028125
124292,0.05028125
143406,0.05028125
188452,0.05028125
178221,0.05028125
171739,0.05028125
188419,0.05028125
179248,0.05028125
54697,0.05028125
139768,0.05028125
9519,0.05028125
199844,0.05028125
86469,0.05028125
190041,0.05028125
23023,0.05028125
140163,0.05028125
94181,0.05028125
36635,0.05028125
65752,0.05028125
160627,0.05028125
160287,0.05028125
278,0.05028125
29270,0.05028125
27534,0.05028125
24408,0.05028125
184553,0.05028125
148480,0.05028125
138055,0.05028125
132214,0.05028125
21514,0.05028125
150181,0.05028125
164565,0.05028125
93024,0.05028125
78161,0.05028125
114587,0.05028125
169947,0.05028125
173635,0.05028125
54319,0.05028125
167645,0.05028125
37807,0.05028125
92415,0.05028125
50706,0.05028125
57777,0.05028125
137862,0.05028125
59309,0.05028125
191535,0.05028125
94727,0.05028125
26913,0.05028125
80545,0.05028125
46745,0.05028125
15108,0.05028125
62666,0.05028125
141446,0.05028125
96618,0.05028125
190268,0.05028125
65264,0.05028125
196670,0.05028125
121406,0.05028125
52064,0.05028125
77697,0.05028125
13569,0.05028125
151452,0.05028125
158288,0.05028125
80144,0.05028125
86428,0.05028125
154231,0.05028125
21369,0.05028125
2997,0.05028125
126353,0.05028125
56785,0.05028125
11205,0.05028125
60090,0.05028125
39683,0.05028125
194616,0.05028125
65171,0.05028125
48502,0.05028125
133177,0.05028125
86085,0.05028125
162952,0.05028125
80649,0.05028125
188991,0.05028125
196613,0.05028125
145461,0.05028125
43014,0.05028125
186563,0.05028125
87299,0.05028125
163137,0.05028125
29173,0.05028125
146021,0.05028125
143862,0.05028125
176549,0.05028125
156726,0.05028125
52960,0.05028125
182051,0.05028125
87374,0.05028125
170919,0.05028125
173975,0.05028125
130799,0.05028125
29931,0.05028125
6351,0.05028125
136579,0.05028125
61622,0.05028125
199291,0.05028125
155196,0.05028125
177765,0.05028125
37908,0.05028125
157342,0.05028125
42833,0.05028125
15077,0.05028125
32300,0.05028125
54230,0.05028125
99252,0.05028125
182836,0.05028125
97884,0.05028125
138782,0.05028125
186099,0.05028125
192529,0.05028125
182299,0.05028125
149856,0.05028125
96859,0.05028125
102922,0.05028125
48429,0.05028125
176420,0.05028125
140859,0.05028125
111527,0.05028125
199877,0.05028125
912,0.05028125
121564,0.05028125
46732,0.05028125
39730,0.05028125
93389,0.05028125
69710,0.05028125
144844,0.05028125
158235,0.05028125
83014,0.05028125
133564,0.05028125
68526,0.05028125
87414,0.05028125
42352,0.05028125
24037,0.05028125
119777,0.05028125
93585,0.05028125
122931,0.05028125
75515,0.05028125
118554,0.05028125
180437,0.05028125
19042,0.05028125
108392,0.05028125
120089,0.05028125
141944,0.05028125
27124,0.05028125
167014,0.05028125
118947,0.05028125
82060,0.05028125
92948,0.05028125
56036,0.05028125
97246,0.05028125
120001,0.05028125
118411,0.05028125
7176,0.05028125
83615,0.05028125
90935,0.05028125
30279,0.05028125
143074,0.05028125
11724,0.05028125
130254,0.05028125
184482,0.05028125
20242,0.05028125
11049,0.05028125
99827,0.05028125
96229,0.05028125
26291,0.05028125
169461,0.05028125
105655,0.05028125
38546,0.05028125
86690,0.05028125
142586,0.05028125
85584,0.05028125
103548,0.05028125
105980,0.05028125
148284,0.05028125
190459,0.05028125
57711,0.05028125
17777,0.05028125
25586,0.05028125
61550,0.05028125
54394,0.05028125
86775,0.05028125
192426,0.05028125
15280,0.05028125
129408,0.05028125
70271,0.05028125
56757,0.05028125
112824,0.05028125
147030,0.05028125
46447,0.05028125
11357,0.05028125
83659,0.05028125
30262,0.05028125
188960,0.05028125
74875,0.05028125
119278,0.05028125
145070,0.05028125
21057,0.05028125
69365,0.05028125
198793,0.05028125
80252,0.05028125
85714,0.05028125
183206,0.05028125
25614,0.05028125
177226,0.05028125
28593,0.05028125
31052,0.05028125
100479,0.05028125
85702,0.05028125
63576,0.05028125
195257,0.05028125
136058,0.05028125
120085,0.05028125
81227,0.05028125
69110,0.05028125
88052,0.05028125
14792,0.05028125
4477,0.05028125
95840,0.05028125
1824,0.05028125
75914,0.05028125
118744,0.05028125
30489,0.05028125
75996,0.05028125
33170,0.05028125
168079,0.05028125
121181,0.05028125
190128,0.05028125
123264,0.05028125
111466,0.05028125
111576,0.05028125
192981,0.05028125
45002,0.05028125
105592,0.05028125
48686,0.05028125
62620,0.05028125
85768,0.05028125
182018,0.05028125
78519,0.05028125
74270,0.05028125
36074,0.05028125
99641,0.05028125
25403,0.05028125
47180,0.05028125
137107,0.05028125
83040,0.05028125
31325,0.05028125
63191,0.05028125
78778,0.05028125
55856,0.05028125
195873,0.05028125
117367,0.05028125
138529,0.05028125
104653,0.05028125
181067,0.05028125
175466,0.05028125
18162,0.05028125
79895,0.05028125
131823,0.05028125
128252,0.05028125
179881,0.05028125
85366,0.05028125
99535,0.05028125
80633,0.05028125
6300,0.05028125
33245,0.05028125
40251,0.05028125
49182,0.05028125
75792,0.05028125
157159,0.05028125
38486,0.05028125
30111,0.05028125
185633,0.05028125
41750,0.05028125
67100,0.05028125
24829,0.05028125
73170,0.05028125
8425,0.05028125
106383,0.05028125
173523,0.05028125
187261,0.05028125
148636,0.05028125
91134,0.05028125
99500,0.05028125
150023,0.05028125
65199,0.05028125
126504,0.05028125
189941,0.05028125
97930,0.05028125
2481,0.05028125
169880,0.05028125
83003,0.05028125
37385,0.05028125
75387,0.05028125
194778,0.05028125
127410,0.05028125
181572,0.05028125
40678,0.05028125
186660,0.05028125
136942,0.05028125
23658,0.05028125
199496,0.05028125
139423,0.05028125
48488,0.05028125
186613,0.05028125
79784,0.05028125
119851,0.05028125
166269,0.05028125
136174,0.05028125
91150,0.05028125
16693,0.05028125
132266,0.05028125
112349,0.05028125
158368,0.05028125
172400,0.05028125
152480,0.05028125
92109,0.05028125
187304,0.05028125
114973,0.05028125
37524,0.05028125
132055,0.05028125
6027,0.05028125
29605,0.05028125
65108,0.05028125
116529,0.05028125
152546,0.05028125
139210,0.05028125
31465,0.05028125
17217,0.05028125
93771,0.05028125
164682,0.05028125
98932,0.05028125
25531,0.05028125
159891,0.05028125
158265,0.05028125
179912,0.05028125
156568,0.05028125
152399,0.05028125
169733,0.05028125
55937,0.05028125
53740,0.05028125
55292,0.05028125
95376,0.05028125
165097,0.05028125
5298,0.05028125
93874,0.05028125
147633,0.05028125
133040,0.05028125
92811,0.05028125
14464,0.05028125
7451,0.05028125
99604,0.05028125
185521,0.05028125
73632,0.05028125
132174,0.05028125
73852,0.05028125
63841,0.05028125
62569,0.05028125
136449,0.05028125
111135,0.05028125
152123,0.05028125
172236,0.05028125
36100,0.05028125
104411,0.05028125
144597,0.05028125
100180,0.05028125
151443,0.05028125
21609,0.05028125
54664,0.05028125
63457,0.05028125
181449,0.05028125
100287,0.05028125
44289,0.05028125
25460,0.05028125
10198,0.05028125
39833,0.05028125
31892,0.05028125
33288,0.05028125
175268,0.05028125
144657,0.05028125
84424,0.05028125
151526,0.05028125
178506,0.05028125
172790,0.05028125
177421,0.05028125
45493,0.05028125
100823,0.05028125
99937,0.05028125
95632,0.05028125
92882,0.05028125
105342,0.05028125
12387,0.05028125
156484,0.05028125
24805,0.05028125
195616,0.05028125
110435,0.05028125
183507,0.05028125
101937,0.05028125
177162,0.05028125
69353,0.05028125
101882,0.05028125
165583,0.05028125
198918,0.05028125
40065,0.05028125
135663,0.05028125
84461,0.05028125
22146,0.05028125
191316,0.05028125
198832,0.05028125
197548,0.05028125
127021,0.05028125
152225,0.05028125
194507,0.05028125
68261,0.05028125
59872,0.05028125
196153,0.05028125
121441,0.05028125
67636,0.05028125
152436,0.05028125
91406,0.05028125
77626,0.05028125
64425,0.05028125
86788,0.05028125
125497,0.05028125
42070,0.05028125
194788,0.05028125
187807,0.05028125
34736,0.05028125
162167,0.05028125
2283,0.05028125
142385,0.05028125
193427,0.05028125
18319,0.05028125
193928,0.05028125
22137,0.05028125
115985,0.05028125
49011,0.05028125
67902,0.05028125
123077,0.05028125
143092,0.05028125
103743,0.05028125
6234,0.05028125
188900,0.05028125
58812,0.05028125
28984,0.05028125
12417,0.05028125
121359,0.05028125
53470,0.05028125
96197,0.05028125
102615,0.05028125
132659,0.05028125
83493,0.05028125
54292,0.05028125
10117,0.05028125
52917,0.05028125
164876,0.05028125
189134,0.05028125
194691,0.05028125
127448,0.05028125
116809,0.05028125
91092,0.05028125
150294,0.05028125
197287,0.05028125
188483,0.05028125
42808,0.05028125
104289,0.05028125
54742,0.05028125
97005,0.05028125
98377,0.05028125
10561,0.05028125
27186,0.05028125
82404,0.05028125
6659,0.05028125
167845,0.05028125
168919,0.05028125
14048,0.05028125
153703,0.05028125
5169,0.05028125
43227,0.05028125
134720,0.05028125
7773,0.05028125
192339,0.05028125
118513,0.05028125
64871,0.05028125
114224,0.05028125
189817,0.05028125
71771,0.05028125
188985,0.05028125
4135,0.05028125
92037,0.05028125
96269,0.05028125
16328,0.05028125
154523,0.05028125
141068,0.05028125
169140,0.05028125
127694,0.05028125
6813,0.05028125
97140,0.05028125
38775,0.05028125
94778,0.05028125
58215,0.05028125
116472,0.05028125
88724,0.05028125
141613,0.05028125
87063,0.05028125
48195,0.05028125
112882,0.05028125
110910,0.05028125
125888,0.05028125
85207,0.05028125
19762,0.05028125
191704,0.05028125
64694,0.05028125
67276,0.05028125
95243,0.05028125
37562,0.05028125
115998,0.05028125
174845,0.05028125
156004,0.05028125
151383,0.05028125
142405,0.05028125
31768,0.05028125
141100,0.05028125
7457,0.05028125
121198,0.05028125
98392,0.05028125
115418,0.05028125
74399,0.05028125
3224,0.05028125
136301,0.05028125
37159,0.05028125
84779,0.05028125
91507,0.05028125
133221,0.05028125
60986,0.05028125
108341,0.05028125
69636,0.05028125
38754,0.05028125
128300,0.05028125
179653,0.05028125
134287,0.05028125
103917,0.05028125
144528,0.05028125
16228,0.05028125
176719,0.05028125
103622,0.05028125
104919,0.05028125
71581,0.05028125
104023,0.05028125
51933,0.05028125
49278,0.05028125
84760,0.05028125
122232,0.05028125
68733,0.05028125
86768,0.05028125
134093,0.05028125
118374,0.05028125
81405,0.05028125
70574,0.05028125
122436,0.05028125
153812,0.05028125
4659,0.05028125
64259,0.05028125
143302,0.05028125
36838,0.05028125
145693,0.05028125
126423,0.05028125
97827,0.05028125
119301,0.05028125
88239,0.05028125
179946,0.05028125
144793,0.05028125
114293,0.05028125
196731,0.05028125
174438,0.05028125
43449,0.05028125
74700,0.05028125
7219,0.05028125
175074,0.05028125
19465,0.05028125
151393,0.05028125
61121,0.05028125
150419,0.05028125
69388,0.05028125
44405,0.05028125
27806,0.05028125
181793,0.05028125
61420,0.05028125
60780,0.05028125
40552,0.05028125
126157,0.05028125
87343,0.05028125
72575,0.05028125
87051,0.05028125
181097,0.05028125
179057,0.05028125
114405,0.05028125
155743,0.05028125
168263,0.05028125
115003,0.05028125
45869,0.05028125
175859,0.05028125
127312,0.05028125
11844,0.05028125
165397,0.05028125
6725,0.05028125
105081,0.05028125
142918,0.05028125
100651,0.05028125
98292,0.05028125
170347,0.05028125
113114,0.05028125
119631,0.05028125
110986,0.05028125
151859,0.05028125
100976,0.05028125
120434,0.05028125
32603,0.05028125
102832,0.05028125
53435,0.05028125
20015,0.05028125
84076,0.05028125
77183,0.05028125
24750,0.05028125
171644,0.05028125
6719,0.05028125
83381,0.05028125
179854,0.05028125
174403,0.05028125
150695,0.05028125
78893,0.05028125
121796,0.05028125
8147,0.05028125
163814,0.05028125
42316,0.05028125
30542,0.05028125
32068,0.05028125
109041,0.05028125
171913,0.05028125
9266,0.05028125
87855,0.05028125
151980,0.05028125
71873,0.05028125
140179,0.05028125
127301,0.05028125
129530,0.05028125
135301,0.05028125
36680,0.05028125
40549,0.05028125
190282,0.05028125
160581,0.05028125
155970,0.05028125
19795,0.05028125
86845,0.05028125
2823,0.05028125
92643,0.05028125
151910,0.05028125
191061,0.05028125
131592,0.05028125
69273,0.05028125
85829,0.05028125
135431,0.05028125
165399,0.05028125
66590,0.05028125
133201,0.05028125
90365,0.05028125
3796,0.05028125
88545,0.05028125
107895,0.05028125
179378,0.05028125
192549,0.05028125
182399,0.05028125
57800,0.05028125
88223,0.05028125
155314,0.05028125
119721,0.05028125
15024,0.05028125
5345,0.05028125
33875,0.05028125
87399,0.05028125
175639,0.05028125
57700,0.05028125
173240,0.05028125
77588,0.05028125
47807,0.05028125
157763,0.05028125
197254,0.05028125
77065,0.05028125
152455,0.05028125
84300,0.05028125
108983,0.05028125
83574,0.05028125
172170,0.05028125
172881,0.05028125
125135,0.05028125
27496,0.05028125
158385,0.05028125
23370,0.05028125
75198,0.05028125
142337,0.05028125
20393,0.05028125
140253,0.05028125
165592,0.05028125
192495,0.05028125
118773,0.05028125
156173,0.05028125
32798,0.05028125
86588,0.05028125
13346,0.05028125
130235,0.05028125
111129,0.05028125
131575,0.05028125
52767,0.05028125
121109,0.05028125
110888,0.05028125
68985,0.05028125
187468,0.05028125
26608,0.05028125
185923,0.05028125
96593,0.05028125
42433,0.05028125
81488,0.05028125
40468,0.05028125
134614,0.05028125
8378,0.05028125
175472,0.05028125
190886,0.05028125
194450,0.05028125
190795,0.05028125
97310,0.05028125
15755,0.05028125
1325,0.05028125
103212,0.05028125
63969,0.05028125
140073,0.05028125
114288,0.05028125
146040,0.05028125
39188,0.05028125
106472,0.05028125
146066,0.05028125
180774,0.05028125
190096,0.05028125
46140,0.05028125
108820,0.05028125
22292,0.05028125
20419,0.05028125
41810,0.05028125
144786,0.05028125
118205,0.05028125
142023,0.05028125
31092,0.05028125
110151,0.05028125
28823,0.05028125
10897,0.05028125
5985,0.05028125
104491,0.05028125
182406,0.05028125
11139,0.05028125
88205,0.05028125
195236,0.05028125
119049,0.05028125
9100,0.05028125
120439,0.05028125
113810,0.05028125
127466,0.05028125
117201,0.05028125
60253,0.05028125
70425,0.05028125
83146,0.05028125
105322,0.05028125
111097,0.05028125
57698,0.05028125
86560,0.05028125
165982,0.05028125
87968,0.05028125
195714,0.05028125
78594,0.05028125
82389,0.05028125
73656,0.05028125
97507,0.05028125
73066,0.05028125
41872,0.05028125
42852,0.05028125
188569,0.05028125
13695,0.05028125
130588,0.05028125
10746,0.05028125
146796,0.05028125
8715,0.05028125
121016,0.05028125
131962,0.05028125
132752,0.05028125
86013,0.05028125
54428,0.05028125
76750,0.05028125
38670,0.05028125
125103,0.05028125
84628,0.05028125
49238,0.05028125
68772,0.05028125
94573,0.05028125
143893,0.05028125
25054,0.05028125
89757,0.05028125
122084,0.05028125
178245,0.05028125
70415,0.05028125
58141,0.05028125
161954,0.05028125
90733,0.05028125
81201,0.05028125
44341,0.05028125
166615,0.05028125
82610,0.05028125
159931,0.05028125
128746,0.05028125
9995,0.05028125
92976,0.05028125
63195,0.05028125
165462,0.05028125
132618,0.05028125
175914,0.05028125
168255,0.05028125
36508,0.05028125
23501,0.05028125
125323,0.05028125
172909,0.05028125
48925,0.05028125
165463,0.05028125
9362,0.05028125
111418,0.05028125
88526,0.05028125
143275,0.05028125
142557,0.05028125
16149,0.05028125
92058,0.05028125
49272,0.05028125
118909,0.05028125
78628,0.05028125
44668,0.05028125
182053,0.05028125
66645,0.05028125
97646,0.05028125
177326,0.05028125
84911,0.05028125
78646,0.05028125
107612,0.05028125
61798,0.05028125
2670,0.05028125
101340,0.05028125
128003,0.05028125
96090,0.05028125
119551,0.05028125
149780,0.05028125
183515,0.05028125
104433,0.05028125
60367,0.05028125
25558,0.05028125
72683,0.05028125
179371,0.05028125
13925,0.05028125
171405,0.05028125
176947,0.05028125
90609,0.05028125
2697,0.05028125
185471,0.05028125
195156,0.05028125
27477,0.05028125
99047,0.05028125
133335,0.05028125
60690,0.05028125
191423,0.05028125
30973,0.05028125
76098,0.05028125
90779,0.05028125
93864,0.05028125
13107,0.05028125
4354,0.05028125
40066,0.05028125
12244,0.05028125
145676,0.05028125
120812,0.05028125
99666,0.05028125
77105,0.05028125
72915,0.05028125
102348,0.05028125
35901,0.05028125
83752,0.05028125
168220,0.05028125
42276,0.05028125
71678,0.05028125
27874,0.05028125
27602,0.05028125
5131,0.05028125
133395,0.05028125
191632,0.05028125
81583,0.05028125
186587,0.05028125
179162,0.05028125
96699,0.05028125
68027,0.05028125
198866,0.05028125
177957,0.05028125
199126,0.05028125
38640,0.05028125
116193,0.05028125
154899,0.05028125
35645,0.05028125
25451,0.05028125
189964,0.05028125
92763,0.05028125
176802,0.05028125
189032,0.05028125
119097,0.05028125
167898,0.05028125
83926,0.05028125
176954,0.05028125
102467,0.05028125
128732,0.05028125
8191,0.05028125
188354,0.05028125
110071,0.05028125
25565,0.05028125
195646,0.05028125
74504,0.05028125
157820,0.05028125
57910,0.05028125
121233,0.05028125
194113,0.05028125
139966,0.05028125
140532,0.05028125
55531,0.05028125
173528,0.05028125
136495,0.05028125
150325,0.05028125
182529,0.05028125
73180,0.05028125
169421,0.05028125
104783,0.05028125
68815,0.05028125
92884,0.05028125
199003,0.05028125
74721,0.05028125
152009,0.05028125
162015,0.05028125
22477,0.05028125
152017,0.05028125
102652,0.05028125
147290,0.05028125
19990,0.05028125
156131,0.05028125
31581,0.05028125
188251,0.05028125
121297,0.05028125
34408,0.05028125
14595,0.05028125
115338,0.05028125
59684,0.05028125
57202,0.05028125
146439,0.05028125
85018,0.05028125
82520,0.05028125
189999,0.05028125
105455,0.05028125
173351,0.05028125
98677,0.05028125
24404,0.05028125
86703,0.05028125
187364,0.05028125
59345,0.05028125
169623,0.05028125
35430,0.05028125
111788,0.05028125
170758,0.05028125
142594,0.05028125
48559,0.05028125
29850,0.05028125
108010,0.05028125
97543,0.05028125
130556,0.05028125
92028,0.05028125
141237,0.05028125
112058,0.05028125
181045,0.05028125
47357,0.05028125
143816,0.05028125
21073,0.05028125
124827,0.05028125
40391,0.05028125
75348,0.05028125
44828,0.05028125
191836,0.05028125
107366,0.05028125
8987,0.05028125
112312,0.05028125
85827,0.05028125
174526,0.05028125
83561,0.05028125
120073,0.05028125
94892,0.05028125
60163,0.05028125
69384,0.05028125
58498,0.05028125
50503,0.05028125
185552,0.05028125
186853,0.05028125
55572,0.05028125
114242,0.05028125
13753,0.05028125
7461,0.05028125
54691,0.05028125
5255,0.05028125
38705,0.05028125
363,0.05028125
38439,0.05028125
107683,0.05028125
132639,0.05028125
169920,0.05028125
133860,0.05028125
67288,0.05028125
84312,0.05028125
62340,0.05028125
70131,0.05028125
185262,0.05028125
62294,0.05028125
125631,0.05028125
44392,0.05028125
3821,0.05028125
57414,0.05028125
49292,0.05028125
122983,0.05028125
82686,0.05028125
972,0.05028125
158878,0.05028125
111185,0.05028125
186626,0.05028125
86839,0.05028125
135601,0.05028125
137487,0.05028125
192594,0.05028125
73660,0.05028125
182820,0.05028125
159185,0.05028125
177280,0.05028125
25093,0.05028125
135857,0.05028125
154449,0.05028125
14311,0.05028125
36988,0.05028125
41839,0.05028125
151077,0.05028125
196734,0.05028125
176553,0.05028125
175993,0.05028125
68724,0.05028125
33705,0.05028125
184194,0.05028125
72393,0.05028125
80906,0.05028125
127903,0.05028125
121688,0.05028125
158121,0.05028125
188434,0.05028125
34831,0.05028125
70202,0.05028125
186968,0.05028125
91655,0.05028125
142754,0.05028125
175094,0.05028125
9349,0.05028125
198379,0.05028125
34840,0.05028125
129869,0.05028125
185916,0.05028125
72245,0.05028125
124318,0.05028125
147343,0.05028125
108436,0.05028125
129957,0.05028125
98235,0.05028125
31662,0.05028125
143712,0.05028125
182493,0.05028125
123376,0.05028125
138455,0.05028125
182843,0.05028125
52790,0.05028125
186198,0.05028125
174369,0.05028125
166661,0.05028125
28372,0.05028125
109346,0.05028125
31060,0.05028125
172996,0.05028125
107819,0.05028125
987,0.05028125
121093,0.05028125
55138,0.05028125
115878,0.05028125
136093,0.05028125
3354,0.05028125
80525,0.05028125
125649,0.05028125
172912,0.05028125
59132,0.05028125
3570,0.05028125
36586,0.05028125
23506,0.05028125
26622,0.05028125
90180,0.05028125
111155,0.05028125
123058,0.05028125
68539,0.05028125
23393,0.05028125
159850,0.05028125
19553,0.05028125
162749,0.05028125
6831,0.05028125
110242,0.05028125
150703,0.05028125
8275,0.05028125
93304,0.05028125
188669,0.05028125
174719,0.05028125
82369,0.05028125
155079,0.05028125
22794,0.05028125
198724,0.05028125
163419,0.05028125
6132,0.05028125
89775,0.05028125
143904,0.05028125
180031,0.05028125
28896,0.05028125
78987,0.05028125
161892,0.05028125
166470,0.05028125
162781,0.05028125
39458,0.05028125
149288,0.05028125
82037,0.05028125
112925,0.05028125
24641,0.05028125
8282,0.05028125
116759,0.05028125
27150,0.05028125
64343,0.05028125
5353,0.05028125
192928,0.05028125
123346,0.05028125
3153,0.05028125
40405,0.05028125
181923,0.05028125
123732,0.05028125
131591,0.05028125
101588,0.05028125
130100,0.05028125
60779,0.05028125
106556,0.05028125
21786,0.05028125
46957,0.05028125
72224,0.05028125
75153,0.05028125
159886,0.05028125
64756,0.05028125
118383,0.05028125
74400,0.05028125
163396,0.05028125
85424,0.05028125
48775,0.05028125
13039,0.05028125
143351,0.05028125
170248,0.05028125
126988,0.05028125
114194,0.05028125
71257,0.05028125
53661,0.05028125
174062,0.05028125
56403,0.05028125
75525,0.05028125
388,0.05028125
138430,0.05028125
56589,0.05028125
106636,0.05028125
90540,0.05028125
156401,0.05028125
176890,0.05028125
137057,0.05028125
87863,0.05028125
94998,0.05028125
136893,0.05028125
143287,0.05028125
43627,0.05028125
24501,0.05028125
58393,0.05028125
6910,0.05028125
164084,0.05028125
69386,0.05028125
67264,0.05028125
85676,0.05028125
109846,0.05028125
120172,0.05028125
162532,0.05028125
36913,0.05028125
86786,0.05028125
81968,0.05028125
7000,0.05028125
36619,0.05028125
128754,0.05028125
150172,0.05028125
152777,0.05028125
195707,0.05028125
186426,0.05028125
123294,0.05028125
185638,0.05028125
185834,0.05028125
125009,0.05028125
162166,0.05028125
142626,0.05028125
84954,0.05028125
44582,0.05028125
151515,0.05028125
175829,0.05028125
80281,0.05028125
136373,0.05028125
176513,0.05028125
49161,0.05028125
128588,0.05028125
141296,0.05028125
34874,0.05028125
152276,0.05028125
163064,0.05028125
23012,0.05028125
69313,0.05028125
31578,0.05028125
63034,0.05028125
107158,0.05028125
97659,0.05028125
196514,0.05028125
70899,0.05028125
174384,0.05028125
149292,0.05028125
194918,0.05028125
51455,0.05028125
176132,0.05028125
38947,0.05028125
89734,0.05028125
68882,0.05028125
194154,0.05028125
44928,0.05028125
31518,0.05028125
152192,0.05028125
94502,0.05028125
21297,0.05028125
115113,0.05028125
95514,0.05028125
132122,0.05028125
124636,0.05028125
95158,0.05028125
46863,0.05028125
151825,0.05028125
153429,0.05028125
82237,0.05028125
187322,0.05028125
128383,0.05028125
159741,0.05028125
59827,0.05028125
128541,0.05028125
17853,0.05028125
55594,0.05028125
115719,0.05028125
28087,0.05028125
36866,0.05028125
106837,0.05028125
56918,0.05028125
41944,0.05028125
46885,0.05028125
87400,0.05028125
178738,0.05028125
182251,0.05028125
10889,0.05028125
83161,0.05028125
86940,0.05028125
93851,0.05028125
13443,0.05028125
142664,0.05028125
119785,0.05028125
17973,0.05028125
142238,0.05028125
94030,0.05028125
120948,0.05028125
158394,0.05028125
107615,0.05028125
45088,0.05028125
27562,0.05028125
113021,0.05028125
87103,0.05028125
110165,0.05028125
139100,0.05028125
23583,0.05028125
51569,0.05028125
147275,0.05028125
2926,0.05028125
116697,0.05028125
165866,0.05028125
18384,0.05028125
122551,0.05028125
59600,0.05028125
170227,0.05028125
33068,0.05028125
51846,0.05028125
157867,0.05028125
139092,0.05028125
87159,0.05028125
142409,0.05028125
16830,0.05028125
196481,0.05028125
78355,0.05028125
139274,0.05028125
81819,0.05028125
62244,0.05028125
183587,0.05028125
41963,0.05028125
103258,0.05028125
102802,0.05028125
26246,0.05028125
196809,0.05028125
33532,0.05028125
164279,0.05028125
101846,0.05028125
136834,0.05028125
193339,0.05028125
118174,0.05028125
147059,0.05028125
105755,0.05028125
69513,0.05028125
25578,0.05028125
97288,0.05028125
3270,0.05028125
79820,0.05028125
174368,0.05028125
80564,0.05028125
185679,0.05028125
56697,0.05028125
78470,0.05028125
77821,0.05028125
160211,0.05028125
199794,0.05028125
19289,0.05028125
189884,0.05028125
126002,0.05028125
43017,0.05028125
107473,0.05028125
43198,0.05028125
152691,0.05028125
140679,0.05028125
51370,0.05028125
163553,0.05028125
88895,0.05028125
148439,0.05028125
99514,0.05028125
45524,0.05028125
34108,0.05028125
66231,0.05028125
116265,0.05028125
138653,0.05028125
51531,0.05028125
197482,0.05028125
123641,0.05028125
20815,0.05028125
98114,0.05028125
192989,0.05028125
102661,0.05028125
84019,0.05028125
22207,0.05028125
91348,0.05028125
119166,0.05028125
25743,0.05028125
86100,0.05028125
4144,0.05028125
3282,0.05028125
112843,0.05028125
139101,0.05028125
12954,0.05028125
70403,0.05028125
7588,0.05028125
60810,0.05028125
107810,0.05028125
173926,0.05028125
92536,0.05028125
130746,0.05028125
181521,0.05028125
137049,0.05028125
20152,0.05028125
93422,0.05028125
86747,0.05028125
147858,0.05028125
197125,0.05028125
23568,0.05028125
84396,0.05028125
140216,0.05028125
188408,0.05028125
105749,0.05028125
27122,0.05028125
36210,0.05028125
67389,0.05028125
141113,0.05028125
159822,0.05028125
194483,0.05028125
100100,0.05028125
70003,0.05028125
10584,0.05028125
123667,0.05028125
72479,0.05028125
19893,0.05028125
13717,0.05028125
176473,0.05028125
183312,0.05028125
85893,0.05028125
55307,0.05028125
177652,0.05028125
186233,0.05028125
114157,0.05028125
11990,0.05028125
187822,0.05028125
2121,0.05028125
179817,0.05028125
114778,0.05028125
181190,0.05028125
21360,0.05028125
52470,0.05028125
73113,0.05028125
175386,0.05028125
159581,0.05028125
84217,0.05028125
91012,0.05028125
51358,0.05028125
132703,0.05028125
131853,0.05028125
159913,0.05028125
34927,0.05028125
172769,0.05028125
147340,0.05028125
29776,0.05028125
46423,0.05028125
138892,0.05028125
189155,0.05028125
125802,0.05028125
42252,0.05028125
32067,0.05028125
45713,0.05028125
86525,0.05028125
48138,0.05028125
162129,0.05028125
161854,0.05028125
153752,0.05028125
47545,0.05028125
180789,0.05028125
76024,0.05028125
78001,0.05028125
72360,0.05028125
169967,0.05028125
19005,0.05028125
152024,0.05028125
62574,0.05028125
8384,0.05028125
147856,0.05028125
129646,0.05028125
191800,0.05028125
120934,0.05028125
174304,0.05028125
150388,0.05028125
25572,0.05028125
146886,0.05028125
192023,0.05028125
47665,0.05028125
54789,0.05028125
118702,0.05028125
85010,0.05028125
37785,0.05028125
6443,0.05028125
44834,0.05028125
121114,0.05028125
79253,0.05028125
25,0.05028125
181882,0.05028125
4713,0.05028125
105208,0.05028125
124246,0.05028125
22853,0.05028125
61302,0.05028125
61658,0.05028125
122895,0.05028125
137500,0.05028125
165871,0.05028125
190978,0.05028125
53390,0.05028125
149412,0.05028125
110248,0.05028125
119514,0.05028125
29721,0.05028125
25270,0.05028125
155084,0.05028125
192620,0.05028125
195527,0.05028125
59443,0.05028125
109007,0.05028125
49530,0.05028125
78333,0.05028125
81951,0.05028125
16599,0.05028125
64068,0.05028125
172039,0.05028125
83840,0.05028125
184509,0.05028125
199142,0.05028125
181910,0.05028125
28953,0.05028125
77627,0.05028125
116219,0.05028125
78316,0.05028125
127531,0.05028125
149691,0.05028125
188825,0.05028125
71447,0.05028125
167779,0.05028125
128769,0.05028125
79,0.05028125
52834,0.05028125
159956,0.05028125
50993,0.05028125
29265,0.05028125
20149,0.05028125
154997,0.05028125
199466,0.05028125
134981,0.05028125
76776,0.05028125
192125,0.05028125
166596,0.05028125
130565,0.05028125
105817,0.05028125
150709,0.05028125
139298,0.05028125
139723,0.05028125
26274,0.05028125
82303,0.05028125
166385,0.05028125
25497,0.05028125
69677,0.05028125
158130,0.05028125
30954,0.05028125
54832,0.05028125
37141,0.05028125
34330,0.05028125
167032,0.05028125
75201,0.05028125
199474,0.05028125
99512,0.05028125
8441,0.05028125
51260,0.05028125
155854,0.05028125
133162,0.05028125
184338,0.05028125
75063,0.05028125
31428,0.05028125
183546,0.05028125
73379,0.05028125
131916,0.05028125
113316,0.05028125
9552,0.05028125
105450,0.05028125
8708,0.05028125
63275,0.05028125
170207,0.05028125
19891,0.05028125
146569,0.05028125
94109,0.05028125
113050,0.05028125
85203,0.05028125
174263,0.05028125
75354,0.05028125
122997,0.05028125
78406,0.05028125
149267,0.05028125
54816,0.05028125
115144,0.05028125
9481,0.05028125
28557,0.05028125
124224,0.05028125
4584,0.05028125
153290,0.05028125
124221,0.05028125
189939,0.05028125
607,0.05028125
130421,0.05028125
14100,0.05028125
176936,0.05028125
155556,0.05028125
165685,0.05028125
98643,0.05028125
91595,0.05028125
58743,0.05028125
103951,0.05028125
185654,0.05028125
135835,0.05028125
43501,0.05028125
183363,0.05028125
79228,0.05028125
20197,0.05028125
182795,0.05028125
125874,0.05028125
100836,0.05028125
45645,0.05028125
75203,0.05028125
39114,0.05028125
151791,0.05028125
128093,0.05028125
86190,0.05028125
40002,0.05028125
70914,0.05028125
99920,0.05028125
118939,0.05028125
12410,0.05028125
175748,0.05028125
98917,0.05028125
45620,0.05028125
19643,0.05028125
74172,0.05028125
170069,0.05028125
141447,0.05028125
31837,0.05028125
179857,0.05028125
136263,0.05028125
15842,0.05028125
163229,0.05028125
72878,0.05028125
196871,0.05028125
158419,0.05028125
60984,0.05028125
1886,0.05028125
109740,0.05028125
181048,0.05028125
136545,0.05028125
183537,0.05028125
10363,0.05028125
79810,0.05028125
104741,0.05028125
80410,0.05028125
60028,0.05028125
13806,0.05028125
89046,0.05028125
125064,0.05028125
194408,0.05028125
94798,0.05028125
146762,0.05028125
29568,0.05028125
28825,0.05028125
63193,0.05028125
275,0.05028125
164163,0.05028125
105387,0.05028125
29459,0.05028125
30798,0.05028125
843,0.05028125
89352,0.05028125
91137,0.05028125
109873,0.05028125
174297,0.05028125
94126,0.05028125
197299,0.05028125
178140,0.05028125
188241,0.05028125
128919,0.05028125
188053,0.05028125
191723,0.05028125
75516,0.05028125
199838,0.05028125
89966,0.05028125
105966,0.05028125
15734,0.05028125
197669,0.05028125
153323,0.05028125
97354,0.05028125
160021,0.05028125
67076,0.05028125
13943,0.05028125
113576,0.05028125
148910,0.05028125
174325,0.05028125
14878,0.05028125
69299,0.05028125
166220,0.05028125
13257,0.05028125
127765,0.05028125
118723,0.05028125
81572,0.05028125
30338,0.05028125
8930,0.05028125
34989,0.05028125
11710,0.05028125
186889,0.05028125
148318,0.05028125
59935,0.05028125
30115,0.05028125
95467,0.05028125
15678,0.05028125
119437,0.05028125
190273,0.05028125
128560,0.05028125
51815,0.05028125
182989,0.05028125
197379,0.05028125
198725,0.05028125
70445,0.05028125
192597,0.05028125
31438,0.05028125
178057,0.05028125
76625,0.05028125
121404,0.05028125
12518,0.05028125
91723,0.05028125
38182,0.05028125
145639,0.05028125
162460,0.05028125
122924,0.05028125
38759,0.05028125
156852,0.05028125
184356,0.05028125
157600,0.05028125
164041,0.05028125
135716,0.05028125
151602,0.05028125
177686,0.05028125
127923,0.05028125
160379,0.05028125
167564,0.05028125
4412,0.05028125
19875,0.05028125
100533,0.05028125
143149,0.05028125
7585,0.05028125
66170,0.05028125
162962,0.05028125
22995,0.05028125
146665,0.05028125
62489,0.05028125
113903,0.05028125
141568,0.05028125
77822,0.05028125
150081,0.05028125
88530,0.05028125
117415,0.05028125
51107,0.05028125
6603,0.05028125
33679,0.05028125
173399,0.05028125
99118,0.05028125
72562,0.05028125
172087,0.05028125
53199,0.05028125
36280,0.05028125
159769,0.05028125
195331,0.05028125
179524,0.05028125
67491,0.05028125
81053,0.05028125
134204,0.05028125
185365,0.05028125
44112,0.05028125
13108,0.05028125
66292,0.05028125
2514,0.05028125
61056,0.05028125
162550,0.05028125
101862,0.05028125
126194,0.05028125
52680,0.05028125
11531,0.05028125
159356,0.05028125
26663,0.05028125
16299,0.05028125
84363,0.05028125
114005,0.05028125
3221,0.05028125
21843,0.05028125
97394,0.05028125
139827,0.05028125
159450,0.05028125
183281,0.05028125
194385,0.05028125
78090,0.05028125
97733,0.05028125
43151,0.05028125
37036,0.05028125
77078,0.05028125
155977,0.05028125
111078,0.05028125
36703,0.05028125
82755,0.05028125
16202,0.05028125
30015,0.05028125
128147,0.05028125
169128,0.05028125
169725,0.05028125
156564,0.05028125
135669,0.05028125
182474,0.05028125
89634,0.05028125
184739,0.05028125
96155,0.05028125
44048,0.05028125
151997,0.05028125
69687,0.05028125
156355,0.05028125
153267,0.05028125
17607,0.05028125
88706,0.05028125
112337,0.05028125
86172,0.05028125
22266,0.05028125
75693,0.05028125
40007,0.05028125
40305,0.05028125
51317,0.05028125
116308,0.05028125
98274,0.05028125
5895,0.05028125
170210,0.05028125
15197,0.05028125
197985,0.05028125
89334,0.05028125
133969,0.05028125
179614,0.05028125
122003,0.05028125
97425,0.05028125
74384,0.05028125
31363,0.05028125
125329,0.05028125
186452,0.05028125
68747,0.05028125
177785,0.05028125
52827,0.05028125
30530,0.05028125
82507,0.05028125
60398,0.05028125
20117,0.05028125
183804,0.05028125
176767,0.05028125
64494,0.05028125
189924,0.05028125
75743,0.05028125
180523,0.05028125
194922,0.05028125
43511,0.05028125
47123,0.05028125
65810,0.05028125
106196,0.05028125
164767,0.05028125
74532,0.05028125
194033,0.05028125
54435,0.05028125
9593,0.05028125
32118,0.05028125
104532,0.05028125
50535,0.05028125
185773,0.05028125
196561,0.05028125
196615,0.05028125
36789,0.05028125
180105,0.05028125
71573,0.05028125
2973,0.05028125
149790,0.05028125
25285,0.05028125
73214,0.05028125
93668,0.05028125
100187,0.05028125
100070,0.05028125
86399,0.05028125
9297,0.05028125
99382,0.05028125
154444,0.05028125
47101,0.05028125
143290,0.05028125
172274,0.05028125
126800,0.05028125
79269,0.05028125
89735,0.05028125
25974,0.05028125
8605,0.05028125
5189,0.05028125
159919,0.05028125
74435,0.05028125
54788,0.05028125
4223,0.05028125
72938,0.05028125
23952,0.05028125
167096,0.05028125
139058,0.05028125
89962,0.05028125
126931,0.05028125
196963,0.05028125
52067,0.05028125
88105,0.05028125
66245,0.05028125
20342,0.05028125
62953,0.05028125
163884,0.05028125
180823,0.05028125
176407,0.05028125
7899,0.05028125
168053,0.05028125
49185,0.05028125
147300,0.05028125
159698,0.05028125
151621,0.05028125
97904,0.05028125
8116,0.05028125
144858,0.05028125
31142,0.05028125
51519,0.05028125
4064,0.05028125
199663,0.05028125
70071,0.05028125
2445,0.05028125
196369,0.05028125
148142,0.05028125
89508,0.05028125
16892,0.05028125
61195,0.05028125
130287,0.05028125
157004,0.05028125
101976,0.05028125
145379,0.05028125
153679,0.05028125
96245,0.05028125
162921,0.05028125
170514,0.05028125
170501,0.05028125
60800,0.05028125
6005,0.05028125
90437,0.05028125
44195,0.05028125
163405,0.05028125
171942,0.05028125
19539,0.05028125
18237,0.05028125
21532,0.05028125
173942,0.05028125
181947,0.05028125
157189,0.05028125
47531,0.05028125
32102,0.05028125
38750,0.05028125
157209,0.05028125
167815,0.05028125
153136,0.05028125
102872,0.05028125
129810,0.05028125
3943,0.05028125
136199,0.05028125
55557,0.05028125
56234,0.05028125
42577,0.05028125
179244,0.05028125
94785,0.05028125
183675,0.05028125
115263,0.05028125
63733,0.05028125
119366,0.05028125
146593,0.05028125
139904,0.05028125
17841,0.05028125
5093,0.05028125
20054,0.05028125
122679,0.05028125
132441,0.05028125
187533,0.05028125
186799,0.05028125
80594,0.05028125
184808,0.05028125
9890,0.05028125
120979,0.05028125
189302,0.05028125
123246,0.05028125
94330,0.05028125
51794,0.05028125
179059,0.05028125
132175,0.05028125
66029,0.05028125
131331,0.05028125
17600,0.05028125
192673,0.05028125
168548,0.05028125
140645,0.05028125
25794,0.05028125
47949,0.05028125
24643,0.05028125
186751,0.05028125
174462,0.05028125
115139,0.05028125
80949,0.05028125
163819,0.05028125
53168,0.05028125
62022,0.05028125
5089,0.05028125
118147,0.05028125
188794,0.05028125
127926,0.05028125
11443,0.05028125
87148,0.05028125
137568,0.05028125
15210,0.05028125
107866,0.05028125
109123,0.05028125
55725,0.05028125
162886,0.05028125
174058,0.05028125
86991,0.05028125
7029,0.05028125
114564,0.05028125
174284,0.05028125
67350,0.05028125
72323,0.05028125
138703,0.05028125
179182,0.05028125
103308,0.05028125
94472,0.05028125
149522,0.05028125
110713,0.05028125
11354,0.05028125
65713,0.05028125
5934,0.05028125
157353,0.05028125
38117,0.05028125
65461,0.05028125
122420,0.05028125
150968,0.05028125
162510,0.05028125
103946,0.05028125
52270,0.05028125
114937,0.05028125
114645,0.05028125
18951,0.05028125
19352,0.05028125
117971,0.05028125
110495,0.05028125
100501,0.05028125
158499,0.05028125
63679,0.05028125
149120,0.05028125
26965,0.05028125
25953,0.05028125
12841,0.05028125
58230,0.05028125
134807,0.05028125
34357,0.05028125
26214,0.05028125
180549,0.05028125
189557,0.05028125
179168,0.05028125
58097,0.05028125
188526,0.05028125
24258,0.05028125
55640,0.05028125
166133,0.05028125
37983,0.05028125
128709,0.05028125
119847,0.05028125
89762,0.05028125
23321,0.05028125
36015,0.05028125
175332,0.05028125
127295,0.05028125
128749,0.05028125
94852,0.05028125
83966,0.05028125
187683,0.05028125
141427,0.05028125
36630,0.05028125
141875,0.05028125
122125,0.05028125
199931,0.05028125
2701,0.05028125
29889,0.05028125
17632,0.05028125
183448,0.05028125
27996,0.05028125
189473,0.05028125
42900,0.05028125
100379,0.05028125
7950,0.05028125
193689,0.05028125
61670,0.05028125
92609,0.05028125
50317,0.05028125
51942,0.05028125
189174,0.05028125
19476,0.05028125
103155,0.05028125
144283,0.05028125
78293,0.05028125
84562,0.05028125
77598,0.05028125
2872,0.05028125
8564,0.05028125
169688,0.05028125
132784,0.05028125
138780,0.05028125
32120,0.05028125
85969,0.05028125
32571,0.05028125
164073,0.05028125
177783,0.05028125
16989,0.05028125
97260,0.05028125
79807,0.05028125
160800,0.05028125
199660,0.05028125
193331,0.05028125
48407,0.05028125
158107,0.05028125
188380,0.05028125
107737,0.05028125
147031,0.05028125
183922,0.05028125
102653,0.05028125
97014,0.05028125
119457,0.05028125
6421,0.05028125
197673,0.05028125
198120,0.05028125
1301,0.05028125
22556,0.05028125
33887,0.05028125
94067,0.05028125
23729,0.05028125
74734,0.05028125
55137,0.05028125
80728,0.05028125
51017,0.05028125
93995,0.05028125
117690,0.05028125
135173,0.05028125
75183,0.05028125
90017,0.05028125
137354,0.05028125
183083,0.05028125
99348,0.05028125
12572,0.05028125
148862,0.05028125
43050,0.05028125
162483,0.05028125
79801,0.05028125
113206,0.05028125
149583,0.05028125
122864,0.05028125
12913,0.05028125
70538,0.05028125
57844,0.05028125
100305,0.05028125
155333,0.05028125
29921,0.05028125
193912,0.05028125
109490,0.05028125
160340,0.05028125
159529,0.05028125
120156,0.05028125
121044,0.05028125
124311,0.05028125
31746,0.05028125
148747,0.05028125
191912,0.05028125
101789,0.05028125
135555,0.05028125
169089,0.05028125
32267,0.05028125
59967,0.05028125
106354,0.05028125
37113,0.05028125
20924,0.05028125
119179,0.05028125
80558,0.05028125
137291,0.05028125
14923,0.05028125
1917,0.05028125
63326,0.05028125
122510,0.05028125
84546,0.05028125
69739,0.05028125
33571,0.05028125
157525,0.05028125
76569,0.05028125
45653,0.05028125
174038,0.05028125
105951,0.05028125
527,0.05028125
145504,0.05028125
168691,0.05028125
154596,0.05028125
89248,0.05028125
192173,0.05028125
15237,0.05028125
179983,0.05028125
113764,0.05028125
190082,0.05028125
18184,0.05028125
60555,0.05028125
51795,0.05028125
183864,0.05028125
114570,0.05028125
123591,0.05028125
112347,0.05028125
195416,0.05028125
114218,0.05028125
52486,0.05028125
160758,0.05028125
82272,0.05028125
27288,0.05028125
98102,0.05028125
81908,0.05028125
85104,0.05028125
170219,0.05028125
28412,0.05028125
125177,0.05028125
59942,0.05028125
32439,0.05028125
80771,0.05028125
146292,0.05028125
20534,0.05028125
105969,0.05028125
34145,0.05028125
148333,0.05028125
183103,0.05028125
21726,0.05028125
107557,0.05028125
137711,0.05028125
92927,0.05028125
4588,0.05028125
41200,0.05028125
83803,0.05028125
117234,0.05028125
164686,0.05028125
160923,0.05028125
35746,0.05028125
100522,0.05028125
183285,0.05028125
192740,0.05028125
122518,0.05028125
57313,0.05028125
15453,0.05028125
179850,0.05028125
111458,0.05028125
111923,0.05028125
63075,0.05028125
6272,0.05028125
106682,0.05028125
134766,0.05028125
110266,0.05028125
197442,0.05028125
113158,0.05028125
48222,0.05028125
154391,0.05028125
125371,0.05028125
12502,0.05028125
172153,0.05028125
50178,0.05028125
64386,0.05028125
199682,0.05028125
19457,0.05028125
189588,0.05028125
91858,0.05028125
107617,0.05028125
156239,0.05028125
156058,0.05028125
916,0.05028125
7138,0.05028125
118962,0.05028125
65389,0.05028125
184829,0.05028125
71087,0.05028125
51890,0.05028125
87528,0.05028125
113172,0.05028125
102989,0.05028125
151986,0.05028125
73790,0.05028125
137531,0.05028125
103257,0.05028125
128545,0.05028125
174281,0.05028125
68635,0.05028125
84947,0.05028125
50322,0.05028125
86876,0.05028125
131183,0.05028125
186878,0.05028125
33467,0.05028125
140659,0.05028125
146965,0.05028125
174815,0.05028125
27920,0.05028125
39992,0.05028125
194013,0.05028125
44585,0.05028125
79605,0.05028125
143113,0.05028125
7731,0.05028125
21288,0.05028125
10197,0.05028125
145350,0.05028125
4426,0.05028125
72100,0.05028125
147535,0.05028125
54665,0.05028125
196764,0.05028125
184479,0.05028125
86623,0.05028125
119878,0.05028125
94737,0.05028125
44769,0.05028125
169867,0.05028125
82572,0.05028125
31470,0.05028125
86628,0.05028125
103291,0.05028125
12162,0.05028125
103348,0.05028125
75492,0.05028125
117863,0.05028125
78660,0.05028125
133027,0.05028125
96968,0.05028125
128000,0.05028125
184177,0.05028125
71810,0.05028125
10826,0.05028125
83683,0.05028125
167207,0.05028125
37359,0.05028125
22179,0.05028125
87134,0.05028125
152109,0.05028125
50119,0.05028125
115219,0.05028125
31983,0.05028125
137101,0.05028125
163420,0.05028125
77252,0.05028125
40088,0.05028125
16848,0.05028125
43525,0.05028125
169384,0.05028125
166895,0.05028125
85653,0.05028125
160348,0.05028125
131848,0.05028125
86835,0.05028125
126648,0.05028125
6754,0.05028125
1991,0.05028125
36304,0.05028125
75672,0.05028125
157344,0.05028125
190934,0.05028125
4653,0.05028125
71953,0.05028125
182365,0.05028125
11089,0.05028125
145882,0.05028125
41172,0.05028125
152004,0.05028125
153000,0.05028125
156939,0.05028125
132814,0.05028125
51690,0.05028125
119620,0.05028125
97420,0.05028125
174082,0.05028125
46255,0.05028125
161045,0.05028125
109489,0.05028125
169120,0.05028125
63256,0.05028125
27083,0.05028125
14051,0.05028125
143309,0.05028125
136278,0.05028125
85601,0.05028125
11860,0.05028125
25941,0.05028125
5915,0.05028125
31313,0.05028125
113309,0.05028125
107095,0.05028125
30183,0.05028125
59991,0.05028125
93791,0.05028125
150880,0.05028125
168178,0.05028125
83747,0.05028125
95517,0.05028125
165903,0.05028125
83337,0.05028125
180221,0.05028125
127131,0.05028125
122186,0.05028125
126190,0.05028125
84498,0.05028125
119626,0.05028125
61043,0.05028125
160365,0.05028125
73553,0.05028125
112146,0.05028125
38053,0.05028125
88247,0.05028125
15373,0.05028125
35545,0.05028125
34161,0.05028125
162304,0.05028125
156261,0.05028125
5708,0.05028125
32487,0.05028125
77376,0.05028125
82983,0.05028125
53174,0.05028125
51803,0.05028125
192079,0.05028125
59355,0.05028125
127186,0.05028125
176773,0.05028125
43158,0.05028125
42923,0.05028125
194661,0.05028125
100838,0.05028125
139343,0.05028125
76884,0.05028125
81390,0.05028125
20912,0.05028125
88365,0.05028125
139885,0.05028125
29025,0.05028125
33865,0.05028125
190894,0.05028125
13234,0.05028125
55031,0.05028125
152420,0.05028125
166710,0.05028125
111178,0.05028125
46770,0.05028125
82142,0.05028125
190386,0.05028125
25973,0.05028125
15484,0.05028125
196406,0.05028125
19217,0.05028125
150948,0.05028125
43241,0.05028125
6039,0.05028125
3459,0.05028125
173919,0.05028125
188931,0.05028125
67102,0.05028125
175068,0.05028125
163199,0.05028125
21374,0.05028125
86309,0.05028125
112395,0.05028125
6726,0.05028125
105188,0.05028125
93647,0.05028125
40483,0.05028125
99695,0.05028125
109597,0.05028125
30608,0.05028125
185293,0.05028125
162196,0.05028125
129431,0.05028125
86019,0.05028125
90907,0.05028125
50405,0.05028125
90293,0.05028125
45752,0.05028125
15759,0.05028125
115752,0.05028125
57627,0.05028125
58921,0.05028125
8936,0.05028125
79321,0.05028125
105667,0.05028125
167899,0.05028125
46899,0.05028125
70605,0.05028125
59006,0.05028125
24756,0.05028125
101201,0.05028125
152932,0.05028125
177416,0.05028125
74054,0.05028125
91931,0.05028125
188866,0.05028125
162064,0.05028125
169908,0.05028125
189834,0.05028125
76306,0.05028125
33144,0.05028125
165339,0.05028125
108998,0.05028125
60125,0.05028125
192314,0.05028125
142395,0.05028125
101362,0.05028125
84381,0.05028125
167633,0.05028125
65361,0.05028125
114967,0.05028125
90117,0.05028125
118049,0.05028125
152315,0.05028125
76806,0.05028125
72701,0.05028125
167331,0.05028125
58436,0.05028125
79812,0.05028125
126935,0.05028125
66603,0.05028125
138287,0.05028125
76909,0.05028125
38495,0.05028125
157931,0.05028125
11348,0.05028125
122816,0.05028125
123534,0.05028125
80892,0.05028125
38599,0.05028125
38525,0.05028125
31244,0.05028125
77592,0.05028125
117614,0.05028125
59034,0.05028125
187969,0.05028125
152666,0.05028125
16561,0.05028125
131078,0.05028125
71943,0.05028125
132673,0.05028125
122964,0.05028125
174728,0.05028125
28272,0.05028125
55657,0.05028125
92826,0.05028125
20085,0.05028125
188460,0.05028125
9436,0.05028125
33150,0.05028125
92626,0.05028125
114342,0.05028125
186293,0.05028125
59039,0.05028125
117050,0.05028125
94039,0.05028125
94484,0.05028125
30429,0.05028125
145706,0.05028125
22505,0.05028125
47368,0.05028125
85151,0.05028125
112763,0.05028125
158358,0.05028125
74698,0.05028125
127944,0.05028125
17584,0.05028125
168937,0.05028125
123330,0.05028125
175579,0.05028125
133690,0.05028125
179080,0.05028125
164688,0.05028125
55577,0.05028125
133173,0.05028125
61490,0.05028125
46400,0.05028125
130991,0.05028125
96029,0.05028125
146457,0.05028125
117835,0.05028125
133125,0.05028125
54932,0.05028125
64238,0.05028125
51585,0.05028125
135433,0.05028125
75070,0.05028125
716,0.05028125
62908,0.05028125
99864,0.05028125
63000,0.05028125
152335,0.05028125
197004,0.05028125
199395,0.05028125
169817,0.05028125
49744,0.05028125
152277,0.05028125
16456,0.05028125
155215,0.05028125
39915,0.05028125
121709,0.05028125
123192,0.05028125
57597,0.05028125
61766,0.05028125
99091,0.05028125
90091,0.05028125
145004,0.05028125
57148,0.05028125
71940,0.05028125
37403,0.05028125
161314,0.05028125
62546,0.05028125
112660,0.05028125
180097,0.05028125
840,0.05028125
192217,0.05028125
8974,0.05028125
69569,0.05028125
135766,0.05028125
157516,0.05028125
149501,0.05028125
103381,0.05028125
101158,0.05028125
182221,0.05028125
15340,0.05028125
170183,0.05028125
122266,0.05028125
174151,0.05028125
118271,0.05028125
181158,0.05028125
152698,0.05028125
192546,0.05028125
1781,0.05028125
131553,0.05028125
98667,0.05028125
136369,0.05028125
169787,0.05028125
67596,0.05028125
955,0.05028125
36496,0.05028125
42965,0.05028125
22115,0.05028125
81097,0.05028125
187962,0.05028125
70993,0.05028125
116635,0.05028125
85334,0.05028125
189495,0.05028125
2353,0.05028125
64498,0.05028125
195685,0.05028125
23419,0.05028125
154275,0.05028125
10848,0.05028125
74180,0.05028125
167885,0.05028125
133967,0.05028125
189745,0.05028125
193064,0.05028125
138822,0.05028125
73933,0.05028125
121527,0.05028125
52296,0.05028125
71534,0.05028125
81508,0.05028125
32604,0.05028125
54905,0.05028125
115025,0.05028125
83881,0.05028125
94308,0.05028125
44650,0.05028125
149703,0.05028125
10457,0.05028125
76515,0.05028125
187196,0.05028125
67663,0.05028125
74781,0.05028125
70420,0.05028125
32738,0.05028125
122698,0.05028125
137715,0.05028125
44036,0.05028125
153118,0.05028125
24431,0.05028125
6245,0.05028125
194636,0.05028125
176434,0.05028125
105834,0.05028125
23150,0.05028125
67841,0.05028125
147411,0.05028125
158047,0.05028125
50231,0.05028125
154674,0.05028125
61651,0.05028125
128965,0.05028125
60803,0.05028125
153927,0.05028125
113468,0.05028125
170013,0.05028125
142758,0.05028125
188281,0.05028125
2597,0.05028125
58644,0.05028125
105932,0.05028125
69451,0.05028125
100257,0.05028125
85581,0.05028125
150912,0.05028125
182631,0.05028125
168320,0.05028125
17769,0.05028125
159552,0.05028125
125123,0.05028125
50102,0.05028125
148536,0.05028125
77575,0.05028125
173217,0.05028125
47948,0.05028125
142835,0.05028125
161069,0.05028125
8084,0.05028125
485,0.05028125
103388,0.05028125
151529,0.05028125
170339,0.05028125
48137,0.05028125
163458,0.05028125
99611,0.05028125
147215,0.05028125
184023,0.05028125
194860,0.05028125
143091,0.05028125
167983,0.05028125
34281,0.05028125
122054,0.05028125
111809,0.05028125
173233,0.05028125
100186,0.05028125
82642,0.05028125
195145,0.05028125
169541,0.05028125
71617,0.05028125
133282,0.05028125
123507,0.05028125
195535,0.05028125
25286,0.05028125
59749,0.05028125
57661,0.05028125
144772,0.05028125
101335,0.05028125
190943,0.05028125
72278,0.05028125
161587,0.05028125
130145,0.05028125
21744,0.05028125
57200,0.05028125
106662,0.05028125
37332,0.05028125
143236,0.05028125
155593,0.05028125
36363,0.05028125
151064,0.05028125
82439,0.05028125
138973,0.05028125
148987,0.05028125
166256,0.05028125
158688,0.05028125
116691,0.05028125
18456,0.05028125
135923,0.05028125
99148,0.05028125
84367,0.05028125
158270,0.05028125
18290,0.05028125
159746,0.05028125
16366,0.05028125
41922,0.05028125
145372,0.05028125
8404,0.05028125
86323,0.05028125
134042,0.05028125
41396,0.05028125
192266,0.05028125
111918,0.05028125
87368,0.05028125
135441,0.05028125
57454,0.05028125
122286,0.05028125
38197,0.05028125
83788,0.05028125
193490,0.05028125
139563,0.05028125
130838,0.05028125
142697,0.05028125
85618,0.05028125
55326,0.05028125
107610,0.05028125
102715,0.05028125
38992,0.05028125
19747,0.05028125
62131,0.05028125
57448,0.05028125
141410,0.05028125
27975,0.05028125
191762,0.05028125
74559,0.05028125
157139,0.05028125
20011,0.05028125
14739,0.05028125
183489,0.05028125
191002,0.05028125
188163,0.05028125
60203,0.05028125
134598,0.05028125
135352,0.05028125
29272,0.05028125
47674,0.05028125
21509,0.05028125
143606,0.05028125
3474,0.05028125
109260,0.05028125
6401,0.05028125
5254,0.05028125
181440,0.05028125
38880,0.05028125
110175,0.05028125
35911,0.05028125
152197,0.05028125
47517,0.05028125
16492,0.05028125
101723,0.05028125
132177,0.05028125
8758,0.05028125
188655,0.05028125
103272,0.05028125
108595,0.05028125
93031,0.05028125
722,0.05028125
57226,0.05028125
93418,0.05028125
156431,0.05028125
60085,0.05028125
78566,0.05028125
199896,0.05028125
148195,0.05028125
5048,0.05028125
162847,0.05028125
101537,0.05028125
14752,0.05028125
152143,0.05028125
137714,0.05028125
87517,0.05028125
36889,0.05028125
180959,0.05028125
168278,0.05028125
141652,0.05028125
73046,0.05028125
128742,0.05028125
179923,0.05028125
13978,0.05028125
29611,0.05028125
91280,0.05028125
15474,0.05028125
131089,0.05028125
103775,0.05028125
179,0.05028125
20253,0.05028125
192117,0.05028125
159550,0.05028125
164596,0.05028125
165704,0.05028125
167607,0.05028125
174752,0.05028125
120187,0.05028125
70998,0.05028125
43952,0.05028125
127627,0.05028125
187238,0.05028125
161102,0.05028125
29430,0.05028125
89824,0.05028125
3601,0.05028125
153510,0.05028125
47767,0.05028125
3801,0.05028125
65846,0.05028125
153463,0.05028125
136832,0.05028125
34978,0.05028125
137955,0.05028125
169116,0.05028125
58405,0.05028125
15756,0.05028125
199709,0.05028125
94729,0.05028125
144286,0.05028125
27014,0.05028125
71762,0.05028125
30610,0.05028125
117462,0.05028125
192022,0.05028125
170882,0.05028125
196784,0.05028125
26758,0.05028125
115241,0.05028125
152699,0.05028125
95773,0.05028125
115923,0.05028125
11284,0.05028125
91228,0.05028125
77000,0.05028125
98584,0.05028125
131543,0.05028125
106962,0.05028125
62927,0.05028125
79468,0.05028125
62467,0.05028125
4687,0.05028125
32076,0.05028125
49549,0.05028125
65348,0.05028125
124298,0.05028125
53455,0.05028125
182865,0.05028125
163523,0.05028125
144996,0.05028125
69691,0.05028125
82337,0.05028125
131880,0.05028125
85747,0.05028125
139037,0.05028125
121232,0.05028125
139463,0.05028125
153276,0.05028125
93382,0.05028125
70056,0.05028125
20754,0.05028125
30866,0.05028125
181541,0.05028125
134319,0.05028125
178775,0.05028125
35522,0.05028125
15758,0.05028125
190559,0.05028125
49611,0.05028125
89568,0.05028125
134716,0.05028125
145716,0.05028125
103789,0.05028125
124688,0.05028125
89023,0.05028125
34090,0.05028125
151633,0.05028125
131841,0.05028125
190442,0.05028125
83795,0.05028125
85365,0.05028125
124354,0.05028125
172240,0.05028125
159745,0.05028125
168772,0.05028125
100434,0.05028125
24039,0.05028125
14879,0.05028125
182352,0.05028125
159135,0.05028125
89839,0.05028125
139981,0.05028125
72896,0.05028125
6264,0.05028125
83186,0.05028125
153914,0.05028125
153348,0.05028125
187548,0.05028125
192812,0.05028125
49168,0.05028125
87813,0.05028125
199438,0.05028125
153452,0.05028125
112166,0.05028125
57299,0.05028125
133558,0.05028125
179193,0.05028125
82456,0.05028125
34607,0.05028125
25076,0.05028125
179305,0.05028125
17020,0.05028125
121784,0.05028125
37891,0.05028125
85157,0.05028125
111702,0.05028125
173280,0.05028125
114464,0.05028125
3649,0.05028125
70406,0.05028125
68608,0.05028125
32320,0.05028125
170481,0.05028125
99932,0.05028125
184760,0.05028125
109511,0.05028125
113310,0.05028125
18767,0.05028125
191453,0.05028125
177718,0.05028125
56606,0.05028125
195855,0.05028125
24080,0.05028125
48272,0.05028125
46591,0.05028125
175841,0.05028125
118069,0.05028125
57508,0.05028125
167547,0.05028125
198959,0.05028125
28356,0.05028125
2685,0.05028125
87285,0.05028125
139279,0.05028125
135139,0.05028125
84809,0.05028125
199383,0.05028125
79302,0.05028125
84969,0.05028125
111787,0.05028125
172967,0.05028125
6959,0.05028125
24342,0.05028125
149785,0.05028125
9580,0.05028125
17272,0.05028125
27307,0.05028125
102810,0.05028125
122287,0.05028125
189789,0.05028125
116020,0.05028125
185570,0.05028125
19265,0.05028125
189996,0.05028125
174310,0.05028125
197123,0.05028125
164593,0.05028125
65611,0.05028125
16774,0.05028125
79417,0.05028125
63844,0.05028125
150828,0.05028125
92041,0.05028125
101339,0.05028125
45879,0.05028125
34392,0.05028125
44894,0.05028125
108729,0.05028125
157497,0.05028125
49113,0.05028125
97748,0.05028125
18595,0.05028125
69907,0.05028125
10180,0.05028125
195874,0.05028125
14192,0.05028125
169751,0.05028125
8304,0.05028125
161750,0.05028125
196340,0.05028125
99203,0.05028125
179771,0.05028125
34105,0.05028125
44766,0.05028125
83340,0.05028125
192393,0.05028125
34438,0.05028125
144405,0.05028125
194993,0.05028125
197840,0.05028125
143545,0.05028125
4045,0.05028125
38995,0.05028125
11458,0.05028125
100463,0.05028125
101497,0.05028125
144911,0.05028125
168630,0.05028125
144137,0.05028125
151324,0.05028125
147117,0.05028125
98695,0.05028125
23440,0.05028125
181808,0.05028125
51931,0.05028125
126202,0.05028125
165656,0.05028125
108927,0.05028125
86159,0.05028125
153471,0.05028125
193210,0.05028125
111627,0.05028125
6160,0.05028125
73210,0.05028125
150940,0.05028125
22136,0.05028125
110881,0.05028125
65444,0.05028125
108938,0.05028125
168976,0.05028125
79903,0.05028125
178563,0.05028125
130795,0.05028125
24544,0.05028125
95539,0.05028125
141243,0.05028125
108077,0.05028125
62581,0.05028125
90877,0.05028125
175297,0.05028125
39205,0.05028125
15729,0.05028125
164776,0.05028125
88940,0.05028125
119732,0.05028125
194278,0.05028125
104203,0.05028125
30880,0.05028125
34900,0.05028125
75115,0.05028125
152856,0.05028125
12591,0.05028125
109143,0.05028125
191655,0.05028125
25162,0.05028125
37715,0.05028125
154263,0.05028125
147318,0.05028125
62566,0.05028125
44060,0.05028125
119655,0.05028125
7926,0.05028125
143838,0.05028125
92850,0.05028125
109059,0.05028125
166091,0.05028125
65019,0.05028125
102551,0.05028125
35779,0.05028125
62892,0.05028125
25418,0.05028125
42037,0.05028125
139715,0.05028125
111218,0.05028125
67464,0.05028125
36351,0.05028125
168062,0.05028125
184399,0.05028125
158240,0.05028125
100763,0.05028125
160235,0.05028125
156116,0.05028125
72219,0.05028125
160771,0.05028125
176465,0.05028125
162698,0.05028125
185945,0.05028125
186635,0.05028125
151853,0.05028125
147921,0.05028125
8097,0.05028125
132853,0.05028125
116204,0.05028125
198575,0.05028125
154620,0.05028125
114694,0.05028125
32025,0.05028125
99699,0.05028125
117549,0.05028125
80300,0.05028125
140639,0.05028125
143,0.05028125
37656,0.05028125
73401,0.05028125
7862,0.05028125
114073,0.05028125
32991,0.05028125
160816,0.05028125
131271,0.05028125
125303,0.05028125
80112,0.05028125
104743,0.05028125
143298,0.05028125
54459,0.05028125
189406,0.05028125
68848,0.05028125
168805,0.05028125
139354,0.05028125
175201,0.05028125
199329,0.05028125
60081,0.05028125
84106,0.05028125
57354,0.05028125
139595,0.05028125
124491,0.05028125
80981,0.05028125
111836,0.05028125
84818,0.05028125
126934,0.05028125
133757,0.05028125
1945,0.05028125
16719,0.05028125
35884,0.05028125
87715,0.05028125
134881,0.05028125
36582,0.05028125
79487,0.05028125
82156,0.05028125
8112,0.05028125
73572,0.05028125
162987,0.05028125
149889,0.05028125
152232,0.05028125
178404,0.05028125
99918,0.05028125
197846,0.05028125
22295,0.05028125
71801,0.05028125
120671,0.05028125
132590,0.05028125
69321,0.05028125
139869,0.05028125
26263,0.05028125
187910,0.05028125
29417,0.05028125
41247,0.05028125
170770,0.05028125
24732,0.05028125
98435,0.05028125
71942,0.05028125
90781,0.05028125
88169,0.05028125
126076,0.05028125
110651,0.05028125
85839,0.05028125
141467,0.05028125
145240,0.05028125
143915,0.05028125
152130,0.05028125
140719,0.05028125
169532,0.05028125
71041,0.05028125
98327,0.05028125
114962,0.05028125
133069,0.05028125
83726,0.05028125
148597,0.05028125
5854,0.05028125
14676,0.05028125
132494,0.05028125
166536,0.05028125
25254,0.05028125
52693,0.05028125
100040,0.05028125
141555,0.05028125
13204,0.05028125
80861,0.05028125
14211,0.05028125
124240,0.05028125
21333,0.05028125
128509,0.05028125
167778,0.05028125
90186,0.05028125
120062,0.05028125
96466,0.05028125
53413,0.05028125
48039,0.05028125
99325,0.05028125
45705,0.05028125
26631,0.05028125
199567,0.05028125
173663,0.05028125
174492,0.05028125
83864,0.05028125
100667,0.05028125
20750,0.05028125
189372,0.05028125
110522,0.05028125
37425,0.05028125
187968,0.05028125
66750,0.05028125
96733,0.05028125
170198,0.05028125
8339,0.05028125
97240,0.05028125
113968,0.05028125
7869,0.05028125
31279,0.05028125
33058,0.05028125
29888,0.05028125
163360,0.05028125
83041,0.05028125
9115,0.05028125
51927,0.05028125
56578,0.05028125
46158,0.05028125
2143,0.05028125
29887,0.05028125
89123,0.05028125
99790,0.05028125
155332,0.05028125
153440,0.05028125
123904,0.05028125
30775,0.05028125
71371,0.05028125
80267,0.05028125
194899,0.05028125
190749,0.05028125
10278,0.05028125
5241,0.05028125
121172,0.05028125
125590,0.05028125
2208,0.05028125
57456,0.05028125
76856,0.05028125
179020,0.05028125
40567,0.05028125
114781,0.05028125
189251,0.05028125
172160,0.05028125
15034,0.05028125
185102,0.05028125
21024,0.05028125
199424,0.05028125
137441,0.05028125
18582,0.05028125
187711,0.05028125
160999,0.05028125
194283,0.05028125
76074,0.05028125
167076,0.05028125
115490,0.05028125
90703,0.05028125
138827,0.05028125
70536,0.05028125
167106,0.05028125
183565,0.05028125
183006,0.05028125
122606,0.05028125
104178,0.05028125
166135,0.05028125
74750,0.05028125
44550,0.05028125
139436,0.05028125
177865,0.05028125
90998,0.05028125
26818,0.05028125
61154,0.05028125
159594,0.05028125
161819,0.05028125
168872,0.05028125
190996,0.05028125
138560,0.05028125
2518,0.05028125
11568,0.05028125
173471,0.05028125
175502,0.05028125
3683,0.05028125
46875,0.05028125
163514,0.05028125
32074,0.05028125
190530,0.05028125
32092,0.05028125
63204,0.05028125
189744,0.05028125
68933,0.05028125
198409,0.05028125
105642,0.05028125
196761,0.05028125
195364,0.05028125
38366,0.05028125
40741,0.05028125
76202,0.05028125
79156,0.05028125
65676,0.05028125
189303,0.05028125
104902,0.05028125
148687,0.05028125
92244,0.05028125
86761,0.05028125
46525,0.05028125
59035,0.05028125
71796,0.05028125
87358,0.05028125
113638,0.05028125
82117,0.05028125
165033,0.05028125
93892,0.05028125
141402,0.05028125
97307,0.05028125
93924,0.05028125
30645,0.05028125
115043,0.05028125
28735,0.05028125
166807,0.05028125
164751,0.05028125
55774,0.05028125
187427,0.05028125
60064,0.05028125
172222,0.05028125
156890,0.05028125
102546,0.05028125
185579,0.05028125
19639,0.05028125
179096,0.05028125
147839,0.05028125
69659,0.05028125
133374,0.05028125
119597,0.05028125
146320,0.05028125
16752,0.05028125
195404,0.05028125
53139,0.05028125
190965,0.05028125
17479,0.05028125
125778,0.05028125
150289,0.05028125
91412,0.05028125
60262,0.05028125
78162,0.05028125
155036,0.05028125
171530,0.05028125
82651,0.05028125
121316,0.05028125
169600,0.05028125
151701,0.05028125
149436,0.05028125
74876,0.05028125
30925,0.05028125
5994,0.05028125
12804,0.05028125
179083,0.05028125
74349,0.05028125
107033,0.05028125
190316,0.05028125
140841,0.05028125
9922,0.05028125
49585,0.05028125
88045,0.05028125
73102,0.05028125
76723,0.05028125
86722,0.05028125
48169,0.05028125
66436,0.05028125
91217,0.05028125
20735,0.05028125
16580,0.05028125
174732,0.05028125
114685,0.05028125
131585,0.05028125
195632,0.05028125
4028,0.05028125
42378,0.05028125
56162,0.05028125
48663,0.05028125
30463,0.05028125
104688,0.05028125
118185,0.05028125
131607,0.05028125
86123,0.05028125
66624,0.05028125
8849,0.05028125
9242,0.05028125
126250,0.05028125
156269,0.05028125
121201,0.05028125
162657,0.05028125
130401,0.05028125
119420,0.05028125
1366,0.05028125
61492,0.05028125
146179,0.05028125
147593,0.05028125
52394,0.05028125
106083,0.05028125
86459,0.05028125
190153,0.05028125
122100,0.05028125
16094,0.05028125
99313,0.05028125
53132,0.05028125
96349,0.05028125
159083,0.05028125
105072,0.05028125
126727,0.05028125
130740,0.05028125
100544,0.05028125
142698,0.05028125
140420,0.05028125
128151,0.05028125
76239,0.05028125
82859,0.05028125
25651,0.05028125
26983,0.05028125
45151,0.05028125
183047,0.05028125
30427,0.05028125
33392,0.05028125
37709,0.05028125
50400,0.05028125
60397,0.05028125
141310,0.05028125
178204,0.05028125
188853,0.05028125
122817,0.05028125
31359,0.05028125
117012,0.05028125
87840,0.05028125
123670,0.05028125
82902,0.05028125
80036,0.05028125
118846,0.05028125
10227,0.05028125
199793,0.05028125
84891,0.05028125
59262,0.05028125
110002,0.05028125
138214,0.05028125
76809,0.05028125
96979,0.05028125
76879,0.05028125
86989,0.05028125
35455,0.05028125
27897,0.05028125
89286,0.05028125
150554,0.05028125
185136,0.05028125
10479,0.05028125
52651,0.05028125
169530,0.05028125
59320,0.05028125
13491,0.05028125
99785,0.05028125
124020,0.05028125
31161,0.05028125
145747,0.05028125
177654,0.05028125
182662,0.05028125
74292,0.05028125
107151,0.05028125
106649,0.05028125
185950,0.05028125
26207,0.05028125
85965,0.05028125
115172,0.05028125
21622,0.05028125
128322,0.05028125
128242,0.05028125
181219,0.05028125
37930,0.05028125
126385,0.05028125
95195,0.05028125
163807,0.05028125
125860,0.05028125
110190,0.05028125
18391,0.05028125
193834,0.05028125
84973,0.05028125
188907,0.05028125
147407,0.05028125
6067,0.05028125
100475,0.05028125
132598,0.05028125
122718,0.05028125
83423,0.05028125
52205,0.05028125
154968,0.05028125
101458,0.05028125
105567,0.05028125
35826,0.05028125
48739,0.05028125
190011,0.05028125
106997,0.05028125
122045,0.05028125
116801,0.05028125
4095,0.05028125
188450,0.05028125
136426,0.05028125
38205,0.05028125
72494,0.05028125
55268,0.05028125
62358,0.05028125
34691,0.05028125
144093,0.05028125
67360,0.05028125
111560,0.05028125
62741,0.05028125
125915,0.05028125
15587,0.05028125
29116,0.05028125
190892,0.05028125
58875,0.05028125
166860,0.05028125
85593,0.05028125
87249,0.05028125
43966,0.05028125
154597,0.05028125
55412,0.05028125
81467,0.05028125
138115,0.05028125
153834,0.05028125
168186,0.05028125
156288,0.05028125
30579,0.05028125
178709,0.05028125
172350,0.05028125
32966,0.05028125
158530,0.05028125
153458,0.05028125
50096,0.05028125
191432,0.05028125
50796,0.05028125
48037,0.05028125
167743,0.05028125
160697,0.05028125
88039,0.05028125
58833,0.05028125
107689,0.05028125
5188,0.05028125
39643,0.05028125
176952,0.05028125
100989,0.05028125
132580,0.05028125
92092,0.05028125
161794,0.05028125
77330,0.05028125
102102,0.05028125
73864,0.05028125
73593,0.05028125
116280,0.05028125
4689,0.05028125
83730,0.05028125
68162,0.05028125
12809,0.05028125
66776,0.05028125
181702,0.05028125
71669,0.05028125
115991,0.05028125
46072,0.05028125
174278,0.05028125
124290,0.05028125
103881,0.05028125
50139,0.05028125
134726,0.05028125
175925,0.05028125
179429,0.05028125
1875,0.05028125
88522,0.05028125
42806,0.05028125
40869,0.05028125
81827,0.05028125
56789,0.05028125
59735,0.05028125
130548,0.05028125
7202,0.05028125
37169,0.05028125
103852,0.05028125
47328,0.05028125
63990,0.05028125
124321,0.05028125
81794,0.05028125
108976,0.05028125
59007,0.05028125
38172,0.05028125
5657,0.05028125
32883,0.05028125
11514,0.05028125
45259,0.05028125
74344,0.05028125
140746,0.05028125
92737,0.05028125
18656,0.05028125
149796,0.05028125
26505,0.05028125
185336,0.05028125
181695,0.05028125
147802,0.05028125
168696,0.05028125
54617,0.05028125
185755,0.05028125
126525,0.05028125
135608,0.05028125
179791,0.05028125
159340,0.05028125
175620,0.05028125
36252,0.05028125
93230,0.05028125
88665,0.05028125
132861,0.05028125
77348,0.05028125
11783,0.05028125
176411,0.05028125
29118,0.05028125
80407,0.05028125
118850,0.05028125
10375,0.05028125
37749,0.05028125
104733,0.05028125
133188,0.05028125
75844,0.05028125
18114,0.05028125
49003,0.05028125
113980,0.05028125
10979,0.05028125
75821,0.05028125
92017,0.05028125
171813,0.05028125
157554,0.05028125
19536,0.05028125
12090,0.05028125
5711,0.05028125
21421,0.05028125
53202,0.05028125
73513,0.05028125
110159,0.05028125
61597,0.05028125
91361,0.05028125
197566,0.05028125
92312,0.05028125
7144,0.05028125
125203,0.05028125
73904,0.05028125
104260,0.05028125
154432,0.05028125
53101,0.05028125
41716,0.05028125
66141,0.05028125
145774,0.05028125
19052,0.05028125
137058,0.05028125
179072,0.05028125
77904,0.05028125
194058,0.05028125
109660,0.05028125
29020,0.05028125
147055,0.05028125
71681,0.05028125
153582,0.05028125
192226,0.05028125
194325,0.05028125
17353,0.05028125
95695,0.05028125
54886,0.05028125
30443,0.05028125
95388,0.05028125
69039,0.05028125
47636,0.05028125
52115,0.05028125
82807,0.05028125
171136,0.05028125
89471,0.05028125
159242,0.05028125
107217,0.05028125
136690,0.05028125
161849,0.05028125
126465,0.05028125
7101,0.05028125
63123,0.05028125
94243,0.05028125
24020,0.05028125
197768,0.05028125
154794,0.05028125
88775,0.05028125
24125,0.05028125
54761,0.05028125
127248,0.05028125
18999,0.05028125
62041,0.05028125
120914,0.05028125
188207,0.05028125
181480,0.05028125
29534,0.05028125
62647,0.05028125
190305,0.05028125
131129,0.05028125
66213,0.05028125
69242,0.05028125
159262,0.05028125
4843,0.05028125
84843,0.05028125
182588,0.05028125
83456,0.05028125
152526,0.05028125
5484,0.05028125
113445,0.05028125
90377,0.05028125
112575,0.05028125
168893,0.05028125
179658,0.05028125
90202,0.05028125
183843,0.05028125
150247,0.05028125
33807,0.05028125
88692,0.05028125
146997,0.05028125
8170,0.05028125
9233,0.05028125
126018,0.05028125
167203,0.05028125
96942,0.05028125
62749,0.05028125
136783,0.05028125
115955,0.05028125
192491,0.05028125
78977,0.05028125
193295,0.05028125
122492,0.05028125
123321,0.05028125
68999,0.05028125
197674,0.05028125
163973,0.05028125
171265,0.05028125
23836,0.05028125
174331,0.05028125
150079,0.05028125
26222,0.05028125
184371,0.05028125
43441,0.05028125
37581,0.05028125
24533,0.05028125
138946,0.05028125
113283,0.05028125
18110,0.05028125
185548,0.05028125
153581,0.05028125
136522,0.05028125
116235,0.05028125
87319,0.05028125
39149,0.05028125
39299,0.05028125
27258,0.05028125
141738,0.05028125
56523,0.05028125
180726,0.05028125
152635,0.05028125
172331,0.05028125
106613,0.05028125
35396,0.05028125
123050,0.05028125
48380,0.05028125
168127,0.05028125
61598,0.05028125
9036,0.05028125
56260,0.05028125
118326,0.05028125
172729,0.05028125
14816,0.05028125
71456,0.05028125
189022,0.05028125
175247,0.05028125
23120,0.05028125
139620,0.05028125
35520,0.05028125
113381,0.05028125
167575,0.05028125
193899,0.05028125
142184,0.05028125
114842,0.05028125
22401,0.05028125
51618,0.05028125
136584,0.05028125
25675,0.05028125
21686,0.05028125
38804,0.05028125
73948,0.05028125
150099,0.05028125
55349,0.05028125
50009,0.05028125
168301,0.05028125
88858,0.05028125
76481,0.05028125
100306,0.05028125
140401,0.05028125
67393,0.05028125
49346,0.05028125
110398,0.05028125
112350,0.05028125
39222,0.05028125
196998,0.05028125
58112,0.05028125
37255,0.05028125
74827,0.05028125
9126,0.05028125
3574,0.05028125
120884,0.05028125
5941,0.05028125
12505,0.05028125
43968,0.05028125
66080,0.05028125
86282,0.05028125
38293,0.05028125
46285,0.05028125
52023,0.05028125
160783,0.05028125
100920,0.05028125
62121,0.05028125
124248,0.05028125
158007,0.05028125
146532,0.05028125
159928,0.05028125
187072,0.05028125
96609,0.05028125
76975,0.05028125
17609,0.05028125
117626,0.05028125
142144,0.05028125
64126,0.05028125
1880,0.05028125
37827,0.05028125
170680,0.05028125
83270,0.05028125
48579,0.05028125
8110,0.05028125
127437,0.05028125
88092,0.05028125
106401,0.05028125
190864,0.05028125
117254,0.05028125
172795,0.05028125
87906,0.05028125
86728,0.05028125
157552,0.05028125
151027,0.05028125
7693,0.05028125
43617,0.05028125
99919,0.05028125
87131,0.05028125
120791,0.05028125
150287,0.05028125
29748,0.05028125
23363,0.05028125
27747,0.05028125
101506,0.05028125
105957,0.05028125
82356,0.05028125
22342,0.05028125
36999,0.05028125
55734,0.05028125
80120,0.05028125
43890,0.05028125
16535,0.05028125
133033,0.05028125
103338,0.05028125
124052,0.05028125
195613,0.05028125
60012,0.05028125
138257,0.05028125
73677,0.05028125
153210,0.05028125
31535,0.05028125
164893,0.05028125
70487,0.05028125
137640,0.05028125
70833,0.05028125
152219,0.05028125
48406,0.05028125
127736,0.05028125
14895,0.05028125
188458,0.05028125
181871,0.05028125
195409,0.05028125
44646,0.05028125
91499,0.05028125
17167,0.05028125
143940,0.05028125
19613,0.05028125
96117,0.05028125
80896,0.05028125
4346,0.05028125
20128,0.05028125
141701,0.05028125
103715,0.05028125
88723,0.05028125
7179,0.05028125
143718,0.05028125
47168,0.05028125
46821,0.05028125
39470,0.05028125
63105,0.05028125
14075,0.05028125
123394,0.05028125
56239,0.05028125
125695,0.05028125
153745,0.05028125
158127,0.05028125
141297,0.05028125
56166,0.05028125
76174,0.05028125
152427,0.05028125
32282,0.05028125
176822,0.05028125
125283,0.05028125
70851,0.05028125
195107,0.05028125
89262,0.05028125
155017,0.05028125
56673,0.05028125
110259,0.05028125
83885,0.05028125
182877,0.05028125
103962,0.05028125
155631,0.05028125
10096,0.05028125
34526,0.05028125
146556,0.05028125
108349,0.05028125
134775,0.05028125
80808,0.05028125
39056,0.05028125
104958,0.05028125
79631,0.05028125
144758,0.05028125
109084,0.05028125
144352,0.05028125
106999,0.05028125
101076,0.05028125
3558,0.05028125
98776,0.05028125
136072,0.05028125
137147,0.05028125
95991,0.05028125
179972,0.05028125
42585,0.05028125
146752,0.05028125
56997,0.05028125
191859,0.05028125
31497,0.05028125
83522,0.05028125
175425,0.05028125
162771,0.05028125
65014,0.05028125
157664,0.05028125
34305,0.05028125
82842,0.05028125
62375,0.05028125
71628,0.05028125
151076,0.05028125
196983,0.05028125
45165,0.05028125
132173,0.05028125
4312,0.05028125
178927,0.05028125
126537,0.05028125
4147,0.05028125
84618,0.05028125
176251,0.05028125
177647,0.05028125
178542,0.05028125
74347,0.05028125
103903,0.05028125
135290,0.05028125
173513,0.05028125
79281,0.05028125
76051,0.05028125
82656,0.05028125
177391,0.05028125
188154,0.05028125
161145,0.05028125
172336,0.05028125
165062,0.05028125
56226,0.05028125
179919,0.05028125
149094,0.05028125
124347,0.05028125
24740,0.05028125
81954,0.05028125
125307,0.05028125
10948,0.05028125
194969,0.05028125
15046,0.05028125
57663,0.05028125
91289,0.05028125
21631,0.05028125
139230,0.05028125
2917,0.05028125
24330,0.05028125
36821,0.05028125
83606,0.05028125
94034,0.05028125
86302,0.05028125
53796,0.05028125
194827,0.05028125
87558,0.05028125
187512,0.05028125
186672,0.05028125
48595,0.05028125
75812,0.05028125
45317,0.05028125
157009,0.05028125
93320,0.05028125
185511,0.05028125
105619,0.05028125
29713,0.05028125
170494,0.05028125
184251,0.05028125
156078,0.05028125
92127,0.05028125
58379,0.05028125
96750,0.05028125
159003,0.05028125
113250,0.05028125
184349,0.05028125
139229,0.05028125
18454,0.05028125
63537,0.05028125
68804,0.05028125
198114,0.05028125
149563,0.05028125
188247,0.05028125
126001,0.05028125
103569,0.05028125
27842,0.05028125
132114,0.05028125
168085,0.05028125
197197,0.05028125
13791,0.05028125
6695,0.05028125
36385,0.05028125
70919,0.05028125
53184,0.05028125
7812,0.05028125
19633,0.05028125
129936,0.05028125
164512,0.05028125
37316,0.05028125
157997,0.05028125
101169,0.05028125
12897,0.05028125
196053,0.05028125
78834,0.05028125
89126,0.05028125
115930,0.05028125
11648,0.05028125
66413,0.05028125
11778,0.05028125
107307,0.05028125
3953,0.05028125
150285,0.05028125
141661,0.05028125
130334,0.05028125
196778,0.05028125
162675,0.05028125
91783,0.05028125
25947,0.05028125
61479,0.05028125
1826,0.05028125
112711,0.05028125
52835,0.05028125
57316,0.05028125
184484,0.05028125
19363,0.05028125
1756,0.05028125
55210,0.05028125
147467,0.05028125
55480,0.05028125
31003,0.05028125
184473,0.05028125
28409,0.05028125
148838,0.05028125
16385,0.05028125
172283,0.05028125
178999,0.05028125
134339,0.05028125
51077,0.05028125
148960,0.05028125
180350,0.05028125
128689,0.05028125
107265,0.05028125
118006,0.05028125
184446,0.05028125
184858,0.05028125
75002,0.05028125
175042,0.05028125
186010,0.05028125
74502,0.05028125
17608,0.05028125
80697,0.05028125
175534,0.05028125
147310,0.05028125
58552,0.05028125
182386,0.05028125
176978,0.05028125
49798,0.05028125
113521,0.05028125
19902,0.05028125
115109,0.05028125
140692,0.05028125
142055,0.05028125
74731,0.05028125
124353,0.05028125
26286,0.05028125
25079,0.05028125
18531,0.05028125
83185,0.05028125
109475,0.05028125
56649,0.05028125
33937,0.05028125
123004,0.05028125
182666,0.05028125
144603,0.05028125
68505,0.05028125
75882,0.05028125
71523,0.05028125
51432,0.05028125
149401,0.05028125
143754,0.05028125
173789,0.05028125
175166,0.05028125
167160,0.05028125
29111,0.05028125
75498,0.05028125
32859,0.05028125
100957,0.05028125
133283,0.05028125
103115,0.05028125
168267,0.05028125
170799,0.05028125
91345,0.05028125
76867,0.05028125
164800,0.05028125
70085,0.05028125
119573,0.05028125
99432,0.05028125
190061,0.05028125
111152,0.05028125
58304,0.05028125
75392,0.05028125
175785,0.05028125
60310,0.05028125
6644,0.05028125
84877,0.05028125
122845,0.05028125
66801,0.05028125
129708,0.05028125
20654,0.05028125
146687,0.05028125
78129,0.05028125
177884,0.05028125
40279,0.05028125
78853,0.05028125
94770,0.05028125
82070,0.05028125
180103,0.05028125
61856,0.05028125
34528,0.05028125
61907,0.05028125
57472,0.05028125
118347,0.05028125
89575,0.05028125
102339,0.05028125
122901,0.05028125
90757,0.05028125
184080,0.05028125
175479,0.05028125
46136,0.05028125
188562,0.05028125
197395,0.05028125
136270,0.05028125
49674,0.05028125
192343,0.05028125
115277,0.05028125
144894,0.05028125
128415,0.05028125
130831,0.05028125
98652,0.05028125
2847,0.05028125
39988,0.05028125
119686,0.05028125
46057,0.05028125
92224,0.05028125
186528,0.05028125
10337,0.05028125
149848,0.05028125
66284,0.05028125
147102,0.05028125
187930,0.05028125
157200,0.05028125
4381,0.05028125
16877,0.05028125
40233,0.05028125
195210,0.05028125
191033,0.05028125
72711,0.05028125
71367,0.05028125
176989,0.05028125
19721,0.05028125
78685,0.05028125
38778,0.05028125
46417,0.05028125
59908,0.05028125
106099,0.05028125
3798,0.05028125
65534,0.05028125
114033,0.05028125
8042,0.05028125
181712,0.05028125
176092,0.05028125
105391,0.05028125
68661,0.05028125
82227,0.05028125
55940,0.05028125
116133,0.05028125
70728,0.05028125
103009,0.05028125
29424,0.05028125
37674,0.05028125
199290,0.05028125
96515,0.05028125
47305,0.05028125
191665,0.05028125
142075,0.05028125
100391,0.05028125
21650,0.05028125
173462,0.05028125
128240,0.05028125
69281,0.05028125
104148,0.05028125
30269,0.05028125
191818,0.05028125
120072,0.05028125
140009,0.05028125
63084,0.05028125
122470,0.05028125
97537,0.05028125
160665,0.05028125
126517,0.05028125
95627,0.05028125
78344,0.05028125
170465,0.05028125
170165,0.05028125
104509,0.05028125
126279,0.05028125
72884,0.05028125
138714,0.05028125
70567,0.05028125
134308,0.05028125
54170,0.05028125
22032,0.05028125
108044,0.05028125
70712,0.05028125
19257,0.05028125
2250,0.05028125
169400,0.05028125
128798,0.05028125
24138,0.05028125
154625,0.05028125
114140,0.05028125
130774,0.05028125
124532,0.05028125
141136,0.05028125
168974,0.05028125
192131,0.05028125
74090,0.05028125
179679,0.05028125
181043,0.05028125
68493,0.05028125
61045,0.05028125
39452,0.05028125
162405,0.05028125
187575,0.05028125
65012,0.05028125
66861,0.05028125
67605,0.05028125
156373,0.05028125
135486,0.05028125
89359,0.05028125
29966,0.05028125
78438,0.05028125
35495,0.05028125
36019,0.05028125
118047,0.05028125
5098,0.05028125
78623,0.05028125
145487,0.05028125
182898,0.05028125
117833,0.05028125
146884,0.05028125
110638,0.05028125
182185,0.05028125
50233,0.05028125
160057,0.05028125
40255,0.05028125
172282,0.05028125
28845,0.05028125
142495,0.05028125
1473,0.05028125
49232,0.05028125
17400,0.05028125
190352,0.05028125
935,0.05028125
11487,0.05028125
8285,0.05028125
94011,0.05028125
55877,0.05028125
119137,0.05028125
138182,0.05028125
186112,0.05028125
185348,0.05028125
159827,0.05028125
39304,0.05028125
140926,0.05028125
42694,0.05028125
81419,0.05028125
18739,0.05028125
159241,0.05028125
96939,0.05028125
178405,0.05028125
9144,0.05028125
104173,0.05028125
170323,0.05028125
94551,0.05028125
80186,0.05028125
57463,0.05028125
27337,0.05028125
12791,0.05028125
116279,0.05028125
12075,0.05028125
111059,0.05028125
192052,0.05028125
59279,0.05028125
18632,0.05028125
117955,0.05028125
16268,0.05028125
52018,0.05028125
61995,0.05028125
132573,0.05028125
108540,0.05028125
144089,0.05028125
3190,0.05028125
22796,0.05028125
37104,0.05028125
71825,0.05028125
129785,0.05028125
149746,0.05028125
7006,0.05028125
105139,0.05028125
54219,0.05028125
435,0.05028125
174547,0.05028125
17086,0.05028125
86969,0.05028125
27069,0.05028125
18514,0.05028125
85093,0.05028125
40148,0.05028125
23161,0.05028125
71925,0.05028125
185219,0.05028125
191064,0.05028125
107517,0.05028125
88783,0.05028125
106795,0.05028125
37871,0.05028125
173474,0.05028125
84795,0.05028125
195456,0.05028125
19240,0.05028125
151183,0.05028125
23485,0.05028125
196655,0.05028125
154981,0.05028125
189394,0.05028125
20318,0.05028125
177304,0.05028125
120538,0.05028125
36506,0.05028125
91549,0.05028125
116201,0.05028125
135423,0.05028125
2363,0.05028125
127857,0.05028125
161367,0.05028125
13298,0.05028125
60696,0.05028125
157254,0.05028125
139413,0.05028125
19076,0.05028125
97065,0.05028125
171989,0.05028125
50005,0.05028125
154592,0.05028125
44479,0.05028125
153533,0.05028125
199183,0.05028125
81303,0.05028125
61009,0.05028125
194071,0.05028125
114700,0.05028125
104355,0.05028125
47173,0.05028125
34752,0.05028125
14424,0.05028125
134315,0.05028125
144649,0.05028125
83900,0.05028125
147730,0.05028125
162204,0.05028125
182636,0.05028125
87492,0.05028125
75993,0.05028125
127739,0.05028125
1768,0.05028125
123440,0.05028125
115841,0.05028125
18664,0.05028125
79410,0.05028125
178931,0.05028125
192536,0.05028125
165575,0.05028125
10870,0.05028125
46078,0.05028125
124077,0.05028125
135481,0.05028125
21325,0.05028125
38446,0.05028125
170078,0.05028125
7313,0.05028125
71152,0.05028125
24661,0.05028125
157104,0.05028125
1993,0.05028125
177551,0.05028125
182746,0.05028125
161671,0.05028125
177263,0.05028125
116191,0.05028125
86639,0.05028125
160321,0.05028125
34654,0.05028125
58082,0.05028125
192787,0.05028125
196913,0.05028125
125413,0.05028125
89613,0.05028125
4723,0.05028125
109706,0.05028125
80737,0.05028125
145538,0.05028125
184971,0.05028125
149116,0.05028125
138687,0.05028125
79162,0.05028125
48866,0.05028125
179690,0.05028125
45901,0.05028125
61245,0.05028125
100302,0.05028125
65971,0.05028125
114351,0.05028125
110374,0.05028125
6134,0.05028125
47575,0.05028125
152749,0.05028125
41706,0.05028125
27108,0.05028125
192148,0.05028125
158459,0.05028125
107206,0.05028125
665,0.05028125
8469,0.05028125
169193,0.05028125
138424,0.05028125
9897,0.05028125
198907,0.05028125
31646,0.05028125
198979,0.05028125
127118,0.05028125
34998,0.05028125
122762,0.05028125
14699,0.05028125
31713,0.05028125
159286,0.05028125
64703,0.05028125
24555,0.05028125
15306,0.05028125
37368,0.05028125
47892,0.05028125
93983,0.05028125
46581,0.05028125
127842,0.05028125
174296,0.05028125
18619,0.05028125
125668,0.05028125
189505,0.05028125
173307,0.05028125
127323,0.05028125
34837,0.05028125
192008,0.05028125
103412,0.05028125
4506,0.05028125
68852,0.05028125
10396,0.05028125
184395,0.05028125
55092,0.05028125
99801,0.05028125
58708,0.05028125
9994,0.05028125
133634,0.05028125
131716,0.05028125
168424,0.05028125
165570,0.05028125
84742,0.05028125
102627,0.05028125
71465,0.05028125
59268,0.05028125
136178,0.05028125
168582,0.05028125
194960,0.05028125
127000,0.05028125
120882,0.05028125
148016,0.05028125
65025,0.05028125
153223,0.05028125
24090,0.05028125
5,0.05028125
64473,0.05028125
91095,0.05028125
193591,0.05028125
57846,0.05028125
168185,0.05028125
128062,0.05028125
162281,0.05028125
17132,0.05028125
45542,0.05028125
22968,0.05028125
135256,0.05028125
20686,0.05028125
32748,0.05028125
52606,0.05028125
99095,0.05028125
61974,0.05028125
195668,0.05028125
87578,0.05028125
141411,0.05028125
72560,0.05028125
151258,0.05028125
115791,0.05028125
6248,0.05028125
123410,0.05028125
99574,0.05028125
34596,0.05028125
36539,0.05028125
28475,0.05028125
163469,0.05028125
35610,0.05028125
97937,0.05028125
127314,0.05028125
189988,0.05028125
46536,0.05028125
193337,0.05028125
148125,0.05028125
94421,0.05028125
29136,0.05028125
136392,0.05028125
139208,0.05028125
164191,0.05028125
17575,0.05028125
87222,0.05028125
103207,0.05028125
73655,0.05028125
128525,0.05028125
140957,0.05028125
13144,0.05028125
114081,0.05028125
50098,0.05028125
55047,0.05028125
98647,0.05028125
84878,0.05028125
99672,0.05028125
90400,0.05028125
72010,0.05028125
134604,0.05028125
121250,0.05028125
94124,0.05028125
8370,0.05028125
42546,0.05028125
31720,0.05028125
108764,0.05028125
89854,0.05028125
159950,0.05028125
21285,0.05028125
140243,0.05028125
155092,0.05028125
167697,0.05028125
13572,0.05028125
107167,0.05028125
111993,0.05028125
2475,0.05028125
64042,0.05028125
94706,0.05028125
57475,0.05028125
70395,0.05028125
123999,0.05028125
138808,0.05028125
105225,0.05028125
163204,0.05028125
1661,0.05028125
93950,0.05028125
188786,0.05028125
198219,0.05028125
45027,0.05028125
120745,0.05028125
79526,0.05028125
36799,0.05028125
29171,0.05028125
35060,0.05028125
160097,0.05028125
184496,0.05028125
188974,0.05028125
105275,0.05028125
37383,0.05028125
54294,0.05028125
90915,0.05028125
52282,0.05028125
47934,0.05028125
11914,0.05028125
120673,0.05028125
55327,0.05028125
26134,0.05028125
98076,0.05028125
136333,0.05028125
121228,0.05028125
197929,0.05028125
116290,0.05028125
36148,0.05028125
131377,0.05028125
44804,0.05028125
67751,0.05028125
41590,0.05028125
139025,0.05028125
124207,0.05028125
143629,0.05028125
38669,0.05028125
116317,0.05028125
187065,0.05028125
30167,0.05028125
75229,0.05028125
114424,0.05028125
156073,0.05028125
192277,0.05028125
52641,0.05028125
144190,0.05028125
63032,0.05028125
119328,0.05028125
138887,0.05028125
89219,0.05028125
187219,0.05028125
166103,0.05028125
64324,0.05028125
73925,0.05028125
145889,0.05028125
199467,0.05028125
8888,0.05028125
162753,0.05028125
105306,0.05028125
22160,0.05028125
73785,0.05028125
113863,0.05028125
143203,0.05028125
114738,0.05028125
65506,0.05028125
73469,0.05028125
118930,0.05028125
172584,0.05028125
76133,0.05028125
158763,0.05028125
147600,0.05028125
142926,0.05028125
114661,0.05028125
120949,0.05028125
30851,0.05028125
175681,0.05028125
30789,0.05028125
8517,0.05028125
182241,0.05028125
111014,0.05028125
95877,0.05028125
190084,0.05028125
115217,0.05028125
89733,0.05028125
45778,0.05028125
194965,0.05028125
72945,0.05028125
32342,0.05028125
22000,0.05028125
114504,0.05028125
9399,0.05028125
196049,0.05028125
123565,0.05028125
33977,0.05028125
28120,0.05028125
189930,0.05028125
27213,0.05028125
98398,0.05028125
59844,0.05028125
181114,0.05028125
160548,0.05028125
39375,0.05028125
120188,0.05028125
154374,0.05028125
199404,0.05028125
9733,0.05028125
51459,0.05028125
184711,0.05028125
39093,0.05028125
35192,0.05028125
64674,0.05028125
139975,0.05028125
26391,0.05028125
182859,0.05028125
3219,0.05028125
195063,0.05028125
36809,0.05028125
165314,0.05028125
11416,0.05028125
38229,0.05028125
175552,0.05028125
71783,0.05028125
153067,0.05028125
5545,0.05028125
158645,0.05028125
134395,0.05028125
59115,0.05028125
140827,0.05028125
138101,0.05028125
199801,0.05028125
104055,0.05028125
148030,0.05028125
132768,0.05028125
21945,0.05028125
59231,0.05028125
65315,0.05028125
156430,0.05028125
139333,0.05028125
150001,0.05028125
126851,0.05028125
52266,0.05028125
68931,0.05028125
152488,0.05028125
20478,0.05028125
59757,0.05028125
27971,0.05028125
161281,0.05028125
158589,0.05028125
199381,0.05028125
161748,0.05028125
14697,0.05028125
187221,0.05028125
54582,0.05028125
48562,0.05028125
143845,0.05028125
45304,0.05028125
166293,0.05028125
29169,0.05028125
177024,0.05028125
144755,0.05028125
101766,0.05028125
2496,0.05028125
117877,0.05028125
25036,0.05028125
44228,0.05028125
132493,0.05028125
191720,0.05028125
108347,0.05028125
104110,0.05028125
29021,0.05028125
44840,0.05028125
141786,0.05028125
1856,0.05028125
19204,0.05028125
69316,0.05028125
172929,0.05028125
113774,0.05028125
134147,0.05028125
98731,0.05028125
186967,0.05028125
170023,0.05028125
108147,0.05028125
57620,0.05028125
41163,0.05028125
130375,0.05028125
28633,0.05028125
19801,0.05028125
168995,0.05028125
127296,0.05028125
16369,0.05028125
176722,0.05028125
136632,0.05028125
145359,0.05028125
149910,0.05028125
35262,0.05028125
42549,0.05028125
135883,0.05028125
183351,0.05028125
148958,0.05028125
120832,0.05028125
2526,0.05028125
147995,0.05028125
39538,0.05028125
163432,0.05028125
128220,0.05028125
27238,0.05028125
46650,0.05028125
17867,0.05028125
137808,0.05028125
149586,0.05028125
189352,0.05028125
178447,0.05028125
55627,0.05028125
157020,0.05028125
111035,0.05028125
66433,0.05028125
168213,0.05028125
48175,0.05028125
93032,0.05028125
124487,0.05028125
115728,0.05028125
70006,0.05028125
118938,0.05028125
61470,0.05028125
122497,0.05028125
70598,0.05028125
37405,0.05028125
136187,0.05028125
21989,0.05028125
103541,0.05028125
185501,0.05028125
126734,0.05028125
155830,0.05028125
136943,0.05028125
177899,0.05028125
17783,0.05028125
71461,0.05028125
132022,0.05028125
25435,0.05028125
73801,0.05028125
76305,0.05028125
157673,0.05028125
148149,0.05028125
96683,0.05028125
1653,0.05028125
82263,0.05028125
54738,0.05028125
26952,0.05028125
191224,0.05028125
181257,0.05028125
178389,0.05028125
43524,0.05028125
186061,0.05028125
50203,0.05028125
44157,0.05028125
177942,0.05028125
154180,0.05028125
134518,0.05028125
111675,0.05028125
33498,0.05028125
28972,0.05028125
163845,0.05028125
96097,0.05028125
62108,0.05028125
5923,0.05028125
118759,0.05028125
195211,0.05028125
38347,0.05028125
134486,0.05028125
170344,0.05028125
10615,0.05028125
15256,0.05028125
113321,0.05028125
177837,0.05028125
65,0.05028125
44177,0.05028125
66149,0.05028125
173892,0.05028125
47787,0.05028125
115045,0.05028125
149391,0.05028125
112692,0.05028125
178480,0.05028125
103185,0.05028125
39075,0.05028125
11881,0.05028125
21013,0.05028125
76385,0.05028125
148731,0.05028125
169904,0.05028125
140538,0.05028125
48173,0.05028125
66951,0.05028125
169555,0.05028125
45811,0.05028125
109627,0.05028125
155471,0.05028125
110850,0.05028125
121369,0.05028125
50175,0.05028125
33702,0.05028125
187759,0.05028125
87098,0.05028125
15260,0.05028125
50996,0.05028125
91821,0.05028125
187471,0.05028125
150034,0.05028125
162804,0.05028125
188406,0.05028125
162919,0.05028125
33626,0.05028125
99984,0.05028125
173106,0.05028125
63788,0.05028125
34689,0.05028125
147141,0.05028125
168806,0.05028125
137902,0.05028125
121871,0.05028125
18141,0.05028125
83450,0.05028125
50949,0.05028125
41686,0.05028125
57532,0.05028125
123586,0.05028125
60935,0.05028125
101779,0.05028125
105160,0.05028125
137228,0.05028125
20726,0.05028125
46075,0.05028125
145197,0.05028125
102583,0.05028125
71238,0.05028125
10543,0.05028125
177187,0.05028125
154943,0.05028125
150431,0.05028125
99869,0.05028125
184196,0.05028125
149976,0.05028125
50864,0.05028125
140772,0.05028125
94276,0.05028125
161050,0.05028125
131904,0.05028125
7704,0.05028125
2566,0.05028125
28587,0.05028125
118088,0.05028125
2341,0.05028125
91684,0.05028125
170046,0.05028125
100234,0.05028125
44032,0.05028125
146324,0.05028125
106201,0.05028125
60,0.05028125
75781,0.05028125
53209,0.05028125
80701,0.05028125
160656,0.05028125
113208,0.05028125
158460,0.05028125
103382,0.05028125
198320,0.05028125
71976,0.05028125
57687,0.05028125
35461,0.05028125
183200,0.05028125
98565,0.05028125
48828,0.05028125
51960,0.05028125
54668,0.05028125
98678,0.05028125
26146,0.05028125
81647,0.05028125
49444,0.05028125
173851,0.05028125
76120,0.05028125
25101,0.05028125
143380,0.05028125
17666,0.05028125
35849,0.05028125
189651,0.05028125
122896,0.05028125
52784,0.05028125
39825,0.05028125
175066,0.05028125
153397,0.05028125
58526,0.05028125
106833,0.05028125
126408,0.05028125
26575,0.05028125
196439,0.05028125
146520,0.05028125
99380,0.05028125
37172,0.05028125
150111,0.05028125
165597,0.05028125
198961,0.05028125
137267,0.05028125
196924,0.05028125
95874,0.05028125
127833,0.05028125
157701,0.05028125
67858,0.05028125
122034,0.05028125
132097,0.05028125
177096,0.05028125
162503,0.05028125
27206,0.05028125
156545,0.05028125
102346,0.05028125
137518,0.05028125
182874,0.05028125
101005,0.05028125
134985,0.05028125
30929,0.05028125
84095,0.05028125
40022,0.05028125
115989,0.05028125
144145,0.05028125
51234,0.05028125
164606,0.05028125
83910,0.05028125
78496,0.05028125
128409,0.05028125
31432,0.05028125
92794,0.05028125
9222,0.05028125
6099,0.05028125
143943,0.05028125
84707,0.05028125
142093,0.05028125
120866,0.05028125
45162,0.05028125
42231,0.05028125
23196,0.05028125
12283,0.05028125
168684,0.05028125
18860,0.05028125
85538,0.05028125
162539,0.05028125
167673,0.05028125
165588,0.05028125
100703,0.05028125
194966,0.05028125
107741,0.05028125
36009,0.05028125
113645,0.05028125
49114,0.05028125
186118,0.05028125
127005,0.05028125
16351,0.05028125
78507,0.05028125
176848,0.05028125
197984,0.05028125
42733,0.05028125
22766,0.05028125
119270,0.05028125
191903,0.05028125
31310,0.05028125
35720,0.05028125
136797,0.05028125
100924,0.05028125
82162,0.05028125
146539,0.05028125
154207,0.05028125
93296,0.05028125
113552,0.05028125
16457,0.05028125
17610,0.05028125
35678,0.05028125
116393,0.05028125
155159,0.05028125
57221,0.05028125
72434,0.05028125
194249,0.05028125
41783,0.05028125
151631,0.05028125
74907,0.05028125
157035,0.05028125
154324,0.05028125
124368,0.05028125
137895,0.05028125
21837,0.05028125
37005,0.05028125
177200,0.05028125
87371,0.05028125
81994,0.05028125
191749,0.05028125
132080,0.05028125
91323,0.05028125
55416,0.05028125
158888,0.05028125
2500,0.05028125
164167,0.05028125
59865,0.05028125
78448,0.05028125
90011,0.05028125
19953,0.05028125
132674,0.05028125
14801,0.05028125
134222,0.05028125
191667,0.05028125
84504,0.05028125
104137,0.05028125
177363,0.05028125
105098,0.05028125
178788,0.05028125
151996,0.05028125
15628,0.05028125
128087,0.05028125
161981,0.05028125
62463,0.05028125
101424,0.05028125
37839,0.05028125
71806,0.05028125
118164,0.05028125
941,0.05028125
29441,0.05028125
88024,0.05028125
136580,0.05028125
117701,0.05028125
6986,0.05028125
78043,0.05028125
112215,0.05028125
174000,0.05028125
26644,0.05028125
85692,0.05028125
39806,0.05028125
74260,0.05028125
119801,0.05028125
104282,0.05028125
72819,0.05028125
38488,0.05028125
134226,0.05028125
28264,0.05028125
111194,0.05028125
177277,0.05028125
48479,0.05028125
119593,0.05028125
61145,0.05028125
121724,0.05028125
184429,0.05028125
117305,0.05028125
136704,0.05028125
11697,0.05028125
176302,0.05028125
175121,0.05028125
189210,0.05028125
26917,0.05028125
69094,0.05028125
140451,0.05028125
127594,0.05028125
40280,0.05028125
147517,0.05028125
190473,0.05028125
64441,0.05028125
35869,0.05028125
14431,0.05028125
125033,0.05028125
176826,0.05028125
56077,0.05028125
147016,0.05028125
16601,0.05028125
136682,0.05028125
190534,0.05028125
63732,0.05028125
56418,0.05028125
127901,0.05028125
50131,0.05028125
90125,0.05028125
126162,0.05028125
47698,0.05028125
188152,0.05028125
82799,0.05028125
38267,0.05028125
127438,0.05028125
179203,0.05028125
139453,0.05028125
3779,0.05028125
47501,0.05028125
148745,0.05028125
7425,0.05028125
121225,0.05028125
64302,0.05028125
123662,0.05028125
12038,0.05028125
120704,0.05028125
64071,0.05028125
131106,0.05028125
37808,0.05028125
20986,0.05028125
27702,0.05028125
126973,0.05028125
61914,0.05028125
75283,0.05028125
27928,0.05028125
44532,0.05028125
191042,0.05028125
32039,0.05028125
11131,0.05028125
53582,0.05028125
13355,0.05028125
188651,0.05028125
108263,0.05028125
128327,0.05028125
110744,0.05028125
155469,0.05028125
175423,0.05028125
80275,0.05028125
120055,0.05028125
93328,0.05028125
47916,0.05028125
65310,0.05028125
85056,0.05028125
54285,0.05028125
24649,0.05028125
161243,0.05028125
46567,0.05028125
79957,0.05028125
146623,0.05028125
60353,0.05028125
116577,0.05028125
184812,0.05028125
173264,0.05028125
174414,0.05028125
149599,0.05028125
120338,0.05028125
116874,0.05028125
86663,0.05028125
171573,0.05028125
71181,0.05028125
192130,0.05028125
29421,0.05028125
128411,0.05028125
86766,0.05028125
119229,0.05028125
58416,0.05028125
186422,0.05028125
126221,0.05028125
102015,0.05028125
83551,0.05028125
73676,0.05028125
37698,0.05028125
145162,0.05028125
44915,0.05028125
1979,0.05028125
155241,0.05028125
55278,0.05028125
178321,0.05028125
32409,0.05028125
143961,0.05028125
68073,0.05028125
33760,0.05028125
80032,0.05028125
123136,0.05028125
73856,0.05028125
170313,0.05028125
132609,0.05028125
142008,0.05028125
196857,0.05028125
64012,0.05028125
180824,0.05028125
62488,0.05028125
158234,0.05028125
137214,0.05028125
85572,0.05028125
10549,0.05028125
47116,0.05028125
40683,0.05028125
40106,0.05028125
173473,0.05028125
86774,0.05028125
88802,0.05028125
108463,0.05028125
98166,0.05028125
33539,0.05028125
28043,0.05028125
52366,0.05028125
106179,0.05028125
187954,0.05028125
25834,0.05028125
78565,0.05028125
64295,0.05028125
76670,0.05028125
116514,0.05028125
62819,0.05028125
16208,0.05028125
44105,0.05028125
125140,0.05028125
88190,0.05028125
120274,0.05028125
68488,0.05028125
193110,0.05028125
158784,0.05028125
41729,0.05028125
101446,0.05028125
119804,0.05028125
187439,0.05028125
7210,0.05028125
96020,0.05028125
143796,0.05028125
113695,0.05028125
26078,0.05028125
21544,0.05028125
104892,0.05028125
162896,0.05028125
66688,0.05028125
61436,0.05028125
102491,0.05028125
183738,0.05028125
149741,0.05028125
51507,0.05028125
185542,0.05028125
177726,0.05028125
94811,0.05028125
98038,0.05028125
105355,0.05028125
176488,0.05028125
81422,0.05028125
80249,0.05028125
6989,0.05028125
43143,0.05028125
116781,0.05028125
115193,0.05028125
75336,0.05028125
27399,0.05028125
142817,0.05028125
181917,0.05028125
57396,0.05028125
71362,0.05028125
59535,0.05028125
119664,0.05028125
70726,0.05028125
102719,0.05028125
187397,0.05028125
165615,0.05028125
71545,0.05028125
135226,0.05028125
149673,0.05028125
13332,0.05028125
176867,0.05028125
10570,0.05028125
195699,0.05028125
58912,0.05028125
81892,0.05028125
74135,0.05028125
78911,0.05028125
41115,0.05028125
116331,0.05028125
54333,0.05028125
173411,0.05028125
84868,0.05028125
112669,0.05028125
143752,0.05028125
16074,0.05028125
183040,0.05028125
100160,0.05028125
49102,0.05028125
65748,0.05028125
72616,0.05028125
35684,0.05028125
174280,0.05028125
94604,0.05028125
35327,0.05028125
26584,0.05028125
185111,0.05028125
67711,0.05028125
197767,0.05028125
33101,0.05028125
49726,0.05028125
182408,0.05028125
192857,0.05028125
194795,0.05028125
21973,0.05028125
184413,0.05028125
46762,0.05028125
140345,0.05028125
126083,0.05028125
87908,0.05028125
167294,0.05028125
89597,0.05028125
153622,0.05028125
100316,0.05028125
35405,0.05028125
118306,0.05028125
28677,0.05028125
99404,0.05028125
81288,0.05028125
72544,0.05028125
177508,0.05028125
101954,0.05028125
124671,0.05028125
64336,0.05028125
15506,0.05028125
85954,0.05028125
137018,0.05028125
184373,0.05028125
150106,0.05028125
185322,0.05028125
9647,0.05028125
75188,0.05028125
106840,0.05028125
77266,0.05028125
152810,0.05028125
138411,0.05028125
128719,0.05028125
7453,0.05028125
170425,0.05028125
877,0.05028125
17947,0.05028125
3919,0.05028125
58969,0.05028125
98346,0.05028125
48130,0.05028125
199034,0.05028125
68020,0.05028125
167268,0.05028125
95678,0.05028125
173146,0.05028125
105965,0.05028125
125067,0.05028125
105438,0.05028125
186748,0.05028125
97063,0.05028125
198241,0.05028125
109395,0.05028125
175129,0.05028125
69460,0.05028125
51639,0.05028125
163848,0.05028125
114876,0.05028125
95721,0.05028125
18144,0.05028125
199316,0.05028125
165186,0.05028125
125679,0.05028125
45124,0.05028125
146034,0.05028125
63346,0.05028125
46195,0.05028125
198457,0.05028125
165678,0.05028125
187143,0.05028125
161315,0.05028125
172031,0.05028125
75632,0.05028125
119063,0.05028125
184300,0.05028125
150131,0.05028125
64337,0.05028125
91613,0.05028125
84403,0.05028125
49226,0.05028125
198135,0.05028125
7914,0.05028125
182078,0.05028125
163201,0.05028125
46860,0.05028125
166563,0.05028125
148909,0.05028125
184377,0.05028125
149296,0.05028125
66434,0.05028125
180740,0.05028125
97860,0.05028125
128019,0.05028125
76309,0.05028125
107051,0.05028125
51378,0.05028125
62138,0.05028125
151145,0.05028125
54882,0.05028125
103809,0.05028125
98369,0.05028125
23141,0.05028125
4414,0.05028125
174646,0.05028125
135692,0.05028125
87665,0.05028125
6995,0.05028125
177870,0.05028125
137446,0.05028125
128471,0.05028125
161258,0.05028125
159864,0.05028125
74961,0.05028125
17096,0.05028125
11941,0.05028125
149715,0.05028125
180533,0.05028125
78792,0.05028125
138269,0.05028125
153326,0.05028125
110540,0.05028125
83219,0.05028125
132053,0.05028125
189954,0.05028125
137904,0.05028125
42237,0.05028125
119716,0.05028125
76118,0.05028125
158544,0.05028125
198058,0.05028125
30382,0.05028125
134934,0.05028125
117657,0.05028125
123001,0.05028125
105968,0.05028125
171362,0.05028125
43054,0.05028125
69399,0.05028125
168077,0.05028125
21920,0.05028125
171499,0.05028125
183686,0.05028125
45255,0.05028125
145948,0.05028125
112476,0.05028125
89257,0.05028125
92654,0.05028125
66272,0.05028125
37590,0.05028125
165170,0.05028125
54581,0.05028125
34502,0.05028125
110279,0.05028125
107411,0.05028125
27436,0.05028125
85873,0.05028125
63981,0.05028125
69571,0.05028125
64891,0.05028125
85043,0.05028125
37123,0.05028125
13968,0.05028125
33011,0.05028125
129205,0.05028125
165683,0.05028125
196902,0.05028125
51239,0.05028125
198931,0.05028125
120528,0.05028125
148325,0.05028125
50896,0.05028125
174394,0.05028125
191500,0.05028125
74378,0.05028125
195889,0.05028125
6382,0.05028125
36379,0.05028125
18148,0.05028125
156758,0.05028125
178920,0.05028125
187572,0.05028125
197993,0.05028125
79630,0.05028125
64493,0.05028125
108628,0.05028125
46649,0.05028125
66351,0.05028125
99387,0.05028125
96684,0.05028125
65952,0.05028125
120776,0.05028125
123747,0.05028125
189606,0.05028125
8302,0.05028125
43281,0.05028125
7498,0.05028125
193894,0.05028125
175868,0.05028125
101601,0.05028125
98964,0.05028125
160794,0.05028125
143623,0.05028125
145205,0.05028125
49521,0.05028125
43353,0.05028125
23947,0.05028125
118982,0.05028125
36659,0.05028125
183331,0.05028125
105547,0.05028125
134340,0.05028125
111144,0.05028125
86287,0.05028125
125554,0.05028125
83755,0.05028125
115557,0.05028125
103994,0.05028125
141657,0.05028125
100785,0.05028125
62409,0.05028125
96861,0.05028125
77014,0.05028125
3142,0.05028125
112086,0.05028125
49758,0.05028125
54281,0.05028125
5987,0.05028125
168925,0.05028125
172150,0.05028125
33889,0.05028125
152854,0.05028125
43228,0.05028125
167094,0.05028125
98897,0.05028125
38086,0.05028125
17418,0.05028125
139344,0.05028125
72124,0.05028125
157688,0.05028125
114641,0.05028125
87432,0.05028125
89303,0.05028125
174610,0.05028125
126207,0.05028125
85635,0.05028125
19246,0.05028125
58074,0.05028125
114130,0.05028125
48208,0.05028125
149896,0.05028125
104887,0.05028125
70764,0.05028125
85852,0.05028125
107782,0.05028125
9963,0.05028125
188436,0.05028125
31441,0.05028125
60761,0.05028125
193270,0.05028125
77300,0.05028125
16753,0.05028125
8527,0.05028125
148773,0.05028125
29394,0.05028125
52994,0.05028125
127198,0.05028125
87130,0.05028125
91463,0.05028125
47356,0.05028125
59551,0.05028125
195166,0.05028125
178469,0.05028125
17597,0.05028125
39077,0.05028125
109961,0.05028125
152975,0.05028125
119638,0.05028125
2048,0.05028125
179640,0.05028125
1319,0.05028125
176497,0.05028125
166085,0.05028125
895,0.05028125
137501,0.05028125
165396,0.05028125
67160,0.05028125
94266,0.05028125
189332,0.05028125
86517,0.05028125
12946,0.05028125
71832,0.05028125
59003,0.05028125
133626,0.05028125
17695,0.05028125
102999,0.05028125
141401,0.05028125
169492,0.05028125
24706,0.05028125
170916,0.05028125
128640,0.05028125
6963,0.05028125
22646,0.05028125
170220,0.05028125
89907,0.05028125
194382,0.05028125
68008,0.05028125
155350,0.05028125
10896,0.05028125
87122,0.05028125
6822,0.05028125
122064,0.05028125
136560,0.05028125
43211,0.05028125
4720,0.05028125
163385,0.05028125
133539,0.05028125
12491,0.05028125
13062,0.05028125
74579,0.05028125
28444,0.05028125
96007,0.05028125
136870,0.05028125
84859,0.05028125
55479,0.05028125
170118,0.05028125
196074,0.05028125
66173,0.05028125
184866,0.05028125
129415,0.05028125
29592,0.05028125
95352,0.05028125
915,0.05028125
93339,0.05028125
169406,0.05028125
15605,0.05028125
178900,0.05028125
194643,0.05028125
58505,0.05028125
189878,0.05028125
143010,0.05028125
105483,0.05028125
68555,0.05028125
32465,0.05028125
2772,0.05028125
93652,0.05028125
111476,0.05028125
44455,0.05028125
76669,0.05028125
94765,0.05028125
69271,0.05028125
6241,0.05028125
176520,0.05028125
146460,0.05028125
192750,0.05028125
52105,0.05028125
5166,0.05028125
16944,0.05028125
131216,0.05028125
64737,0.05028125
38626,0.05028125
33770,0.05028125
141820,0.05028125
106441,0.05028125
52851,0.05028125
54452,0.05028125
133030,0.05028125
72734,0.05028125
113391,0.05028125
170650,0.05028125
185575,0.05028125
73336,0.05028125
154325,0.05028125
110506,0.05028125
9951,0.05028125
144072,0.05028125
8771,0.05028125
185557,0.05028125
50537,0.05028125
182281,0.05028125
147372,0.05028125
79163,0.05028125
130515,0.05028125
161357,0.05028125
45895,0.05028125
77224,0.05028125
148902,0.05028125
60205,0.05028125
39592,0.05028125
57194,0.05028125
107451,0.05028125
34445,0.05028125
72108,0.05028125
120751,0.05028125
51320,0.05028125
49265,0.05028125
111907,0.05028125
3947,0.05028125
159893,0.05028125
107788,0.05028125
97689,0.05028125
145337,0.05028125
99912,0.05028125
147857,0.05028125
16220,0.05028125
117238,0.05028125
165738,0.05028125
84789,0.05028125
34019,0.05028125
87167,0.05028125
135543,0.05028125
25551,0.05028125
76389,0.05028125
105685,0.05028125
73588,0.05028125
105093,0.05028125
46470,0.05028125
23480,0.05028125
106926,0.05028125
179957,0.05028125
87160,0.05028125
83435,0.05028125
6590,0.05028125
167651,0.05028125
114371,0.05028125
63554,0.05028125
198732,0.05028125
87489,0.05028125
23043,0.05028125
39578,0.05028125
189492,0.05028125
111638,0.05028125
113654,0.05028125
165196,0.05028125
188807,0.05028125
85679,0.05028125
20224,0.05028125
119059,0.05028125
48377,0.05028125
21155,0.05028125
134254,0.05028125
17760,0.05028125
179876,0.05028125
168289,0.05028125
128996,0.05028125
129226,0.05028125
83798,0.05028125
135909,0.05028125
161012,0.05028125
96764,0.05028125
71398,0.05028125
61627,0.05028125
47870,0.05028125
147156,0.05028125
181766,0.05028125
169048,0.05028125
186297,0.05028125
104554,0.05028125
63003,0.05028125
68363,0.05028125
83580,0.05028125
68878,0.05028125
170044,0.05028125
91894,0.05028125
983,0.05028125
632,0.05028125
177891,0.05028125
107300,0.05028125
3068,0.05028125
82533,0.05028125
79117,0.05028125
85729,0.05028125
57255,0.05028125
23139,0.05028125
80929,0.05028125
177550,0.05028125
31163,0.05028125
77839,0.05028125
68770,0.05028125
187324,0.05028125
29874,0.05028125
120000,0.05028125
79229,0.05028125
66438,0.05028125
35646,0.05028125
173542,0.05028125
80146,0.05028125
67199,0.05028125
9900,0.05028125
50672,0.05028125
4037,0.05028125
138468,0.05028125
131973,0.05028125
115053,0.05028125
107025,0.05028125
59185,0.05028125
65789,0.05028125
115320,0.05028125
191750,0.05028125
9855,0.05028125
160200,0.05028125
194539,0.05028125
6654,0.05028125
27305,0.05028125
7929,0.05028125
158366,0.05028125
127397,0.05028125
157653,0.05028125
47901,0.05028125
91435,0.05028125
147452,0.05028125
137845,0.05028125
117694,0.05028125
63313,0.05028125
170121,0.05028125
12819,0.05028125
36757,0.05028125
60625,0.05028125
159154,0.05028125
161880,0.05028125
70436,0.05028125
12429,0.05028125
157765,0.05028125
103689,0.05028125
135934,0.05028125
164044,0.05028125
163650,0.05028125
69901,0.05028125
67982,0.05028125
113437,0.05028125
179518,0.05028125
153806,0.05028125
39433,0.05028125
36298,0.05028125
112741,0.05028125
117030,0.05028125
136850,0.05028125
126061,0.05028125
170343,0.05028125
98129,0.05028125
78050,0.05028125
91545,0.05028125
22526,0.05028125
139664,0.05028125
16360,0.05028125
129024,0.05028125
109200,0.05028125
178729,0.05028125
22549,0.05028125
9445,0.05028125
197207,0.05028125
152475,0.05028125
39917,0.05028125
88807,0.05028125
168803,0.05028125
131881,0.05028125
70153,0.05028125
61745,0.05028125
48419,0.05028125
173209,0.05028125
117311,0.05028125
15679,0.05028125
162037,0.05028125
26341,0.05028125
82208,0.05028125
6246,0.05028125
55225,0.05028125
108497,0.05028125
93183,0.05028125
36845,0.05028125
145110,0.05028125
30450,0.05028125
55498,0.05028125
171395,0.05028125
128096,0.05028125
104136,0.05028125
116594,0.05028125
192289,0.05028125
59330,0.05028125
99474,0.05028125
10166,0.05028125
6110,0.05028125
10547,0.05028125
135960,0.05028125
54707,0.05028125
184979,0.05028125
124813,0.05028125
96134,0.05028125
110594,0.05028125
69397,0.05028125
173310,0.05028125
16814,0.05028125
16847,0.05028125
42962,0.05028125
129850,0.05028125
28774,0.05028125
159159,0.05028125
19763,0.05028125
39328,0.05028125
57672,0.05028125
118967,0.05028125
60103,0.05028125
57093,0.05028125
156061,0.05028125
118359,0.05028125
122875,0.05028125
14109,0.05028125
92592,0.05028125
78131,0.05028125
44428,0.05028125
68684,0.05028125
156864,0.05028125
180860,0.05028125
85136,0.05028125
48545,0.05028125
41000,0.05028125
118595,0.05028125
28240,0.05028125
157785,0.05028125
23320,0.05028125
37398,0.05028125
192690,0.05028125
40518,0.05028125
105109,0.05028125
69797,0.05028125
25324,0.05028125
100067,0.05028125
29059,0.05028125
199202,0.05028125
144619,0.05028125
104429,0.05028125
92445,0.05028125
140010,0.05028125
172166,0.05028125
79616,0.05028125
85408,0.05028125
53000,0.05028125
36282,0.05028125
154822,0.05028125
57735,0.05028125
57727,0.05028125
65646,0.05028125
36265,0.05028125
85959,0.05028125
120013,0.05028125
34614,0.05028125
4066,0.05028125
102665,0.05028125
184248,0.05028125
193517,0.05028125
145,0.05028125
144761,0.05028125
49563,0.05028125
159483,0.05028125
129653,0.05028125
48870,0.05028125
154500,0.05028125
30687,0.05028125
25264,0.05028125
13400,0.05028125
196795,0.05028125
127921,0.05028125
96524,0.05028125
143896,0.05028125
23409,0.05028125
68773,0.05028125
129648,0.05028125
139416,0.05028125
31759,0.05028125
40129,0.05028125
122060,0.05028125
89956,0.05028125
105448,0.05028125
121679,0.05028125
113976,0.05028125
120858,0.05028125
160080,0.05028125
11706,0.05028125
9295,0.05028125
106532,0.05028125
73177,0.05028125
108671,0.05028125
183375,0.05028125
107163,0.05028125
197382,0.05028125
91276,0.05028125
184658,0.05028125
115604,0.05028125
110018,0.05028125
138751,0.05028125
52297,0.05028125
113013,0.05028125
57253,0.05028125
166197,0.05028125
15727,0.05028125
125359,0.05028125
181881,0.05028125
149696,0.05028125
152387,0.05028125
11062,0.05028125
166056,0.05028125
188280,0.05028125
147822,0.05028125
190969,0.05028125
149549,0.05028125
52187,0.05028125
164024,0.05028125
179308,0.05028125
108669,0.05028125
194548,0.05028125
47468,0.05028125
150859,0.05028125
96537,0.05028125
13933,0.05028125
53427,0.05028125
27669,0.05028125
4923,0.05028125
67045,0.05028125
147867,0.05028125
11645,0.05028125
35724,0.05028125
46480,0.05028125
96888,0.05028125
148216,0.05028125
110354,0.05028125
80349,0.05028125
108031,0.05028125
30517,0.05028125
22429,0.05028125
140676,0.05028125
40253,0.05028125
181782,0.05028125
8985,0.05028125
108630,0.05028125
63330,0.05028125
160570,0.05028125
173199,0.05028125
64270,0.05028125
102094,0.05028125
173850,0.05028125
179977,0.05028125
123765,0.05028125
182491,0.05028125
162299,0.05028125
125403,0.05028125
77815,0.05028125
51108,0.05028125
9003,0.05028125
24663,0.05028125
194758,0.05028125
31477,0.05028125
108719,0.05028125
193836,0.05028125
32856,0.05028125
94678,0.05028125
138354,0.05028125
168537,0.05028125
23799,0.05028125
151746,0.05028125
136710,0.05028125
156521,0.05028125
112549,0.05028125
113155,0.05028125
82111,0.05028125
168934,0.05028125
124969,0.05028125
113392,0.05028125
15682,0.05028125
113117,0.05028125
165156,0.05028125
194704,0.05028125
142644,0.05028125
49643,0.05028125
99903,0.05028125
25537,0.05028125
61760,0.05028125
36275,0.05028125
154179,0.05028125
104353,0.05028125
33108,0.05028125
165425,0.05028125
4518,0.05028125
14078,0.05028125
46989,0.05028125
189190,0.05028125
153005,0.05028125
186176,0.05028125
136430,0.05028125
175885,0.05028125
110405,0.05028125
89778,0.05028125
77922,0.05028125
126940,0.05028125
127389,0.05028125
41487,0.05028125
148565,0.05028125
41904,0.05028125
28622,0.05028125
9658,0.05028125
111760,0.05028125
79531,0.05028125
74762,0.05028125
102591,0.05028125
24876,0.05028125
176629,0.05028125
192852,0.05028125
65800,0.05028125
28334,0.05028125
40310,0.05028125
93648,0.05028125
20175,0.05028125
87276,0.05028125
14924,0.05028125
108045,0.05028125
91268,0.05028125
102052,0.05028125
84169,0.05028125
179476,0.05028125
92942,0.05028125
195508,0.05028125
159579,0.05028125
182798,0.05028125
148657,0.05028125
77771,0.05028125
103579,0.05028125
106071,0.05028125
24426,0.05028125
190368,0.05028125
610,0.05028125
115743,0.05028125
22585,0.05028125
40638,0.05028125
19820,0.05028125
53368,0.05028125
141227,0.05028125
59947,0.05028125
28478,0.05028125
55252,0.05028125
57825,0.05028125
29778,0.05028125
196537,0.05028125
146570,0.05028125
11579,0.05028125
31269,0.05028125
154702,0.05028125
35310,0.05028125
37683,0.05028125
105712,0.05028125
182095,0.05028125
119651,0.05028125
161329,0.05028125
159727,0.05028125
57039,0.05028125
3014,0.05028125
119171,0.05028125
57822,0.05028125
124112,0.05028125
181096,0.05028125
39335,0.05028125
5102,0.05028125
98718,0.05028125
177776,0.05028125
76986,0.05028125
141772,0.05028125
81590,0.05028125
126277,0.05028125
190607,0.05028125
116934,0.05028125
19075,0.05028125
195903,0.05028125
102726,0.05028125
20058,0.05028125
53895,0.05028125
142105,0.05028125
199666,0.05028125
134078,0.05028125
27675,0.05028125
98051,0.05028125
25175,0.05028125
186265,0.05028125
12496,0.05028125
36229,0.05028125
141166,0.05028125
183392,0.05028125
30074,0.05028125
111321,0.05028125
61263,0.05028125
123817,0.05028125
96239,0.05028125
32945,0.05028125
47653,0.05028125
125706,0.05028125
28717,0.05028125
92190,0.05028125
117754,0.05028125
107318,0.05028125
11372,0.05028125
80304,0.05028125
132561,0.05028125
168908,0.05028125
131383,0.05028125
38061,0.05028125
92383,0.05028125
31317,0.05028125
14837,0.05028125
4546,0.05028125
98094,0.05028125
150408,0.05028125
114483,0.05028125
167222,0.05028125
12210,0.05028125
40380,0.05028125
32540,0.05028125
23181,0.05028125
55274,0.05028125
24144,0.05028125
77358,0.05028125
91071,0.05028125
103945,0.05028125
93518,0.05028125
85401,0.05028125
124464,0.05028125
165720,0.05028125
69982,0.05028125
21931,0.05028125
126718,0.05028125
15783,0.05028125
44251,0.05028125
102028,0.05028125
39792,0.05028125
90671,0.05028125
100136,0.05028125
146831,0.05028125
106489,0.05028125
122059,0.05028125
97516,0.05028125
188066,0.05028125
21005,0.05028125
147165,0.05028125
74970,0.05028125
58329,0.05028125
6978,0.05028125
137303,0.05028125
156804,0.05028125
26403,0.05028125
159760,0.05028125
57272,0.05028125
179545,0.05028125
91311,0.05028125
184087,0.05028125
102147,0.05028125
109542,0.05028125
162873,0.05028125
192867,0.05028125
47932,0.05028125
25855,0.05028125
70632,0.05028125
122283,0.05028125
146645,0.05028125
130683,0.05028125
198629,0.05028125
24596,0.05028125
135567,0.05028125
156248,0.05028125
16924,0.05028125
122336,0.05028125
161392,0.05028125
15780,0.05028125
177518,0.05028125
63659,0.05028125
115810,0.05028125
164898,0.05028125
107440,0.05028125
139816,0.05028125
182262,0.05028125
18713,0.05028125
123310,0.05028125
22890,0.05028125
154890,0.05028125
153801,0.05028125
21467,0.05028125
31944,0.05028125
78516,0.05028125
153402,0.05028125
90647,0.05028125
147899,0.05028125
187428,0.05028125
110294,0.05028125
80254,0.05028125
45523,0.05028125
85374,0.05028125
135280,0.05028125
163434,0.05028125
30509,0.05028125
69092,0.05028125
24512,0.05028125
102365,0.05028125
101501,0.05028125
197792,0.05028125
9792,0.05028125
25371,0.05028125
29073,0.05028125
144605,0.05028125
180428,0.05028125
31208,0.05028125
96479,0.05028125
123404,0.05028125
82634,0.05028125
77543,0.05028125
72583,0.05028125
75667,0.05028125
119845,0.05028125
196433,0.05028125
91995,0.05028125
148252,0.05028125
162941,0.05028125
99460,0.05028125
89101,0.05028125
60844,0.05028125
68315,0.05028125
21034,0.05028125
192665,0.05028125
47045,0.05028125
195865,0.05028125
160569,0.05028125
79373,0.05028125
39273,0.05028125
9161,0.05028125
155837,0.05028125
49381,0.05028125
107011,0.05028125
121438,0.05028125
89061,0.05028125
34021,0.05028125
37613,0.05028125
97367,0.05028125
173570,0.05028125
23681,0.05028125
128145,0.05028125
47918,0.05028125
45659,0.05028125
41550,0.05028125
80805,0.05028125
79811,0.05028125
36660,0.05028125
198509,0.05028125
92522,0.05028125
105276,0.05028125
55639,0.05028125
190690,0.05028125
21267,0.05028125
121275,0.05028125
139177,0.05028125
79099,0.05028125
181717,0.05028125
20556,0.05028125
79122,0.05028125
38069,0.05028125
137657,0.05028125
84945,0.05028125
95348,0.05028125
31822,0.05028125
176235,0.05028125
180550,0.05028125
28105,0.05028125
30299,0.05028125
99090,0.05028125
170026,0.05028125
31016,0.05028125
46063,0.05028125
21004,0.05028125
102828,0.05028125
12171,0.05028125
59284,0.05028125
24143,0.05028125
50532,0.05028125
7389,0.05028125
132817,0.05028125
21283,0.05028125
195960,0.05028125
42355,0.05028125
129884,0.05028125
35462,0.05028125
32385,0.05028125
128531,0.05028125
184690,0.05028125
27710,0.05028125
44887,0.05028125
149492,0.05028125
116517,0.05028125
118292,0.05028125
72069,0.05028125
135032,0.05028125
127394,0.05028125
135711,0.05028125
26580,0.05028125
105466,0.05028125
130952,0.05028125
2159,0.05028125
70821,0.05028125
149155,0.05028125
128907,0.05028125
110853,0.05028125
72056,0.05028125
91912,0.05028125
178239,0.05028125
123009,0.05028125
52725,0.05028125
78225,0.05028125
42500,0.05028125
28028,0.05028125
52504,0.05028125
154847,0.05028125
66563,0.05028125
18757,0.05028125
133437,0.05028125
113574,0.05028125
183120,0.05028125
144397,0.05028125
110640,0.05028125
131849,0.05028125
86661,0.05028125
120231,0.05028125
117475,0.05028125
135233,0.05028125
138441,0.05028125
32934,0.05028125
19470,0.05028125
16543,0.05028125
50075,0.05028125
175326,0.05028125
191400,0.05028125
94654,0.05028125
155549,0.05028125
49016,0.05028125
147549,0.05028125
54897,0.05028125
86988,0.05028125
110800,0.05028125
187503,0.05028125
153525,0.05028125
61912,0.05028125
155994,0.05028125
170378,0.05028125
157665,0.05028125
49001,0.05028125
140620,0.05028125
42698,0.05028125
163985,0.05028125
44642,0.05028125
130015,0.05028125
53852,0.05028125
13626,0.05028125
138938,0.05028125
60080,0.05028125
139786,0.05028125
108425,0.05028125
92705,0.05028125
42623,0.05028125
114386,0.05028125
59481,0.05028125
182883,0.05028125
152715,0.05028125
127099,0.05028125
22723,0.05028125
132672,0.05028125
76286,0.05028125
75227,0.05028125
100979,0.05028125
65959,0.05028125
193597,0.05028125
21035,0.05028125
181601,0.05028125
187904,0.05028125
127446,0.05028125
20052,0.05028125
193387,0.05028125
11964,0.05028125
60249,0.05028125
47506,0.05028125
81972,0.05028125
172296,0.05028125
103545,0.05028125
72870,0.05028125
171527,0.05028125
55342,0.05028125
45740,0.05028125
116970,0.05028125
126607,0.05028125
70637,0.05028125
175266,0.05028125
182034,0.05028125
94561,0.05028125
190780,0.05028125
13026,0.05028125
97601,0.05028125
34708,0.05028125
57357,0.05028125
76550,0.05028125
187824,0.05028125
147670,0.05028125
165002,0.05028125
73457,0.05028125
52244,0.05028125
124746,0.05028125
176510,0.05028125
177418,0.05028125
61108,0.05028125
161453,0.05028125
104034,0.05028125
151789,0.05028125
177557,0.05028125
108197,0.05028125
33796,0.05028125
159126,0.05028125
71255,0.05028125
1087,0.05028125
10492,0.05028125
133499,0.05028125
181127,0.05028125
160714,0.05028125
107567,0.05028125
162021,0.05028125
161684,0.05028125
11882,0.05028125
164212,0.05028125
33549,0.05028125
188025,0.05028125
90951,0.05028125
26950,0.05028125
57449,0.05028125
174555,0.05028125
85570,0.05028125
56980,0.05028125
53146,0.05028125
36642,0.05028125
160478,0.05028125
197912,0.05028125
34046,0.05028125
61266,0.05028125
140922,0.05028125
177805,0.05028125
101482,0.05028125
168677,0.05028125
180669,0.05028125
151922,0.05028125
65442,0.05028125
163721,0.05028125
144840,0.05028125
74280,0.05028125
71440,0.05028125
19532,0.05028125
49690,0.05028125
9863,0.05028125
190336,0.05028125
120462,0.05028125
3243,0.05028125
175637,0.05028125
198908,0.05028125
79644,0.05028125
117861,0.05028125
56035,0.05028125
154164,0.05028125
159419,0.05028125
84352,0.05028125
80707,0.05028125
161519,0.05028125
48197,0.05028125
78482,0.05028125
120639,0.05028125
59176,0.05028125
91202,0.05028125
43078,0.05028125
122975,0.05028125
135872,0.05028125
159247,0.05028125
98106,0.05028125
101610,0.05028125
182609,0.05028125
177513,0.05028125
25547,0.05028125
113620,0.05028125
125917,0.05028125
165853,0.05028125
62048,0.05028125
59254,0.05028125
19292,0.05028125
148483,0.05028125
195426,0.05028125
18689,0.05028125
61684,0.05028125
98503,0.05028125
60584,0.05028125
47853,0.05028125
70701,0.05028125
125844,0.05028125
112625,0.05028125
83042,0.05028125
184926,0.05028125
149024,0.05028125
105144,0.05028125
37024,0.05028125
187535,0.05028125
51971,0.05028125
194754,0.05028125
191327,0.05028125
188542,0.05028125
3258,0.05028125
167063,0.05028125
34282,0.05028125
143547,0.05028125
117176,0.05028125
143000,0.05028125
89060,0.05028125
114918,0.05028125
58913,0.05028125
103849,0.05028125
98982,0.05028125
11355,0.05028125
20294,0.05028125
51921,0.05028125
126697,0.05028125
122559,0.05028125
31002,0.05028125
27574,0.05028125
137,0.05028125
150333,0.05028125
91340,0.05028125
4172,0.05028125
152533,0.05028125
110428,0.05028125
194909,0.05028125
161925,0.05028125
159250,0.05028125
51957,0.05028125
58688,0.05028125
84858,0.05028125
142007,0.05028125
72605,0.05028125
134046,0.05028125
139,0.05028125
14781,0.05028125
175486,0.05028125
974,0.05028125
88318,0.05028125
186809,0.05028125
61838,0.05028125
62830,0.05028125
101870,0.05028125
49622,0.05028125
141778,0.05028125
57048,0.05028125
147634,0.05028125
52803,0.05028125
77985,0.05028125
66011,0.05028125
95448,0.05028125
119041,0.05028125
186100,0.05028125
115049,0.05028125
128623,0.05028125
8636,0.05028125
3559,0.05028125
151730,0.05028125
28496,0.05028125
132533,0.05028125
112587,0.05028125
31692,0.05028125
153321,0.05028125
87428,0.05028125
181764,0.05028125
188624,0.05028125
29237,0.05028125
101617,0.05028125
127136,0.05028125
104865,0.05028125
128446,0.05028125
116056,0.05028125
71341,0.05028125
102565,0.05028125
176321,0.05028125
127792,0.05028125
26893,0.05028125
101551,0.05028125
108421,0.05028125
28594,0.05028125
58041,0.05028125
172383,0.05028125
190051,0.05028125
127972,0.05028125
19259,0.05028125
8180,0.05028125
2158,0.05028125
34557,0.05028125
127631,0.05028125
137692,0.05028125
117897,0.05028125
1493,0.05028125
167001,0.05028125
15146,0.05028125
40636,0.05028125
130499,0.05028125
59500,0.05028125
151785,0.05028125
115005,0.05028125
114398,0.05028125
102454,0.05028125
106978,0.05028125
48969,0.05028125
189888,0.05028125
22898,0.05028125
12949,0.05028125
12849,0.05028125
158781,0.05028125
17406,0.05028125
190888,0.05028125
34771,0.05028125
1448,0.05028125
139008,0.05028125
136635,0.05028125
140693,0.05028125
189887,0.05028125
23154,0.05028125
128348,0.05028125
22211,0.05028125
183555,0.05028125
125362,0.05028125
67131,0.05028125
85219,0.05028125
199579,0.05028125
175234,0.05028125
187128,0.05028125
19013,0.05028125
28665,0.05028125
110524,0.05028125
103057,0.05028125
67583,0.05028125
28110,0.05028125
182041,0.05028125
9407,0.05028125
188664,0.05028125
116339,0.05028125
16572,0.05028125
177801,0.05028125
81781,0.05028125
188301,0.05028125
70962,0.05028125
64187,0.05028125
121847,0.05028125
66818,0.05028125
165841,0.05028125
169571,0.05028125
86091,0.05028125
118450,0.05028125
5266,0.05028125
125460,0.05028125
181491,0.05028125
22780,0.05028125
5626,0.05028125
153909,0.05028125
28085,0.05028125
186420,0.05028125
64177,0.05028125
77238,0.05028125
179882,0.05028125
82046,0.05028125
107721,0.05028125
15769,0.05028125
105882,0.05028125
154437,0.05028125
117520,0.05028125
13055,0.05028125
161914,0.05028125
103386,0.05028125
128028,0.05028125
101546,0.05028125
76343,0.05028125
64787,0.05028125
143199,0.05028125
156615,0.05028125
18875,0.05028125
171743,0.05028125
158918,0.05028125
154550,0.05028125
27568,0.05028125
53359,0.05028125
4490,0.05028125
189997,0.05028125
176928,0.05028125
128808,0.05028125
132991,0.05028125
18749,0.05028125
88341,0.05028125
19997,0.05028125
112794,0.05028125
194487,0.05028125
23451,0.05028125
119656,0.05028125
52433,0.05028125
188896,0.05028125
170876,0.05028125
97737,0.05028125
116255,0.05028125
153107,0.05028125
171712,0.05028125
63216,0.05028125
146067,0.05028125
197115,0.05028125
24164,0.05028125
25997,0.05028125
26022,0.05028125
48307,0.05028125
179671,0.05028125
129539,0.05028125
165975,0.05028125
99257,0.05028125
71241,0.05028125
5701,0.05028125
46047,0.05028125
162175,0.05028125
164676,0.05028125
43184,0.05028125
6817,0.05028125
193496,0.05028125
106078,0.05028125
190225,0.05028125
147419,0.05028125
142660,0.05028125
47020,0.05028125
100915,0.05028125
15533,0.05028125
57296,0.05028125
96865,0.05028125
190144,0.05028125
107677,0.05028125
136937,0.05028125
54987,0.05028125
132473,0.05028125
10805,0.05028125
137297,0.05028125
181992,0.05028125
34493,0.05028125
177857,0.05028125
155181,0.05028125
32271,0.05028125
117524,0.05028125
11248,0.05028125
139361,0.05028125
135678,0.05028125
47406,0.05028125
6414,0.05028125
106787,0.05028125
107019,0.05028125
60520,0.05028125
111024,0.05028125
80692,0.05028125
54060,0.05028125
134948,0.05028125
101238,0.05028125
133852,0.05028125
99299,0.05028125
195959,0.05028125
174174,0.05028125
168370,0.05028125
100627,0.05028125
54909,0.05028125
171315,0.05028125
67255,0.05028125
1343,0.05028125
114323,0.05028125
43651,0.05028125
144454,0.05028125
13888,0.05028125
48248,0.05028125
164999,0.05028125
106934,0.05028125
51037,0.05028125
189710,0.05028125
117020,0.05028125
60476,0.05028125
182804,0.05028125
196612,0.05028125
3093,0.05028125
181483,0.05028125
54829,0.05028125
86767,0.05028125
4534,0.05028125
148723,0.05028125
2751,0.05028125
188363,0.05028125
2015,0.05028125
94194,0.05028125
155018,0.05028125
19424,0.05028125
107522,0.05028125
156844,0.05028125
148112,0.05028125
138531,0.05028125
236,0.05028125
81504,0.05028125
3416,0.05028125
94581,0.05028125
39128,0.05028125
161158,0.05028125
188775,0.05028125
196344,0.05028125
19030,0.05028125
32922,0.05028125
187655,0.05028125
108884,0.05028125
6758,0.05028125
126437,0.05028125
115758,0.05028125
101895,0.05028125
186219,0.05028125
91974,0.05028125
179736,0.05028125
55873,0.05028125
98857,0.05028125
188009,0.05028125
121505,0.05028125
52558,0.05028125
145569,0.05028125
88366,0.05028125
167866,0.05028125
76445,0.05028125
48804,0.05028125
59467,0.05028125
134815,0.05028125
131682,0.05028125
43115,0.05028125
66293,0.05028125
125768,0.05028125
103090,0.05028125
4619,0.05028125
50566,0.05028125
168877,0.05028125
175216,0.05028125
84154,0.05028125
147166,0.05028125
17953,0.05028125
151394,0.05028125
31484,0.05028125
194046,0.05028125
144752,0.05028125
54503,0.05028125
27966,0.05028125
160988,0.05028125
171973,0.05028125
51195,0.05028125
44235,0.05028125
178779,0.05028125
135575,0.05028125
106087,0.05028125
35289,0.05028125
58610,0.05028125
173453,0.05028125
75266,0.05028125
4708,0.05028125
7678,0.05028125
170903,0.05028125
98152,0.05028125
168615,0.05028125
106671,0.05028125
163785,0.05028125
183201,0.05028125
175426,0.05028125
45346,0.05028125
125998,0.05028125
74725,0.05028125
167237,0.05028125
142140,0.05028125
140146,0.05028125
86858,0.05028125
83407,0.05028125
40840,0.05028125
53201,0.05028125
64708,0.05028125
188912,0.05028125
130095,0.05028125
90853,0.05028125
48262,0.05028125
49234,0.05028125
178336,0.05028125
60601,0.05028125
109771,0.05028125
33642,0.05028125
51227,0.05028125
195769,0.05028125
170557,0.05028125
18039,0.05028125
30959,0.05028125
40653,0.05028125
136701,0.05028125
194026,0.05028125
25293,0.05028125
166145,0.05028125
105845,0.05028125
35321,0.05028125
69319,0.05028125
32801,0.05028125
191492,0.05028125
44661,0.05028125
153187,0.05028125
113862,0.05028125
43330,0.05028125
184401,0.05028125
98033,0.05028125
11955,0.05028125
19968,0.05028125
188852,0.05028125
10770,0.05028125
175770,0.05028125
102037,0.05028125
124554,0.05028125
60565,0.05028125
118240,0.05028125
153195,0.05028125
135274,0.05028125
194118,0.05028125
159011,0.05028125
54309,0.05028125
74900,0.05028125
112727,0.05028125
60343,0.05028125
63220,0.05028125
59604,0.05028125
118815,0.05028125
189781,0.05028125
43,0.05028125
124413,0.05028125
130865,0.05028125
31975,0.05028125
115068,0.05028125
159775,0.05028125
169243,0.05028125
186812,0.05028125
175716,0.05028125
130199,0.05028125
175482,0.05028125
130222,0.05028125
80612,0.05028125
25305,0.05028125
194944,0.05028125
194662,0.05028125
42659,0.05028125
100952,0.05028125
175663,0.05028125
146877,0.05028125
166941,0.05028125
120762,0.05028125
144939,0.05028125
159947,0.05028125
67893,0.05028125
80002,0.05028125
127332,0.05028125
150255,0.05028125
108692,0.05028125
8798,0.05028125
109367,0.05028125
174203,0.05028125
144256,0.05028125
174795,0.05028125
162118,0.05028125
40554,0.05028125
189544,0.05028125
4468,0.05028125
152289,0.05028125
129331,0.05028125
194238,0.05028125
7903,0.05028125
96756,0.05028125
746,0.05028125
57730,0.05028125
79692,0.05028125
117042,0.05028125
37741,0.05028125
51925,0.05028125
130846,0.05028125
101015,0.05028125
192514,0.05028125
9108,0.05028125
61221,0.05028125
81890,0.05028125
199392,0.05028125
77611,0.05028125
76638,0.05028125
10316,0.05028125
129183,0.05028125
78292,0.05028125
62817,0.05028125
73291,0.05028125
92929,0.05028125
110821,0.05028125
73990,0.05028125
106927,0.05028125
35448,0.05028125
123305,0.05028125
199178,0.05028125
7578,0.05028125
61661,0.05028125
36617,0.05028125
126443,0.05028125
119007,0.05028125
68130,0.05028125
59748,0.05028125
175974,0.05028125
48593,0.05028125
139477,0.05028125
127415,0.05028125
82318,0.05028125
41627,0.05028125
646,0.05028125
199710,0.05028125
12316,0.05028125
171200,0.05028125
189815,0.05028125
42444,0.05028125
26244,0.05028125
41195,0.05028125
66040,0.05028125
73342,0.05028125
78641,0.05028125
128336,0.05028125
152845,0.05028125
22715,0.05028125
65924,0.05028125
22197,0.05028125
94478,0.05028125
90855,0.05028125
172961,0.05028125
168023,0.05028125
135444,0.05028125
102570,0.05028125
102581,0.05028125
127059,0.05028125
70417,0.05028125
38726,0.05028125
82422,0.05028125
56390,0.05028125
45514,0.05028125
81561,0.05028125
149883,0.05028125
164513,0.05028125
154376,0.05028125
3273,0.05028125
152782,0.05028125
104268,0.05028125
61613,0.05028125
103727,0.05028125
149345,0.05028125
152739,0.05028125
50707,0.05028125
122352,0.05028125
121058,0.05028125
17109,0.05028125
196249,0.05028125
184984,0.05028125
170844,0.05028125
194439,0.05028125
126149,0.05028125
169704,0.05028125
144449,0.05028125
181648,0.05028125
96470,0.05028125
145171,0.05028125
151793,0.05028125
64137,0.05028125
48495,0.05028125
181889,0.05028125
127232,0.05028125
184215,0.05028125
146505,0.05028125
68052,0.05028125
117537,0.05028125
130882,0.05028125
161643,0.05028125
182791,0.05028125
8655,0.05028125
17478,0.05028125
142179,0.05028125
105101,0.05028125
166766,0.05028125
150391,0.05028125
99051,0.05028125
103927,0.05028125
109401,0.05028125
90219,0.05028125
170629,0.05028125
151689,0.05028125
161782,0.05028125
194309,0.05028125
35727,0.05028125
68564,0.05028125
85330,0.05028125
153309,0.05028125
83393,0.05028125
78680,0.05028125
26443,0.05028125
54189,0.05028125
99107,0.05028125
84205,0.05028125
29045,0.05028125
151112,0.05028125
51188,0.05028125
82020,0.05028125
12326,0.05028125
17055,0.05028125
168280,0.05028125
21739,0.05028125
32580,0.05028125
117807,0.05028125
35944,0.05028125
99054,0.05028125
150830,0.05028125
135557,0.05028125
73375,0.05028125
33330,0.05028125
83245,0.05028125
45194,0.05028125
122621,0.05028125
5575,0.05028125
4157,0.05028125
115359,0.05028125
4854,0.05028125
69222,0.05028125
147795,0.05028125
43500,0.05028125
28708,0.05028125
142325,0.05028125
71474,0.05028125
165990,0.05028125
100683,0.05028125
2235,0.05028125
196709,0.05028125
75296,0.05028125
32041,0.05028125
65388,0.05028125
86928,0.05028125
144380,0.05028125
180825,0.05028125
162014,0.05028125
50433,0.05028125
190499,0.05028125
169658,0.05028125
48829,0.05028125
54918,0.05028125
173334,0.05028125
170853,0.05028125
145444,0.05028125
142526,0.05028125
15684,0.05028125
106327,0.05028125
43476,0.05028125
177444,0.05028125
30815,0.05028125
104787,0.05028125
132372,0.05028125
167226,0.05028125
67833,0.05028125
74432,0.05028125
4031,0.05028125
40581,0.05028125
133446,0.05028125
83309,0.05028125
136281,0.05028125
197986,0.05028125
157360,0.05028125
37396,0.05028125
121982,0.05028125
16295,0.05028125
150766,0.05028125
174524,0.05028125
1914,0.05028125
43510,0.05028125
85200,0.05028125
161792,0.05028125
4102,0.05028125
48420,0.05028125
84937,0.05028125
17303,0.05028125
160118,0.05028125
76470,0.05028125
75770,0.05028125
186815,0.05028125
102944,0.05028125
29497,0.05028125
180009,0.05028125
57159,0.05028125
191452,0.05028125
110150,0.05028125
179914,0.05028125
191148,0.05028125
41246,0.05028125
5841,0.05028125
47026,0.05028125
176234,0.05028125
106720,0.05028125
124896,0.05028125
135747,0.05028125
115651,0.05028125
187063,0.05028125
61892,0.05028125
83298,0.05028125
164487,0.05028125
167454,0.05028125
70577,0.05028125
186928,0.05028125
121975,0.05028125
133993,0.05028125
67920,0.05028125
131385,0.05028125
166653,0.05028125
5611,0.05028125
21719,0.05028125
86503,0.05028125
27948,0.05028125
168486,0.05028125
41459,0.05028125
139688,0.05028125
102080,0.05028125
165847,0.05028125
36401,0.05028125
192641,0.05028125
134873,0.05028125
128872,0.05028125
155144,0.05028125
36336,0.05028125
82008,0.05028125
14495,0.05028125
96200,0.05028125
188653,0.05028125
71364,0.05028125
130679,0.05028125
81200,0.05028125
124176,0.05028125
53383,0.05028125
1436,0.05028125
103963,0.05028125
51201,0.05028125
58535,0.05028125
197758,0.05028125
16742,0.05028125
87721,0.05028125
56268,0.05028125
178474,0.05028125
56351,0.05028125
90992,0.05028125
4480,0.05028125
133238,0.05028125
73703,0.05028125
66689,0.05028125
140364,0.05028125
44264,0.05028125
100169,0.05028125
12159,0.05028125
110851,0.05028125
121483,0.05028125
10467,0.05028125
72608,0.05028125
54117,0.05028125
194484,0.05028125
94185,0.05028125
139200,0.05028125
157772,0.05028125
108284,0.05028125
98940,0.05028125
175219,0.05028125
190053,0.05028125
77618,0.05028125
12399,0.05028125
182510,0.05028125
161869,0.05028125
186993,0.05028125
58586,0.05028125
162289,0.05028125
31828,0.05028125
178222,0.05028125
154232,0.05028125
9032,0.05028125
44232,0.05028125
170542,0.05028125
66692,0.05028125
192333,0.05028125
175281,0.05028125
174659,0.05028125
9081,0.05028125
198927,0.05028125
69100,0.05028125
130001,0.05028125
128673,0.05028125
159488,0.05028125
108534,0.05028125
6705,0.05028125
172473,0.05028125
173356,0.05028125
123914,0.05028125
57378,0.05028125
42104,0.05028125
52897,0.05028125
152843,0.05028125
129445,0.05028125
108563,0.05028125
79764,0.05028125
123522,0.05028125
104857,0.05028125
98713,0.05028125
118014,0.05028125
170209,0.05028125
63566,0.05028125
54566,0.05028125
179138,0.05028125
23234,0.05028125
166202,0.05028125
18966,0.05028125
108247,0.05028125
178514,0.05028125
56710,0.05028125
6038,0.05028125
5095,0.05028125
132628,0.05028125
138507,0.05028125
8105,0.05028125
157888,0.05028125
135731,0.05028125
117283,0.05028125
37156,0.05028125
187005,0.05028125
172924,0.05028125
119743,0.05028125
87937,0.05028125
197913,0.05028125
89457,0.05028125
116772,0.05028125
7960,0.05028125
109866,0.05028125
98725,0.05028125
169504,0.05028125
100318,0.05028125
43894,0.05028125
74362,0.05028125
162373,0.05028125
6484,0.05028125
114175,0.05028125
15969,0.05028125
51271,0.05028125
120415,0.05028125
44226,0.05028125
155727,0.05028125
186622,0.05028125
63156,0.05028125
57819,0.05028125
12318,0.05028125
112363,0.05028125
99548,0.05028125
106771,0.05028125
133134,0.05028125
190047,0.05028125
26883,0.05028125
42812,0.05028125
192719,0.05028125
99324,0.05028125
105647,0.05028125
154883,0.05028125
161934,0.05028125
53064,0.05028125
70562,0.05028125
188663,0.05028125
125252,0.05028125
20813,0.05028125
163926,0.05028125
174332,0.05028125
85648,0.05028125
39901,0.05028125
168409,0.05028125
159452,0.05028125
86380,0.05028125
7117,0.05028125
159350,0.05028125
93640,0.05028125
186404,0.05028125
44615,0.05028125
5483,0.05028125
156319,0.05028125
85535,0.05028125
43897,0.05028125
45721,0.05028125
69690,0.05028125
142456,0.05028125
54862,0.05028125
165969,0.05028125
93594,0.05028125
86070,0.05028125
71107,0.05028125
16521,0.05028125
154978,0.05028125
90290,0.05028125
102041,0.05028125
44413,0.05028125
93852,0.05028125
109568,0.05028125
108217,0.05028125
45090,0.05028125
37601,0.05028125
78927,0.05028125
14058,0.05028125
178298,0.05028125
111630,0.05028125
94196,0.05028125
194329,0.05028125
17587,0.05028125
169223,0.05028125
885,0.05028125
177757,0.05028125
57645,0.05028125
92829,0.05028125
43528,0.05028125
179205,0.05028125
91798,0.05028125
163296,0.05028125
68745,0.05028125
140809,0.05028125
7724,0.05028125
83049,0.05028125
149612,0.05028125
43328,0.05028125
84829,0.05028125
134325,0.05028125
124672,0.05028125
82692,0.05028125
27583,0.05028125
108182,0.05028125
124295,0.05028125
7795,0.05028125
183702,0.05028125
19766,0.05028125
159867,0.05028125
44168,0.05028125
169486,0.05028125
157417,0.05028125
77930,0.05028125
85756,0.05028125
38906,0.05028125
51258,0.05028125
154312,0.05028125
37288,0.05028125
99393,0.05028125
19631,0.05028125
80750,0.05028125
138658,0.05028125
62976,0.05028125
146003,0.05028125
156552,0.05028125
2996,0.05028125
94823,0.05028125
129793,0.05028125
84401,0.05028125
15661,0.05028125
51888,0.05028125
127860,0.05028125
95719,0.05028125
15057,0.05028125
9622,0.05028125
92232,0.05028125
3213,0.05028125
181627,0.05028125
124260,0.05028125
125196,0.05028125
125491,0.05028125
170150,0.05028125
190961,0.05028125
161660,0.05028125
162187,0.05028125
167185,0.05028125
98218,0.05028125
172719,0.05028125
169424,0.05028125
63662,0.05028125
169654,0.05028125
44077,0.05028125
41891,0.05028125
179890,0.05028125
172688,0.05028125
4297,0.05028125
57832,0.05028125
50489,0.05028125
62810,0.05028125
37363,0.05028125
164732,0.05028125
145837,0.05028125
144146,0.05028125
16187,0.05028125
39144,0.05028125
128943,0.05028125
118113,0.05028125
48689,0.05028125
2660,0.05028125
117531,0.05028125
191119,0.05028125
49815,0.05028125
184679,0.05028125
10827,0.05028125
101314,0.05028125
161136,0.05028125
72061,0.05028125
119428,0.05028125
40908,0.05028125
102806,0.05028125
150661,0.05028125
38871,0.05028125
127365,0.05028125
148693,0.05028125
39823,0.05028125
97437,0.05028125
16627,0.05028125
106103,0.05028125
83368,0.05028125
116143,0.05028125
174565,0.05028125
134213,0.05028125
183566,0.05028125
122715,0.05028125
44223,0.05028125
36082,0.05028125
76218,0.05028125
165238,0.05028125
34916,0.05028125
13651,0.05028125
25808,0.05028125
141459,0.05028125
135721,0.05028125
76267,0.05028125
97159,0.05028125
80820,0.05028125
147485,0.05028125
182478,0.05028125
101677,0.05028125
115587,0.05028125
51992,0.05028125
39987,0.05028125
171005,0.05028125
125916,0.05028125
65934,0.05028125
145210,0.05028125
124134,0.05028125
165690,0.05028125
1749,0.05028125
17122,0.05028125
93089,0.05028125
90849,0.05028125
104906,0.05028125
34238,0.05028125
185999,0.05028125
102088,0.05028125
29672,0.05028125
161856,0.05028125
144794,0.05028125
146646,0.05028125
91395,0.05028125
137045,0.05028125
60560,0.05028125
151197,0.05028125
137028,0.05028125
156736,0.05028125
51228,0.05028125
22259,0.05028125
35733,0.05028125
38025,0.05028125
174746,0.05028125
197356,0.05028125
61419,0.05028125
51894,0.05028125
3352,0.05028125
131780,0.05028125
35706,0.05028125
124742,0.05028125
70141,0.05028125
148768,0.05028125
138339,0.05028125
69742,0.05028125
100064,0.05028125
144798,0.05028125
73281,0.05028125
62803,0.05028125
181437,0.05028125
167423,0.05028125
58996,0.05028125
145787,0.05028125
123902,0.05028125
98807,0.05028125
16298,0.05028125
136502,0.05028125
186930,0.05028125
160732,0.05028125
77993,0.05028125
104163,0.05028125
149035,0.05028125
113038,0.05028125
85022,0.05028125
65385,0.05028125
97059,0.05028125
131887,0.05028125
131496,0.05028125
144977,0.05028125
25502,0.05028125
116906,0.05028125
102293,0.05028125
139736,0.05028125
41111,0.05028125
12544,0.05028125
56373,0.05028125
125626,0.05028125
9455,0.05028125
187034,0.05028125
88581,0.05028125
105313,0.05028125
63527,0.05028125
15296,0.05028125
23601,0.05028125
194549,0.05028125
199369,0.05028125
27054,0.05028125
125805,0.05028125
47592,0.05028125
3928,0.05028125
41091,0.05028125
86635,0.05028125
136875,0.05028125
45856,0.05028125
103942,0.05028125
130315,0.05028125
151087,0.05028125
18723,0.05028125
40916,0.05028125
161524,0.05028125
32602,0.05028125
95659,0.05028125
70187,0.05028125
96332,0.05028125
96959,0.05028125
68458,0.05028125
12784,0.05028125
181035,0.05028125
152345,0.05028125
79040,0.05028125
84720,0.05028125
156850,0.05028125
131893,0.05028125
128910,0.05028125
67963,0.05028125
41887,0.05028125
119474,0.05028125
2700,0.05028125
1419,0.05028125
189896,0.05028125
150464,0.05028125
140049,0.05028125
136184,0.05028125
45479,0.05028125
145723,0.05028125
54966,0.05028125
75393,0.05028125
56266,0.05028125
99847,0.05028125
96339,0.05028125
122982,0.05028125
100087,0.05028125
144748,0.05028125
12053,0.05028125
70084,0.05028125
13582,0.05028125
121276,0.05028125
22271,0.05028125
96890,0.05028125
181301,0.05028125
23768,0.05028125
4368,0.05028125
148089,0.05028125
21382,0.05028125
25138,0.05028125
123372,0.05028125
18131,0.05028125
54843,0.05028125
96053,0.05028125
106551,0.05028125
89122,0.05028125
130955,0.05028125
5557,0.05028125
119983,0.05028125
119682,0.05028125
92275,0.05028125
65484,0.05028125
66047,0.05028125
175553,0.05028125
30064,0.05028125
183527,0.05028125
12634,0.05028125
84522,0.05028125
103976,0.05028125
61780,0.05028125
133935,0.05028125
161279,0.05028125
175060,0.05028125
160617,0.05028125
70469,0.05028125
9371,0.05028125
130372,0.05028125
53922,0.05028125
6529,0.05028125
129476,0.05028125
154578,0.05028125
102106,0.05028125
148199,0.05028125
11529,0.05028125
87339,0.05028125
63341,0.05028125
18374,0.05028125
189390,0.05028125
4874,0.05028125
67921,0.05028125
2894,0.05028125
168605,0.05028125
49432,0.05028125
131888,0.05028125
62605,0.05028125
115761,0.05028125
19934,0.05028125
188616,0.05028125
118382,0.05028125
110154,0.05028125
40904,0.05028125
27247,0.05028125
31030,0.05028125
95665,0.05028125
67953,0.05028125
35137,0.05028125
29079,0.05028125
172878,0.05028125
158030,0.05028125
125365,0.05028125
70858,0.05028125
196082,0.05028125
25728,0.05028125
151753,0.05028125
150013,0.05028125
58442,0.05028125
168910,0.05028125
173828,0.05028125
192160,0.05028125
55324,0.05028125
117801,0.05028125
103919,0.05028125
192918,0.05028125
30585,0.05028125
25780,0.05028125
11038,0.05028125
30946,0.05028125
101655,0.05028125
31858,0.05028125
168887,0.05028125
78362,0.05028125
179281,0.05028125
140739,0.05028125
146358,0.05028125
149129,0.05028125
79419,0.05028125
92622,0.05028125
136544,0.05028125
100936,0.05028125
103011,0.05028125
141486,0.05028125
186561,0.05028125
151445,0.05028125
42764,0.05028125
33808,0.05028125
84067,0.05028125
102713,0.05028125
60484,0.05028125
190262,0.05028125
13349,0.05028125
33660,0.05028125
150353,0.05028125
138777,0.05028125
110329,0.05028125
19368,0.05028125
161797,0.05028125
101144,0.05028125
44083,0.05028125
167948,0.05028125
45773,0.05028125
116567,0.05028125
170756,0.05028125
41545,0.05028125
195941,0.05028125
173062,0.05028125
95135,0.05028125
28701,0.05028125
155060,0.05028125
66425,0.05028125
193043,0.05028125
111034,0.05028125
15110,0.05028125
142928,0.05028125
26674,0.05028125
164659,0.05028125
50224,0.05028125
69509,0.05028125
151989,0.05028125
83647,0.05028125
160075,0.05028125
193018,0.05028125
8691,0.05028125
77941,0.05028125
29328,0.05028125
120983,0.05028125
38903,0.05028125
19782,0.05028125
163793,0.05028125
113484,0.05028125
176475,0.05028125
70575,0.05028125
104752,0.05028125
67806,0.05028125
36915,0.05028125
112670,0.05028125
2659,0.05028125
186844,0.05028125
24390,0.05028125
174765,0.05028125
124412,0.05028125
157383,0.05028125
37603,0.05028125
18833,0.05028125
106669,0.05028125
199078,0.05028125
32103,0.05028125
169935,0.05028125
123953,0.05028125
107039,0.05028125
160561,0.05028125
148588,0.05028125
14654,0.05028125
89972,0.05028125
1066,0.05028125
75856,0.05028125
187804,0.05028125
75775,0.05028125
177760,0.05028125
10557,0.05028125
140801,0.05028125
98628,0.05028125
80017,0.05028125
164990,0.05028125
172749,0.05028125
52079,0.05028125
130553,0.05028125
147666,0.05028125
169370,0.05028125
40662,0.05028125
181514,0.05028125
134331,0.05028125
120846,0.05028125
63170,0.05028125
188441,0.05028125
174220,0.05028125
129697,0.05028125
76944,0.05028125
148797,0.05028125
33021,0.05028125
108512,0.05028125
4248,0.05028125
71768,0.05028125
837,0.05028125
175152,0.05028125
23554,0.05028125
169267,0.05028125
192159,0.05028125
140412,0.05028125
135715,0.05028125
185082,0.05028125
74466,0.05028125
156880,0.05028125
31821,0.05028125
73695,0.05028125
95107,0.05028125
16952,0.05028125
166712,0.05028125
134039,0.05028125
100252,0.05028125
18716,0.05028125
81906,0.05028125
84865,0.05028125
142559,0.05028125
11993,0.05028125
136740,0.05028125
146564,0.05028125
12027,0.05028125
104949,0.05028125
75898,0.05028125
39862,0.05028125
128197,0.05028125
99850,0.05028125
101440,0.05028125
80816,0.05028125
163649,0.05028125
95100,0.05028125
58821,0.05028125
197667,0.05028125
176450,0.05028125
165541,0.05028125
150139,0.05028125
7843,0.05028125
134746,0.05028125
143133,0.05028125
22407,0.05028125
24916,0.05028125
59198,0.05028125
38475,0.05028125
54081,0.05028125
60118,0.05028125
48760,0.05028125
186958,0.05028125
149676,0.05028125
151512,0.05028125
53280,0.05028125
159157,0.05028125
119488,0.05028125
151672,0.05028125
57917,0.05028125
135429,0.05028125
137116,0.05028125
71714,0.05028125
9395,0.05028125
162470,0.05028125
154857,0.05028125
147363,0.05028125
179280,0.05028125
47232,0.05028125
156878,0.05028125
69884,0.05028125
141706,0.05028125
121512,0.05028125
153271,0.05028125
66091,0.05028125
156180,0.05028125
98490,0.05028125
66943,0.05028125
155594,0.05028125
71781,0.05028125
30092,0.05028125
118528,0.05028125
90442,0.05028125
134774,0.05028125
132516,0.05028125
196590,0.05028125
62858,0.05028125
185598,0.05028125
70520,0.05028125
64921,0.05028125
18429,0.05028125
193887,0.05028125
12204,0.05028125
676,0.05028125
126297,0.05028125
92349,0.05028125
143707,0.05028125
33564,0.05028125
153421,0.05028125
196965,0.05028125
169274,0.05028125
32177,0.05028125
83851,0.05028125
77526,0.05028125
157027,0.05028125
192445,0.05028125
64774,0.05028125
85012,0.05028125
39509,0.05028125
183307,0.05028125
189133,0.05028125
102618,0.05028125
187813,0.05028125
187657,0.05028125
127229,0.05028125
182912,0.05028125
56640,0.05028125
14665,0.05028125
150840,0.05028125
24463,0.05028125
7629,0.05028125
115376,0.05028125
2351,0.05028125
6377,0.05028125
151257,0.05028125
186994,0.05028125
161229,0.05028125
67514,0.05028125
176138,0.05028125
31873,0.05028125
191369,0.05028125
184645,0.05028125
20076,0.05028125
126063,0.05028125
9981,0.05028125
71766,0.05028125
50288,0.05028125
170011,0.05028125
113815,0.05028125
193879,0.05028125
112453,0.05028125
179121,0.05028125
57578,0.05028125
167807,0.05028125
41364,0.05028125
45212,0.05028125
23995,0.05028125
45852,0.05028125
81702,0.05028125
13021,0.05028125
76489,0.05028125
15463,0.05028125
16559,0.05028125
58248,0.05028125
43266,0.05028125
10292,0.05028125
153899,0.05028125
98944,0.05028125
190023,0.05028125
169030,0.05028125
159948,0.05028125
128598,0.05028125
93213,0.05028125
138856,0.05028125
118516,0.05028125
19834,0.05028125
9594,0.05028125
159937,0.05028125
172675,0.05028125
7907,0.05028125
160710,0.05028125
60846,0.05028125
139548,0.05028125
173790,0.05028125
29039,0.05028125
161958,0.05028125
74352,0.05028125
5423,0.05028125
50653,0.05028125
86646,0.05028125
13909,0.05028125
87342,0.05028125
105151,0.05028125
79838,0.05028125
146442,0.05028125
86987,0.05028125
32307,0.05028125
129279,0.05028125
194956,0.05028125
115084,0.05028125
25310,0.05028125
10733,0.05028125
180875,0.05028125
40292,0.05028125
81376,0.05028125
173507,0.05028125
128060,0.05028125
84423,0.05028125
144100,0.05028125
4292,0.05028125
8832,0.05028125
169139,0.05028125
46838,0.05028125
132063,0.05028125
38883,0.05028125
141906,0.05028125
85392,0.05028125
183102,0.05028125
56991,0.05028125
21311,0.05028125
62047,0.05028125
87988,0.05028125
109545,0.05028125
116498,0.05028125
119812,0.05028125
16898,0.05028125
83089,0.05028125
61836,0.05028125
55789,0.05028125
40876,0.05028125
55158,0.05028125
90274,0.05028125
41469,0.05028125
15698,0.05028125
127525,0.05028125
26203,0.05028125
151132,0.05028125
72316,0.05028125
88996,0.05028125
76337,0.05028125
50015,0.05028125
3846,0.05028125
96870,0.05028125
136972,0.05028125
114043,0.05028125
90162,0.05028125
159854,0.05028125
81818,0.05028125
145154,0.05028125
21597,0.05028125
65623,0.05028125
51286,0.05028125
76079,0.05028125
94173,0.05028125
45926,0.05028125
87142,0.05028125
65336,0.05028125
104071,0.05028125
97484,0.05028125
114978,0.05028125
111590,0.05028125
49313,0.05028125
128169,0.05028125
66447,0.05028125
36596,0.05028125
130910,0.05028125
173170,0.05028125
59676,0.05028125
100940,0.05028125
68571,0.05028125
173853,0.05028125
18549,0.05028125
131457,0.05028125
56339,0.05028125
34121,0.05028125
167065,0.05028125
2811,0.05028125
147224,0.05028125
13300,0.05028125
165764,0.05028125
51716,0.05028125
194097,0.05028125
27434,0.05028125
16652,0.05028125
132449,0.05028125
189499,0.05028125
166913,0.05028125
35389,0.05028125
101663,0.05028125
145973,0.05028125
89487,0.05028125
143081,0.05028125
178523,0.05028125
65097,0.05028125
114818,0.05028125
188052,0.05028125
176874,0.05028125
187730,0.05028125
127027,0.05028125
23923,0.05028125
175123,0.05028125
96757,0.05028125
85533,0.05028125
117834,0.05028125
133803,0.05028125
105762,0.05028125
30388,0.05028125
108784,0.05028125
126064,0.05028125
66073,0.05028125
187083,0.05028125
33671,0.05028125
18008,0.05028125
139925,0.05028125
132439,0.05028125
84378,0.05028125
162799,0.05028125
53851,0.05028125
127698,0.05028125
78002,0.05028125
10575,0.05028125
163517,0.05028125
57803,0.05028125
12368,0.05028125
178532,0.05028125
55896,0.05028125
58410,0.05028125
132920,0.05028125
92162,0.05028125
170134,0.05028125
113037,0.05028125
50258,0.05028125
34525,0.05028125
99367,0.05028125
93565,0.05028125
43247,0.05028125
87277,0.05028125
121602,0.05028125
133184,0.05028125
102741,0.05028125
199631,0.05028125
38087,0.05028125
82095,0.05028125
32826,0.05028125
72263,0.05028125
71293,0.05028125
196032,0.05028125
149659,0.05028125
185146,0.05028125
74209,0.05028125
66887,0.05028125
108162,0.05028125
148830,0.05028125
126313,0.05028125
175849,0.05028125
145445,0.05028125
75363,0.05028125
75338,0.05028125
112467,0.05028125
124065,0.05028125
46506,0.05028125
189254,0.05028125
15847,0.05028125
58376,0.05028125
107477,0.05028125
64362,0.05028125
42510,0.05028125
117218,0.05028125
70275,0.05028125
63700,0.05028125
59801,0.05028125
11562,0.05028125
162585,0.05028125
99370,0.05028125
33386,0.05028125
4328,0.05028125
79778,0.05028125
18208,0.05028125
149289,0.05028125
178928,0.05028125
134107,0.05028125
133443,0.05028125
41016,0.05028125
1135,0.05028125
49053,0.05028125
117598,0.05028125
91895,0.05028125
46265,0.05028125
121791,0.05028125
29194,0.05028125
195556,0.05028125
129401,0.05028125
137132,0.05028125
101925,0.05028125
118583,0.05028125
164476,0.05028125
53434,0.05028125
72952,0.05028125
191805,0.05028125
55323,0.05028125
84182,0.05028125
8448,0.05028125
192479,0.05028125
9286,0.05028125
198713,0.05028125
24746,0.05028125
33166,0.05028125
92074,0.05028125
190163,0.05028125
198350,0.05028125
17119,0.05028125
39189,0.05028125
1453,0.05028125
179106,0.05028125
1450,0.05028125
146450,0.05028125
49977,0.05028125
166644,0.05028125
85880,0.05028125
180944,0.05028125
180173,0.05028125
109039,0.05028125
96816,0.05028125
116668,0.05028125
182480,0.05028125
72429,0.05028125
160919,0.05028125
117893,0.05028125
15575,0.05028125
162892,0.05028125
136573,0.05028125
176252,0.05028125
178029,0.05028125
36322,0.05028125
66650,0.05028125
43896,0.05028125
49618,0.05028125
31661,0.05028125
4383,0.05028125
21452,0.05028125
167851,0.05028125
118520,0.05028125
143732,0.05028125
171180,0.05028125
151670,0.05028125
192733,0.05028125
197322,0.05028125
183221,0.05028125
182320,0.05028125
77787,0.05028125
30525,0.05028125
114214,0.05028125
29667,0.05028125
115610,0.05028125
15523,0.05028125
7574,0.05028125
171472,0.05028125
180229,0.05028125
187189,0.05028125
193847,0.05028125
23861,0.05028125
120162,0.05028125
141175,0.05028125
25037,0.05028125
199606,0.05028125
198056,0.05028125
89874,0.05028125
25554,0.05028125
115351,0.05028125
166488,0.05028125
69667,0.05028125
32126,0.05028125
45024,0.05028125
150843,0.05028125
158016,0.05028125
148163,0.05028125
12585,0.05028125
65679,0.05028125
97941,0.05028125
22656,0.05028125
120924,0.05028125
61197,0.05028125
141496,0.05028125
185656,0.05028125
188546,0.05028125
170171,0.05028125
126081,0.05028125
6413,0.05028125
125619,0.05028125
25003,0.05028125
155212,0.05028125
7562,0.05028125
4342,0.05028125
174126,0.05028125
84420,0.05028125
114472,0.05028125
138050,0.05028125
116955,0.05028125
49972,0.05028125
9118,0.05028125
195202,0.05028125
26844,0.05028125
122645,0.05028125
96600,0.05028125
177659,0.05028125
6267,0.05028125
25730,0.05028125
1896,0.05028125
60567,0.05028125
91699,0.05028125
153414,0.05028125
6500,0.05028125
78167,0.05028125
89784,0.05028125
192253,0.05028125
7390,0.05028125
160527,0.05028125
101983,0.05028125
176062,0.05028125
142951,0.05028125
125442,0.05028125
89759,0.05028125
133333,0.05028125
136890,0.05028125
131991,0.05028125
2833,0.05028125
58876,0.05028125
25830,0.05028125
177698,0.05028125
77874,0.05028125
182712,0.05028125
51121,0.05028125
9160,0.05028125
35595,0.05028125
96266,0.05028125
33551,0.05028125
71249,0.05028125
30100,0.05028125
55369,0.05028125
176806,0.05028125
4276,0.05028125
13434,0.05028125
116789,0.05028125
96954,0.05028125
13997,0.05028125
24905,0.05028125
146342,0.05028125
124924,0.05028125
138260,0.05028125
65306,0.05028125
195372,0.05028125
180496,0.05028125
185802,0.05028125
10922,0.05028125
116766,0.05028125
41443,0.05028125
48503,0.05028125
45732,0.05028125
126569,0.05028125
29613,0.05028125
150627,0.05028125
130874,0.05028125
40004,0.05028125
85343,0.05028125
103767,0.05028125
164678,0.05028125
52453,0.05028125
170399,0.05028125
187757,0.05028125
178180,0.05028125
183453,0.05028125
123992,0.05028125
96952,0.05028125
195017,0.05028125
92967,0.05028125
92300,0.05028125
23751,0.05028125
166098,0.05028125
45607,0.05028125
47810,0.05028125
75394,0.05028125
28353,0.05028125
23105,0.05028125
153345,0.05028125
133482,0.05028125
186620,0.05028125
93087,0.05028125
189945,0.05028125
38535,0.05028125
97393,0.05028125
81759,0.05028125
99425,0.05028125
106948,0.05028125
72197,0.05028125
164933,0.05028125
92914,0.05028125
97460,0.05028125
137230,0.05028125
176421,0.05028125
104240,0.05028125
187917,0.05028125
7134,0.05028125
176981,0.05028125
182633,0.05028125
5424,0.05028125
26293,0.05028125
29891,0.05028125
68785,0.05028125
45157,0.05028125
62711,0.05028125
102138,0.05028125
145375,0.05028125
58937,0.05028125
36710,0.05028125
2146,0.05028125
101553,0.05028125
27338,0.05028125
100620,0.05028125
133328,0.05028125
6330,0.05028125
186103,0.05028125
199597,0.05028125
6570,0.05028125
142335,0.05028125
50718,0.05028125
31448,0.05028125
14380,0.05028125
91885,0.05028125
55485,0.05028125
74426,0.05028125
63260,0.05028125
114677,0.05028125
108717,0.05028125
83438,0.05028125
173794,0.05028125
26587,0.05028125
117714,0.05028125
112847,0.05028125
75211,0.05028125
84252,0.05028125
118660,0.05028125
119369,0.05028125
130316,0.05028125
42709,0.05028125
67099,0.05028125
71947,0.05028125
35282,0.05028125
139194,0.05028125
110057,0.05028125
54716,0.05028125
84335,0.05028125
31202,0.05028125
146333,0.05028125
93873,0.05028125
74780,0.05028125
149497,0.05028125
40795,0.05028125
65330,0.05028125
71290,0.05028125
51167,0.05028125
174195,0.05028125
73110,0.05028125
155959,0.05028125
192273,0.05028125
126548,0.05028125
121231,0.05028125
199638,0.05028125
28394,0.05028125
174120,0.05028125
73537,0.05028125
143908,0.05028125
191567,0.05028125
144466,0.05028125
40747,0.05028125
10196,0.05028125
39625,0.05028125
179465,0.05028125
50184,0.05028125
157080,0.05028125
138818,0.05028125
25190,0.05028125
182789,0.05028125
44201,0.05028125
121584,0.05028125
163879,0.05028125
132906,0.05028125
188010,0.05028125
78774,0.05028125
67392,0.05028125
18363,0.05028125
150438,0.05028125
154101,0.05028125
75444,0.05028125
119634,0.05028125
173655,0.05028125
146389,0.05028125
155748,0.05028125
13071,0.05028125
8504,0.05028125
2642,0.05028125
70016,0.05028125
147074,0.05028125
198802,0.05028125
151411,0.05028125
13195,0.05028125
62758,0.05028125
89970,0.05028125
176615,0.05028125
123316,0.05028125
90299,0.05028125
76878,0.05028125
135821,0.05028125
149608,0.05028125
31210,0.05028125
9724,0.05028125
83799,0.05028125
18704,0.05028125
12880,0.05028125
67129,0.05028125
23851,0.05028125
28056,0.05028125
118563,0.05028125
174530,0.05028125
62207,0.05028125
53821,0.05028125
197611,0.05028125
134652,0.05028125
89688,0.05028125
143817,0.05028125
155518,0.05028125
112090,0.05028125
99678,0.05028125
8647,0.05028125
89678,0.05028125
63302,0.05028125
186442,0.05028125
59920,0.05028125
147610,0.05028125
46469,0.05028125
21956,0.05028125
45107,0.05028125
179599,0.05028125
99159,0.05028125
187562,0.05028125
176917,0.05028125
132148,0.05028125
38417,0.05028125
189613,0.05028125
46660,0.05028125
73169,0.05028125
50591,0.05028125
104168,0.05028125
103106,0.05028125
166852,0.05028125
154371,0.05028125
69249,0.05028125
193004,0.05028125
114433,0.05028125
25385,0.05028125
35946,0.05028125
39910,0.05028125
82628,0.05028125
148246,0.05028125
80831,0.05028125
7775,0.05028125
76135,0.05028125
87469,0.05028125
119308,0.05028125
156314,0.05028125
198965,0.05028125
196671,0.05028125
34458,0.05028125
175146,0.05028125
143192,0.05028125
23365,0.05028125
24474,0.05028125
151809,0.05028125
124567,0.05028125
21446,0.05028125
37331,0.05028125
56729,0.05028125
152639,0.05028125
115466,0.05028125
51185,0.05028125
97119,0.05028125
141956,0.05028125
117960,0.05028125
14188,0.05028125
41594,0.05028125
147201,0.05028125
72465,0.05028125
195606,0.05028125
6119,0.05028125
43432,0.05028125
74945,0.05028125
128904,0.05028125
58402,0.05028125
135185,0.05028125
36504,0.05028125
41005,0.05028125
89640,0.05028125
37490,0.05028125
137287,0.05028125
66280,0.05028125
107875,0.05028125
73035,0.05028125
18245,0.05028125
182513,0.05028125
192598,0.05028125
129384,0.05028125
72204,0.05028125
194594,0.05028125
13024,0.05028125
71299,0.05028125
69546,0.05028125
134252,0.05028125
118161,0.05028125
118987,0.05028125
113895,0.05028125
112104,0.05028125
130118,0.05028125
21861,0.05028125
179041,0.05028125
194474,0.05028125
56921,0.05028125
53153,0.05028125
161459,0.05028125
173932,0.05028125
136408,0.05028125
57955,0.05028125
95476,0.05028125
198763,0.05028125
71676,0.05028125
140172,0.05028125
54506,0.05028125
23950,0.05028125
133779,0.05028125
78304,0.05028125
198053,0.05028125
159959,0.05028125
173530,0.05028125
35844,0.05028125
61139,0.05028125
172829,0.05028125
172544,0.05028125
113749,0.05028125
35015,0.05028125
95105,0.05028125
37273,0.05028125
64018,0.05028125
60305,0.05028125
154359,0.05028125
129997,0.05028125
88700,0.05028125
177973,0.05028125
106732,0.05028125
97064,0.05028125
127964,0.05028125
82659,0.05028125
150774,0.05028125
51612,0.05028125
117671,0.05028125
147529,0.05028125
1164,0.05028125
187387,0.05028125
199864,0.05028125
54430,0.05028125
105216,0.05028125
10627,0.05028125
2153,0.05028125
6607,0.05028125
195295,0.05028125
195351,0.05028125
62516,0.05028125
28590,0.05028125
127483,0.05028125
131594,0.05028125
76903,0.05028125
119809,0.05028125
9495,0.05028125
97120,0.05028125
57352,0.05028125
84283,0.05028125
76100,0.05028125
190532,0.05028125
149211,0.05028125
103298,0.05028125
37195,0.05028125
15361,0.05028125
145933,0.05028125
5455,0.05028125
16446,0.05028125
166839,0.05028125
145121,0.05028125
162988,0.05028125
12273,0.05028125
197370,0.05028125
91295,0.05028125
83552,0.05028125
49455,0.05028125
121280,0.05028125
73320,0.05028125
102488,0.05028125
54226,0.05028125
35228,0.05028125
75790,0.05028125
131668,0.05028125
15525,0.05028125
36234,0.05028125
154669,0.05028125
21776,0.05028125
125309,0.05028125
198719,0.05028125
54762,0.05028125
124277,0.05028125
100212,0.05028125
65275,0.05028125
162074,0.05028125
61126,0.05028125
183211,0.05028125
168233,0.05028125
39414,0.05028125
78283,0.05028125
173763,0.05028125
21912,0.05028125
45728,0.05028125
168902,0.05028125
170518,0.05028125
89268,0.05028125
97671,0.05028125
187515,0.05028125
72573,0.05028125
23069,0.05028125
187157,0.05028125
12934,0.05028125
174918,0.05028125
118684,0.05028125
196440,0.05028125
194323,0.05028125
197728,0.05028125
180195,0.05028125
164741,0.05028125
6515,0.05028125
60596,0.05028125
37362,0.05028125
195969,0.05028125
23662,0.05028125
14255,0.05028125
151215,0.05028125
121073,0.05028125
113806,0.05028125
116756,0.05028125
42861,0.05028125
64896,0.05028125
165226,0.05028125
146289,0.05028125
135215,0.05028125
8020,0.05028125
121764,0.05028125
64192,0.05028125
125694,0.05028125
199016,0.05028125
13852,0.05028125
30515,0.05028125
113358,0.05028125
34786,0.05028125
42147,0.05028125
62608,0.05028125
1442,0.05028125
14560,0.05028125
20884,0.05028125
92454,0.05028125
94813,0.05028125
145955,0.05028125
322,0.05028125
154666,0.05028125
36949,0.05028125
5009,0.05028125
19338,0.05028125
154908,0.05028125
194449,0.05028125
130085,0.05028125
156500,0.05028125
2311,0.05028125
24963,0.05028125
60652,0.05028125
100779,0.05028125
93860,0.05028125
159137,0.05028125
158837,0.05028125
81903,0.05028125
2287,0.05028125
27064,0.05028125
104283,0.05028125
79542,0.05028125
61603,0.05028125
9006,0.05028125
43025,0.05028125
71956,0.05028125
123622,0.05028125
85103,0.05028125
62301,0.05028125
185931,0.05028125
65251,0.05028125
197334,0.05028125
62233,0.05028125
166338,0.05028125
179012,0.05028125
21547,0.05028125
85773,0.05028125
17414,0.05028125
115543,0.05028125
50043,0.05028125
172333,0.05028125
158029,0.05028125
169827,0.05028125
135207,0.05028125
191223,0.05028125
45487,0.05028125
118708,0.05028125
128505,0.05028125
160135,0.05028125
93644,0.05028125
51725,0.05028125
75190,0.05028125
181061,0.05028125
119188,0.05028125
35973,0.05028125
4341,0.05028125
161640,0.05028125
1522,0.05028125
4678,0.05028125
138140,0.05028125
36221,0.05028125
74947,0.05028125
163660,0.05028125
73519,0.05028125
101426,0.05028125
86552,0.05028125
110337,0.05028125
178224,0.05028125
136677,0.05028125
77906,0.05028125
91567,0.05028125
117889,0.05028125
36011,0.05028125
9202,0.05028125
34100,0.05028125
100777,0.05028125
65247,0.05028125
165365,0.05028125
87825,0.05028125
80993,0.05028125
38020,0.05028125
99127,0.05028125
85943,0.05028125
13863,0.05028125
148138,0.05028125
193995,0.05028125
192255,0.05028125
94594,0.05028125
129959,0.05028125
91418,0.05028125
7811,0.05028125
133376,0.05028125
198730,0.05028125
181765,0.05028125
76790,0.05028125
54228,0.05028125
142540,0.05028125
61571,0.05028125
130900,0.05028125
2618,0.05028125
58626,0.05028125
111686,0.05028125
117061,0.05028125
142243,0.05028125
112805,0.05028125
102825,0.05028125
2855,0.05028125
130458,0.05028125
45959,0.05028125
8576,0.05028125
91813,0.05028125
45478,0.05028125
166499,0.05028125
59151,0.05028125
82251,0.05028125
6868,0.05028125
60707,0.05028125
90995,0.05028125
26130,0.05028125
51912,0.05028125
191078,0.05028125
158377,0.05028125
55159,0.05028125
81131,0.05028125
89278,0.05028125
161630,0.05028125
88182,0.05028125
173270,0.05028125
2225,0.05028125
43653,0.05028125
189192,0.05028125
175837,0.05028125
119319,0.05028125
151715,0.05028125
12775,0.05028125
88990,0.05028125
105339,0.05028125
38855,0.05028125
157224,0.05028125
2876,0.05028125
89093,0.05028125
125954,0.05028125
171816,0.05028125
161475,0.05028125
114485,0.05028125
49056,0.05028125
89032,0.05028125
71694,0.05028125
188374,0.05028125
108585,0.05028125
7252,0.05028125
113343,0.05028125
52998,0.05028125
183245,0.05028125
87655,0.05028125
157099,0.05028125
54249,0.05028125
38636,0.05028125
56392,0.05028125
83599,0.05028125
77939,0.05028125
181104,0.05028125
112940,0.05028125
21586,0.05028125
152821,0.05028125
83408,0.05028125
7106,0.05028125
14418,0.05028125
196486,0.05028125
45507,0.05028125
144105,0.05028125
164219,0.05028125
103520,0.05028125
96708,0.05028125
154606,0.05028125
33816,0.05028125
93239,0.05028125
129400,0.05028125
138467,0.05028125
115950,0.05028125
15886,0.05028125
138079,0.05028125
120327,0.05028125
93264,0.05028125
7739,0.05028125
195366,0.05028125
131256,0.05028125
35092,0.05028125
92018,0.05028125
171588,0.05028125
108599,0.05028125
172607,0.05028125
34774,0.05028125
32470,0.05028125
4271,0.05028125
124759,0.05028125
117587,0.05028125
133818,0.05028125
130082,0.05028125
151312,0.05028125
7756,0.05028125
35186,0.05028125
100813,0.05028125
159726,0.05028125
165222,0.05028125
181230,0.05028125
61486,0.05028125
39663,0.05028125
93718,0.05028125
140501,0.05028125
10714,0.05028125
154481,0.05028125
107708,0.05028125
62440,0.05028125
87246,0.05028125
116108,0.05028125
97358,0.05028125
181087,0.05028125
111416,0.05028125
80353,0.05028125
197892,0.05028125
88392,0.05028125
31029,0.05028125
199978,0.05028125
99698,0.05028125
73432,0.05028125
24736,0.05028125
142185,0.05028125
103859,0.05028125
165985,0.05028125
121227,0.05028125
18872,0.05028125
49094,0.05028125
36471,0.05028125
41042,0.05028125
93837,0.05028125
93753,0.05028125
38846,0.05028125
7653,0.05028125
82813,0.05028125
97349,0.05028125
53801,0.05028125
71086,0.05028125
19293,0.05028125
78528,0.05028125
197559,0.05028125
76643,0.05028125
161256,0.05028125
144496,0.05028125
114805,0.05028125
43583,0.05028125
17471,0.05028125
187214,0.05028125
22865,0.05028125
133897,0.05028125
122811,0.05028125
196250,0.05028125
53161,0.05028125
171796,0.05028125
120400,0.05028125
97377,0.05028125
126946,0.05028125
199599,0.05028125
156475,0.05028125
146689,0.05028125
56213,0.05028125
107002,0.05028125
5824,0.05028125
191094,0.05028125
41626,0.05028125
198818,0.05028125
174329,0.05028125
190617,0.05028125
2963,0.05028125
74279,0.05028125
83837,0.05028125
156014,0.05028125
99310,0.05028125
21134,0.05028125
12141,0.05028125
137400,0.05028125
153411,0.05028125
100886,0.05028125
81147,0.05028125
67810,0.05028125
89329,0.05028125
80641,0.05028125
11227,0.05028125
115077,0.05028125
194003,0.05028125
104544,0.05028125
180903,0.05028125
50644,0.05028125
188442,0.05028125
124638,0.05028125
184026,0.05028125
130461,0.05028125
94753,0.05028125
156202,0.05028125
77628,0.05028125
190672,0.05028125
67039,0.05028125
143542,0.05028125
198970,0.05028125
64524,0.05028125
69244,0.05028125
191670,0.05028125
173089,0.05028125
155682,0.05028125
85498,0.05028125
88102,0.05028125
83989,0.05028125
146937,0.05028125
66270,0.05028125
180488,0.05028125
143072,0.05028125
6151,0.05028125
197368,0.05028125
130379,0.05028125
90497,0.05028125
186988,0.05028125
80797,0.05028125
43548,0.05028125
79861,0.05028125
64504,0.05028125
43810,0.05028125
25412,0.05028125
113342,0.05028125
130253,0.05028125
73506,0.05028125
33712,0.05028125
56134,0.05028125
57355,0.05028125
136548,0.05028125
13567,0.05028125
35567,0.05028125
1073,0.05028125
102695,0.05028125
181517,0.05028125
139945,0.05028125
102643,0.05028125
78942,0.05028125
44714,0.05028125
81568,0.05028125
144610,0.05028125
29236,0.05028125
191125,0.05028125
113378,0.05028125
92827,0.05028125
35859,0.05028125
163648,0.05028125
9389,0.05028125
106525,0.05028125
52709,0.05028125
69050,0.05028125
158805,0.05028125
5004,0.05028125
92416,0.05028125
144022,0.05028125
182773,0.05028125
88547,0.05028125
154663,0.05028125
114508,0.05028125
78165,0.05028125
177186,0.05028125
51000,0.05028125
14502,0.05028125
197270,0.05028125
14031,0.05028125
124394,0.05028125
179296,0.05028125
65098,0.05028125
138398,0.05028125
50407,0.05028125
174275,0.05028125
62380,0.05028125
9200,0.05028125
50156,0.05028125
142744,0.05028125
156063,0.05028125
180478,0.05028125
88027,0.05028125
146970,0.05028125
183880,0.05028125
128107,0.05028125
165739,0.05028125
75687,0.05028125
86559,0.05028125
125779,0.05028125
104412,0.05028125
197070,0.05028125
33389,0.05028125
136068,0.05028125
29899,0.05028125
141512,0.05028125
165498,0.05028125
113111,0.05028125
90208,0.05028125
38404,0.05028125
75975,0.05028125
147794,0.05028125
141720,0.05028125
194195,0.05028125
104604,0.05028125
13173,0.05028125
161193,0.05028125
94153,0.05028125
67057,0.05028125
63060,0.05028125
74369,0.05028125
88768,0.05028125
70689,0.05028125
184876,0.05028125
37737,0.05028125
59503,0.05028125
64802,0.05028125
89086,0.05028125
119921,0.05028125
113340,0.05028125
80803,0.05028125
127641,0.05028125
189773,0.05028125
181703,0.05028125
158145,0.05028125
171752,0.05028125
96391,0.05028125
86067,0.05028125
25357,0.05028125
25400,0.05028125
54419,0.05028125
94081,0.05028125
193626,0.05028125
42505,0.05028125
49339,0.05028125
49753,0.05028125
131910,0.05028125
104676,0.05028125
3106,0.05028125
19816,0.05028125
90433,0.05028125
27855,0.05028125
149822,0.05028125
147512,0.05028125
38270,0.05028125
103018,0.05028125
139699,0.05028125
152110,0.05028125
95779,0.05028125
61147,0.05028125
41661,0.05028125
32771,0.05028125
146499,0.05028125
57326,0.05028125
90034,0.05028125
139389,0.05028125
186543,0.05028125
97750,0.05028125
262,0.05028125
157513,0.05028125
7348,0.05028125
82403,0.05028125
9111,0.05028125
192936,0.05028125
86391,0.05028125
98623,0.05028125
17687,0.05028125
32545,0.05028125
143197,0.05028125
62637,0.05028125
162089,0.05028125
99483,0.05028125
33598,0.05028125
160583,0.05028125
25921,0.05028125
181047,0.05028125
3467,0.05028125
46503,0.05028125
181413,0.05028125
192910,0.05028125
147129,0.05028125
73219,0.05028125
30511,0.05028125
131606,0.05028125
159279,0.05028125
173221,0.05028125
196408,0.05028125
161821,0.05028125
109857,0.05028125
31962,0.05028125
174026,0.05028125
62003,0.05028125
57675,0.05028125
131258,0.05028125
104703,0.05028125
74519,0.05028125
172786,0.05028125
73456,0.05028125
34065,0.05028125
147159,0.05028125
57881,0.05028125
108807,0.05028125
160873,0.05028125
147045,0.05028125
112390,0.05028125
131857,0.05028125
165140,0.05028125
124723,0.05028125
184936,0.05028125
105513,0.05028125
37736,0.05028125
189597,0.05028125
48797,0.05028125
87035,0.05028125
173130,0.05028125
151389,0.05028125
140635,0.05028125
198521,0.05028125
77755,0.05028125
73009,0.05028125
121281,0.05028125
56529,0.05028125
126490,0.05028125
64013,0.05028125
108814,0.05028125
57794,0.05028125
21485,0.05028125
193930,0.05028125
113685,0.05028125
69049,0.05028125
157394,0.05028125
56648,0.05028125
69875,0.05028125
150191,0.05028125
97747,0.05028125
104592,0.05028125
133266,0.05028125
126847,0.05028125
168814,0.05028125
15270,0.05028125
59760,0.05028125
165337,0.05028125
96715,0.05028125
120353,0.05028125
134345,0.05028125
98670,0.05028125
142162,0.05028125
152158,0.05028125
108672,0.05028125
52283,0.05028125
88480,0.05028125
30446,0.05028125
47251,0.05028125
58195,0.05028125
132285,0.05028125
159898,0.05028125
140736,0.05028125
56573,0.05028125
32667,0.05028125
148101,0.05028125
148107,0.05028125
71805,0.05028125
83528,0.05028125
111392,0.05028125
198005,0.05028125
7979,0.05028125
130380,0.05028125
173610,0.05028125
71717,0.05028125
23058,0.05028125
138761,0.05028125
17739,0.05028125
106748,0.05028125
49664,0.05028125
131156,0.05028125
134077,0.05028125
9989,0.05028125
185498,0.05028125
114522,0.05028125
72397,0.05028125
45448,0.05028125
116227,0.05028125
77688,0.05028125
77842,0.05028125
136606,0.05028125
168113,0.05028125
140301,0.05028125
24511,0.05028125
44478,0.05028125
137425,0.05028125
131734,0.05028125
105896,0.05028125
187606,0.05028125
32152,0.05028125
170476,0.05028125
57002,0.05028125
16932,0.05028125
65738,0.05028125
190157,0.05028125
182618,0.05028125
73011,0.05028125
51376,0.05028125
145542,0.05028125
182470,0.05028125
96369,0.05028125
29912,0.05028125
86927,0.05028125
154208,0.05028125
52344,0.05028125
99935,0.05028125
105940,0.05028125
29976,0.05028125
42955,0.05028125
35118,0.05028125
6127,0.05028125
142870,0.05028125
123312,0.05028125
189425,0.05028125
59049,0.05028125
70299,0.05028125
187435,0.05028125
142749,0.05028125
145475,0.05028125
116749,0.05028125
187692,0.05028125
15964,0.05028125
143521,0.05028125
2378,0.05028125
133071,0.05028125
165358,0.05028125
192006,0.05028125
197925,0.05028125
24647,0.05028125
80998,0.05028125
100807,0.05028125
79459,0.05028125
1984,0.05028125
78205,0.05028125
166369,0.05028125
185895,0.05028125
88453,0.05028125
109502,0.05028125
70727,0.05028125
137136,0.05028125
31178,0.05028125
175306,0.05028125
110220,0.05028125
20998,0.05028125
58939,0.05028125
181818,0.05028125
170440,0.05028125
194415,0.05028125
117136,0.05028125
195775,0.05028125
135760,0.05028125
80748,0.05028125
19890,0.05028125
78498,0.05028125
54575,0.05028125
121452,0.05028125
77360,0.05028125
165667,0.05028125
97960,0.05028125
197097,0.05028125
135926,0.05028125
20051,0.05028125
23674,0.05028125
35033,0.05028125
46263,0.05028125
175225,0.05028125
11528,0.05028125
13873,0.05028125
23912,0.05028125
29301,0.05028125
12732,0.05028125
30397,0.05028125
137401,0.05028125
149399,0.05028125
7692,0.05028125
45372,0.05028125
17026,0.05028125
68974,0.05028125
119582,0.05028125
123889,0.05028125
193278,0.05028125
164991,0.05028125
108553,0.05028125
184609,0.05028125
37187,0.05028125
138397,0.05028125
23962,0.05028125
62339,0.05028125
144191,0.05028125
155770,0.05028125
136275,0.05028125
6983,0.05028125
85332,0.05028125
93942,0.05028125
39158,0.05028125
62755,0.05028125
108946,0.05028125
140395,0.05028125
49340,0.05028125
115058,0.05028125
45816,0.05028125
67765,0.05028125
162343,0.05028125
182483,0.05028125
124479,0.05028125
180126,0.05028125
65793,0.05028125
99195,0.05028125
42973,0.05028125
153847,0.05028125
66564,0.05028125
172964,0.05028125
104923,0.05028125
26517,0.05028125
96905,0.05028125
189827,0.05028125
139558,0.05028125
61521,0.05028125
73745,0.05028125
86291,0.05028125
161561,0.05028125
22465,0.05028125
85101,0.05028125
36340,0.05028125
35441,0.05028125
3398,0.05028125
20587,0.05028125
42926,0.05028125
7287,0.05028125
129114,0.05028125
98784,0.05028125
119071,0.05028125
39984,0.05028125
184195,0.05028125
15425,0.05028125
54104,0.05028125
52288,0.05028125
61148,0.05028125
177937,0.05028125
34460,0.05028125
56884,0.05028125
94485,0.05028125
92368,0.05028125
165897,0.05028125
163775,0.05028125
12569,0.05028125
15502,0.05028125
160056,0.05028125
163222,0.05028125
156189,0.05028125
122074,0.05028125
133448,0.05028125
94661,0.05028125
24973,0.05028125
178847,0.05028125
15968,0.05028125
198000,0.05028125
123202,0.05028125
133630,0.05028125
108740,0.05028125
80890,0.05028125
77848,0.05028125
72592,0.05028125
14545,0.05028125
21406,0.05028125
37266,0.05028125
180579,0.05028125
70504,0.05028125
133772,0.05028125
84758,0.05028125
162016,0.05028125
102401,0.05028125
102303,0.05028125
125100,0.05028125
125043,0.05028125
36128,0.05028125
183019,0.05028125
48656,0.05028125
122561,0.05028125
20746,0.05028125
171376,0.05028125
36438,0.05028125
6352,0.05028125
117845,0.05028125
7174,0.05028125
143031,0.05028125
195227,0.05028125
181092,0.05028125
19657,0.05028125
189084,0.05028125
194052,0.05028125
38319,0.05028125
176282,0.05028125
34643,0.05028125
195072,0.05028125
2,0.05028125
16332,0.05028125
30032,0.05028125
36717,0.05028125
15303,0.05028125
136900,0.05028125
55968,0.05028125
149007,0.05028125
36462,0.05028125
96577,0.05028125
39976,0.05028125
170402,0.05028125
51130,0.05028125
180589,0.05028125
50048,0.05028125
106321,0.05028125
58104,0.05028125
3969,0.05028125
72207,0.05028125
185343,0.05028125
36433,0.05028125
159064,0.05028125
280,0.05028125
33941,0.05028125
146108,0.05028125
50181,0.05028125
45242,0.05028125
102928,0.05028125
34374,0.05028125
75109,0.05028125
168131,0.05028125
19216,0.05028125
130551,0.05028125
112534,0.05028125
160295,0.05028125
62668,0.05028125
180678,0.05028125
51724,0.05028125
81460,0.05028125
189154,0.05028125
111981,0.05028125
96343,0.05028125
91824,0.05028125
70662,0.05028125
72408,0.05028125
86495,0.05028125
25722,0.05028125
108188,0.05028125
195915,0.05028125
183586,0.05028125
65908,0.05028125
140493,0.05028125
74339,0.05028125
105744,0.05028125
2134,0.05028125
5085,0.05028125
96259,0.05028125
69688,0.05028125
10262,0.05028125
108506,0.05028125
7611,0.05028125
132095,0.05028125
74315,0.05028125
42555,0.05028125
165003,0.05028125
108000,0.05028125
68472,0.05028125
13598,0.05028125
197006,0.05028125
171636,0.05028125
41841,0.05028125
33561,0.05028125
31012,0.05028125
163159,0.05028125
141417,0.05028125
148728,0.05028125
110052,0.05028125
46557,0.05028125
122498,0.05028125
12008,0.05028125
8196,0.05028125
129190,0.05028125
21299,0.05028125
40299,0.05028125
118101,0.05028125
93501,0.05028125
1410,0.05028125
175451,0.05028125
81856,0.05028125
88442,0.05028125
98259,0.05028125
42281,0.05028125
146508,0.05028125
131654,0.05028125
165589,0.05028125
21357,0.05028125
84668,0.05028125
195837,0.05028125
174138,0.05028125
193635,0.05028125
131988,0.05028125
42721,0.05028125
194648,0.05028125
190143,0.05028125
181973,0.05028125
110031,0.05028125
71322,0.05028125
177426,0.05028125
80533,0.05028125
189169,0.05028125
57686,0.05028125
110882,0.05028125
67300,0.05028125
42075,0.05028125
139720,0.05028125
194372,0.05028125
125629,0.05028125
121913,0.05028125
160828,0.05028125
92992,0.05028125
29862,0.05028125
175921,0.05028125
10403,0.05028125
189800,0.05028125
65293,0.05028125
170586,0.05028125
96006,0.05028125
16370,0.05028125
142059,0.05028125
6599,0.05028125
179763,0.05028125
163144,0.05028125
83488,0.05028125
193073,0.05028125
67081,0.05028125
101165,0.05028125
112219,0.05028125
120906,0.05028125
135178,0.05028125
82849,0.05028125
103912,0.05028125
2567,0.05028125
2537,0.05028125
24971,0.05028125
14505,0.05028125
119936,0.05028125
19835,0.05028125
155829,0.05028125
121664,0.05028125
96309,0.05028125
101821,0.05028125
75278,0.05028125
160030,0.05028125
46160,0.05028125
172913,0.05028125
145336,0.05028125
175105,0.05028125
48289,0.05028125
185949,0.05028125
49998,0.05028125
148678,0.05028125
109605,0.05028125
28433,0.05028125
149369,0.05028125
115729,0.05028125
111025,0.05028125
33408,0.05028125
73006,0.05028125
80119,0.05028125
110183,0.05028125
40434,0.05028125
9230,0.05028125
186472,0.05028125
127625,0.05028125
9040,0.05028125
127819,0.05028125
179699,0.05028125
124450,0.05028125
57573,0.05028125
64765,0.05028125
84451,0.05028125
130595,0.05028125
72045,0.05028125
18573,0.05028125
184620,0.05028125
180493,0.05028125
60988,0.05028125
99383,0.05028125
141325,0.05028125
124315,0.05028125
123365,0.05028125
87551,0.05028125
199843,0.05028125
25624,0.05028125
63773,0.05028125
19491,0.05028125
91170,0.05028125
3289,0.05028125
160326,0.05028125
30433,0.05028125
111793,0.05028125
41602,0.05028125
160835,0.05028125
28131,0.05028125
120499,0.05028125
88331,0.05028125
80152,0.05028125
65868,0.05028125
107624,0.05028125
127989,0.05028125
105570,0.05028125
6825,0.05028125
96666,0.05028125
121612,0.05028125
36332,0.05028125
8174,0.05028125
191869,0.05028125
1228,0.05028125
165730,0.05028125
51697,0.05028125
6100,0.05028125
56520,0.05028125
54373,0.05028125
98205,0.05028125
120617,0.05028125
50921,0.05028125
16319,0.05028125
136436,0.05028125
42249,0.05028125
158367,0.05028125
187958,0.05028125
143628,0.05028125
140387,0.05028125
196472,0.05028125
65190,0.05028125
180290,0.05028125
35194,0.05028125
99686,0.05028125
161579,0.05028125
199338,0.05028125
46921,0.05028125
120397,0.05028125
100009,0.05028125
159036,0.05028125
141997,0.05028125
160975,0.05028125
182838,0.05028125
52591,0.05028125
60060,0.05028125
61382,0.05028125
7050,0.05028125
100013,0.05028125
140910,0.05028125
80462,0.05028125
82092,0.05028125
48291,0.05028125
100083,0.05028125
89416,0.05028125
135407,0.05028125
12939,0.05028125
36861,0.05028125
15374,0.05028125
138371,0.05028125
158173,0.05028125
141461,0.05028125
188720,0.05028125
30308,0.05028125
186533,0.05028125
161702,0.05028125
124662,0.05028125
34593,0.05028125
95781,0.05028125
190615,0.05028125
37014,0.05028125
39897,0.05028125
190523,0.05028125
116332,0.05028125
15327,0.05028125
69502,0.05028125
84646,0.05028125
73477,0.05028125
53689,0.05028125
108338,0.05028125
143296,0.05028125
153057,0.05028125
150928,0.05028125
82309,0.05028125
40201,0.05028125
51923,0.05028125
170307,0.05028125
114188,0.05028125
23486,0.05028125
93472,0.05028125
187856,0.05028125
73311,0.05028125
8079,0.05028125
54416,0.05028125
186803,0.05028125
128408,0.05028125
28508,0.05028125
90945,0.05028125
72699,0.05028125
58151,0.05028125
2519,0.05028125
77054,0.05028125
121381,0.05028125
160322,0.05028125
77788,0.05028125
38787,0.05028125
53557,0.05028125
139721,0.05028125
9342,0.05028125
26174,0.05028125
189282,0.05028125
53928,0.05028125
198889,0.05028125
143962,0.05028125
172847,0.05028125
155785,0.05028125
148394,0.05028125
86367,0.05028125
26757,0.05028125
88966,0.05028125
125896,0.05028125
65923,0.05028125
34558,0.05028125
11414,0.05028125
34819,0.05028125
193177,0.05028125
185749,0.05028125
90916,0.05028125
150810,0.05028125
65235,0.05028125
188027,0.05028125
139750,0.05028125
140931,0.05028125
59523,0.05028125
69758,0.05028125
169708,0.05028125
69140,0.05028125
113185,0.05028125
54931,0.05028125
124481,0.05028125
163526,0.05028125
48802,0.05028125
67573,0.05028125
141513,0.05028125
67854,0.05028125
11966,0.05028125
123449,0.05028125
197799,0.05028125
25095,0.05028125
170117,0.05028125
197560,0.05028125
22462,0.05028125
105746,0.05028125
98090,0.05028125
47411,0.05028125
24054,0.05028125
112251,0.05028125
129007,0.05028125
198303,0.05028125
154735,0.05028125
86608,0.05028125
10717,0.05028125
153230,0.05028125
76329,0.05028125
35453,0.05028125
107470,0.05028125
19330,0.05028125
143385,0.05028125
127135,0.05028125
183418,0.05028125
70269,0.05028125
75103,0.05028125
70313,0.05028125
62629,0.05028125
169671,0.05028125
6335,0.05028125
177519,0.05028125
13292,0.05028125
106070,0.05028125
102388,0.05028125
139733,0.05028125
59524,0.05028125
197793,0.05028125
76931,0.05028125
104486,0.05028125
164400,0.05028125
56685,0.05028125
81297,0.05028125
163424,0.05028125
159044,0.05028125
113807,0.05028125
65375,0.05028125
180227,0.05028125
91538,0.05028125
22581,0.05028125
155856,0.05028125
165467,0.05028125
100712,0.05028125
50987,0.05028125
23773,0.05028125
197461,0.05028125
2983,0.05028125
127277,0.05028125
80059,0.05028125
4523,0.05028125
77785,0.05028125
68184,0.05028125
111663,0.05028125
66575,0.05028125
132135,0.05028125
174799,0.05028125
175508,0.05028125
9450,0.05028125
69996,0.05028125
94899,0.05028125
157905,0.05028125
158171,0.05028125
13023,0.05028125
33975,0.05028125
104221,0.05028125
34950,0.05028125
138173,0.05028125
70832,0.05028125
122296,0.05028125
39829,0.05028125
143764,0.05028125
154076,0.05028125
20989,0.05028125
198530,0.05028125
60856,0.05028125
71812,0.05028125
81249,0.05028125
44687,0.05028125
108148,0.05028125
105436,0.05028125
34626,0.05028125
39162,0.05028125
198183,0.05028125
152299,0.05028125
172586,0.05028125
7465,0.05028125
57198,0.05028125
124598,0.05028125
178161,0.05028125
121874,0.05028125
85505,0.05028125
7190,0.05028125
113196,0.05028125
172054,0.05028125
47721,0.05028125
25513,0.05028125
31531,0.05028125
163530,0.05028125
69359,0.05028125
175890,0.05028125
151026,0.05028125
5967,0.05028125
17657,0.05028125
149917,0.05028125
79760,0.05028125
13817,0.05028125
137547,0.05028125
19146,0.05028125
91716,0.05028125
15050,0.05028125
75874,0.05028125
762,0.05028125
23418,0.05028125
167201,0.05028125
101875,0.05028125
28978,0.05028125
116370,0.05028125
171577,0.05028125
104793,0.05028125
64427,0.05028125
29168,0.05028125
147112,0.05028125
161086,0.05028125
19846,0.05028125
21109,0.05028125
136021,0.05028125
20822,0.05028125
60046,0.05028125
46382,0.05028125
188017,0.05028125
112944,0.05028125
128619,0.05028125
185015,0.05028125
172098,0.05028125
175275,0.05028125
103157,0.05028125
132075,0.05028125
91010,0.05028125
26507,0.05028125
187924,0.05028125
103379,0.05028125
162792,0.05028125
114985,0.05028125
75264,0.05028125
50674,0.05028125
119525,0.05028125
131871,0.05028125
191362,0.05028125
198935,0.05028125
111079,0.05028125
82165,0.05028125
77291,0.05028125
40742,0.05028125
10853,0.05028125
29356,0.05028125
26728,0.05028125
166099,0.05028125
72500,0.05028125
82384,0.05028125
179324,0.05028125
89751,0.05028125
183689,0.05028125
137289,0.05028125
91098,0.05028125
90529,0.05028125
91198,0.05028125
122798,0.05028125
124463,0.05028125
15351,0.05028125
117574,0.05028125
10984,0.05028125
28005,0.05028125
72205,0.05028125
77437,0.05028125
17945,0.05028125
88370,0.05028125
159292,0.05028125
165215,0.05028125
18306,0.05028125
176105,0.05028125
105792,0.05028125
147459,0.05028125
171558,0.05028125
139847,0.05028125
131972,0.05028125
192433,0.05028125
22631,0.05028125
4140,0.05028125
79015,0.05028125
23637,0.05028125
191083,0.05028125
151758,0.05028125
150618,0.05028125
142536,0.05028125
143740,0.05028125
94557,0.05028125
35483,0.05028125
25963,0.05028125
45174,0.05028125
104922,0.05028125
157642,0.05028125
166076,0.05028125
183793,0.05028125
159907,0.05028125
141171,0.05028125
148208,0.05028125
51375,0.05028125
138523,0.05028125
81130,0.05028125
76059,0.05028125
104301,0.05028125
54661,0.05028125
100722,0.05028125
87425,0.05028125
67785,0.05028125
14186,0.05028125
131930,0.05028125
90942,0.05028125
61314,0.05028125
168567,0.05028125
97661,0.05028125
99272,0.05028125
67754,0.05028125
132866,0.05028125
3610,0.05028125
44569,0.05028125
89441,0.05028125
39688,0.05028125
146488,0.05028125
179212,0.05028125
89073,0.05028125
197357,0.05028125
144388,0.05028125
23311,0.05028125
139258,0.05028125
170836,0.05028125
176332,0.05028125
118683,0.05028125
81449,0.05028125
115788,0.05028125
47090,0.05028125
13310,0.05028125
55671,0.05028125
23713,0.05028125
172502,0.05028125
8179,0.05028125
74310,0.05028125
174982,0.05028125
3549,0.05028125
86180,0.05028125
82003,0.05028125
14373,0.05028125
126987,0.05028125
47044,0.05028125
48383,0.05028125
28810,0.05028125
74927,0.05028125
14999,0.05028125
63267,0.05028125
156383,0.05028125
140408,0.05028125
34010,0.05028125
2317,0.05028125
66372,0.05028125
145560,0.05028125
180675,0.05028125
26745,0.05028125
2643,0.05028125
149606,0.05028125
128490,0.05028125
82700,0.05028125
13207,0.05028125
180444,0.05028125
177507,0.05028125
116233,0.05028125
129820,0.05028125
164926,0.05028125
79362,0.05028125
182418,0.05028125
170731,0.05028125
51213,0.05028125
144989,0.05028125
43284,0.05028125
33179,0.05028125
94279,0.05028125
61225,0.05028125
141228,0.05028125
197267,0.05028125
17121,0.05028125
95724,0.05028125
87296,0.05028125
158124,0.05028125
24197,0.05028125
99765,0.05028125
66778,0.05028125
68416,0.05028125
45640,0.05028125
109170,0.05028125
128550,0.05028125
151946,0.05028125
104587,0.05028125
162444,0.05028125
101608,0.05028125
26430,0.05028125
2951,0.05028125
5564,0.05028125
198480,0.05028125
147409,0.05028125
185320,0.05028125
94090,0.05028125
103219,0.05028125
104833,0.05028125
164626,0.05028125
4392,0.05028125
117617,0.05028125
27797,0.05028125
14152,0.05028125
127472,0.05028125
167652,0.05028125
83475,0.05028125
87413,0.05028125
64170,0.05028125
82915,0.05028125
180246,0.05028125
56563,0.05028125
186213,0.05028125
25183,0.05028125
162456,0.05028125
115306,0.05028125
7473,0.05028125
122148,0.05028125
150062,0.05028125
157686,0.05028125
55794,0.05028125
83064,0.05028125
145024,0.05028125
156423,0.05028125
180704,0.05028125
10240,0.05028125
14441,0.05028125
144224,0.05028125
12860,0.05028125
115819,0.05028125
183273,0.05028125
103304,0.05028125
92247,0.05028125
6232,0.05028125
27589,0.05028125
125236,0.05028125
110478,0.05028125
54387,0.05028125
148980,0.05028125
150120,0.05028125
26070,0.05028125
189018,0.05028125
53230,0.05028125
162545,0.05028125
143125,0.05028125
137767,0.05028125
53863,0.05028125
113562,0.05028125
195356,0.05028125
97595,0.05028125
131521,0.05028125
124217,0.05028125
20901,0.05028125
57856,0.05028125
68230,0.05028125
191636,0.05028125
103234,0.05028125
131186,0.05028125
21203,0.05028125
119395,0.05028125
68098,0.05028125
57252,0.05028125
133132,0.05028125
84279,0.05028125
115617,0.05028125
161021,0.05028125
63947,0.05028125
156017,0.05028125
68820,0.05028125
127855,0.05028125
188603,0.05028125
190948,0.05028125
106330,0.05028125
90721,0.05028125
65692,0.05028125
103731,0.05028125
49669,0.05028125
191322,0.05028125
22530,0.05028125
139665,0.05028125
7873,0.05028125
187242,0.05028125
179188,0.05028125
8509,0.05028125
47793,0.05028125
32808,0.05028125
55676,0.05028125
145268,0.05028125
176377,0.05028125
104683,0.05028125
40717,0.05028125
181629,0.05028125
142249,0.05028125
151532,0.05028125
163652,0.05028125
46639,0.05028125
62907,0.05028125
189603,0.05028125
104050,0.05028125
186574,0.05028125
175331,0.05028125
96676,0.05028125
143664,0.05028125
171423,0.05028125
108078,0.05028125
33637,0.05028125
69215,0.05028125
52758,0.05028125
51653,0.05028125
159175,0.05028125
114656,0.05028125
13995,0.05028125
76335,0.05028125
63483,0.05028125
189200,0.05028125
142576,0.05028125
176887,0.05028125
116918,0.05028125
2089,0.05028125
191533,0.05028125
15470,0.05028125
93364,0.05028125
178265,0.05028125
32596,0.05028125
199285,0.05028125
109989,0.05028125
139288,0.05028125
99504,0.05028125
19069,0.05028125
111831,0.05028125
161006,0.05028125
49737,0.05028125
109383,0.05028125
50597,0.05028125
59812,0.05028125
145603,0.05028125
38283,0.05028125
105013,0.05028125
155130,0.05028125
117071,0.05028125
4541,0.05028125
163161,0.05028125
193624,0.05028125
140675,0.05028125
189758,0.05028125
163756,0.05028125
141339,0.05028125
164570,0.05028125
27822,0.05028125
157114,0.05028125
194421,0.05028125
84664,0.05028125
74599,0.05028125
136200,0.05028125
159972,0.05028125
108853,0.05028125
68,0.05028125
61537,0.05028125
12381,0.05028125
165185,0.05028125
183215,0.05028125
136954,0.05028125
128320,0.05028125
129288,0.05028125
127091,0.05028125
7529,0.05028125
117406,0.05028125
11691,0.05028125
94876,0.05028125
123425,0.05028125
65459,0.05028125
143404,0.05028125
196978,0.05028125
181603,0.05028125
47134,0.05028125
153280,0.05028125
143811,0.05028125
154741,0.05028125
164227,0.05028125
151834,0.05028125
46900,0.05028125
24595,0.05028125
110508,0.05028125
43373,0.05028125
114343,0.05028125
123476,0.05028125
32386,0.05028125
137832,0.05028125
186861,0.05028125
168089,0.05028125
101577,0.05028125
53532,0.05028125
68343,0.05028125
167715,0.05028125
109532,0.05028125
110677,0.05028125
115885,0.05028125
108136,0.05028125
94145,0.05028125
73846,0.05028125
133773,0.05028125
141497,0.05028125
66883,0.05028125
154998,0.05028125
165161,0.05028125
8396,0.05028125
160757,0.05028125
66360,0.05028125
130312,0.05028125
139264,0.05028125
151850,0.05028125
187545,0.05028125
94182,0.05028125
157585,0.05028125
24134,0.05028125
20550,0.05028125
35234,0.05028125
27362,0.05028125
142702,0.05028125
142219,0.05028125
138145,0.05028125
195608,0.05028125
136447,0.05028125
154617,0.05028125
196065,0.05028125
42593,0.05028125
78232,0.05028125
137435,0.05028125
136169,0.05028125
178217,0.05028125
38704,0.05028125
68957,0.05028125
175570,0.05028125
174163,0.05028125
68545,0.05028125
110219,0.05028125
184179,0.05028125
70718,0.05028125
21761,0.05028125
97923,0.05028125
40651,0.05028125
140823,0.05028125
174335,0.05028125
83059,0.05028125
153904,0.05028125
175864,0.05028125
147390,0.05028125
153980,0.05028125
32265,0.05028125
11337,0.05028125
37290,0.05028125
96015,0.05028125
46207,0.05028125
171071,0.05028125
86813,0.05028125
13803,0.05028125
35372,0.05028125
61454,0.05028125
176782,0.05028125
1132,0.05028125
115100,0.05028125
133032,0.05028125
30193,0.05028125
195088,0.05028125
176669,0.05028125
77647,0.05028125
90475,0.05028125
144791,0.05028125
41338,0.05028125
25284,0.05028125
167525,0.05028125
78223,0.05028125
84626,0.05028125
94024,0.05028125
45558,0.05028125
151745,0.05028125
159456,0.05028125
15022,0.05028125
45853,0.05028125
115906,0.05028125
128669,0.05028125
9023,0.05028125
17405,0.05028125
172612,0.05028125
120159,0.05028125
180979,0.05028125
142323,0.05028125
131326,0.05028125
6796,0.05028125
95151,0.05028125
186890,0.05028125
180572,0.05028125
76580,0.05028125
59435,0.05028125
85546,0.05028125
121475,0.05028125
120122,0.05028125
75804,0.05028125
182318,0.05028125
41374,0.05028125
25159,0.05028125
103368,0.05028125
85869,0.05028125
121345,0.05028125
7061,0.05028125
61434,0.05028125
13993,0.05028125
140766,0.05028125
20057,0.05028125
195531,0.05028125
3417,0.05028125
122077,0.05028125
49869,0.05028125
37999,0.05028125
176501,0.05028125
27355,0.05028125
73076,0.05028125
21327,0.05028125
1617,0.05028125
55190,0.05028125
112034,0.05028125
115362,0.05028125
80193,0.05028125
443,0.05028125
85418,0.05028125
13331,0.05028125
127912,0.05028125
51152,0.05028125
118821,0.05028125
112783,0.05028125
30108,0.05028125
139895,0.05028125
88312,0.05028125
146636,0.05028125
148355,0.05028125
53275,0.05028125
116373,0.05028125
78524,0.05028125
138202,0.05028125
198007,0.05028125
165959,0.05028125
48364,0.05028125
108711,0.05028125
105055,0.05028125
152665,0.05028125
61876,0.05028125
164331,0.05028125
114024,0.05028125
6274,0.05028125
188929,0.05028125
165865,0.05028125
192618,0.05028125
197526,0.05028125
131756,0.05028125
185213,0.05028125
110041,0.05028125
2386,0.05028125
45574,0.05028125
33279,0.05028125
127214,0.05028125
33786,0.05028125
51210,0.05028125
100687,0.05028125
23414,0.05028125
17264,0.05028125
39272,0.05028125
121258,0.05028125
160666,0.05028125
150399,0.05028125
96853,0.05028125
180809,0.05028125
81636,0.05028125
8063,0.05028125
165268,0.05028125
73777,0.05028125
97498,0.05028125
141095,0.05028125
113243,0.05028125
105788,0.05028125
170870,0.05028125
27630,0.05028125
83175,0.05028125
110157,0.05028125
133051,0.05028125
150778,0.05028125
154484,0.05028125
65856,0.05028125
110956,0.05028125
140499,0.05028125
71547,0.05028125
126418,0.05028125
19772,0.05028125
76155,0.05028125
50150,0.05028125
6670,0.05028125
193545,0.05028125
96520,0.05028125
148212,0.05028125
172788,0.05028125
59898,0.05028125
155844,0.05028125
110504,0.05028125
120005,0.05028125
50520,0.05028125
134577,0.05028125
5011,0.05028125
134067,0.05028125
89589,0.05028125
60868,0.05028125
196501,0.05028125
26383,0.05028125
132037,0.05028125
127276,0.05028125
161444,0.05028125
49663,0.05028125
51911,0.05028125
138139,0.05028125
132289,0.05028125
81511,0.05028125
92830,0.05028125
32627,0.05028125
120243,0.05028125
137930,0.05028125
128976,0.05028125
192252,0.05028125
14220,0.05028125
116583,0.05028125
139132,0.05028125
38230,0.05028125
108441,0.05028125
40693,0.05028125
188390,0.05028125
145908,0.05028125
71779,0.05028125
129552,0.05028125
2368,0.05028125
116253,0.05028125
6259,0.05028125
133842,0.05028125
157576,0.05028125
93794,0.05028125
193479,0.05028125
68421,0.05028125
138627,0.05028125
104280,0.05028125
176000,0.05028125
147608,0.05028125
105753,0.05028125
83099,0.05028125
61594,0.05028125
53942,0.05028125
42426,0.05028125
106208,0.05028125
75985,0.05028125
133758,0.05028125
71307,0.05028125
196386,0.05028125
121585,0.05028125
111198,0.05028125
84434,0.05028125
138284,0.05028125
63726,0.05028125
184699,0.05028125
70985,0.05028125
75680,0.05028125
113072,0.05028125
186309,0.05028125
169804,0.05028125
32909,0.05028125
147539,0.05028125
105021,0.05028125
196846,0.05028125
9538,0.05028125
47033,0.05028125
96012,0.05028125
135947,0.05028125
90908,0.05028125
25749,0.05028125
57621,0.05028125
10066,0.05028125
164796,0.05028125
69518,0.05028125
142587,0.05028125
73826,0.05028125
59258,0.05028125
87419,0.05028125
46240,0.05028125
39190,0.05028125
198148,0.05028125
128906,0.05028125
51669,0.05028125
120821,0.05028125
128126,0.05028125
66459,0.05028125
106908,0.05028125
136819,0.05028125
9814,0.05028125
24560,0.05028125
155912,0.05028125
173800,0.05028125
128390,0.05028125
199492,0.05028125
73257,0.05028125
160676,0.05028125
3119,0.05028125
84640,0.05028125
145947,0.05028125
67617,0.05028125
97730,0.05028125
131890,0.05028125
195238,0.05028125
144494,0.05028125
23609,0.05028125
155816,0.05028125
54264,0.05028125
178481,0.05028125
124725,0.05028125
182663,0.05028125
43834,0.05028125
8964,0.05028125
55414,0.05028125
190429,0.05028125
86866,0.05028125
165394,0.05028125
186734,0.05028125
132501,0.05028125
188604,0.05028125
53768,0.05028125
144066,0.05028125
196620,0.05028125
159273,0.05028125
42556,0.05028125
16242,0.05028125
154636,0.05028125
98082,0.05028125
162765,0.05028125
1870,0.05028125
61850,0.05028125
131432,0.05028125
76326,0.05028125
40899,0.05028125
8774,0.05028125
115938,0.05028125
5158,0.05028125
168003,0.05028125
169719,0.05028125
109909,0.05028125
5817,0.05028125
20129,0.05028125
76974,0.05028125
123433,0.05028125
60416,0.05028125
105434,0.05028125
152492,0.05028125
140642,0.05028125
90292,0.05028125
127435,0.05028125
51636,0.05028125
2243,0.05028125
128643,0.05028125
27633,0.05028125
20213,0.05028125
60002,0.05028125
150032,0.05028125
134946,0.05028125
5196,0.05028125
23146,0.05028125
1953,0.05028125
22072,0.05028125
25354,0.05028125
133896,0.05028125
44976,0.05028125
140959,0.05028125
138369,0.05028125
133116,0.05028125
43515,0.05028125
38977,0.05028125
140737,0.05028125
105463,0.05028125
187380,0.05028125
75654,0.05028125
37318,0.05028125
136347,0.05028125
90631,0.05028125
24277,0.05028125
167582,0.05028125
6068,0.05028125
60500,0.05028125
109575,0.05028125
155242,0.05028125
111335,0.05028125
98161,0.05028125
41879,0.05028125
78905,0.05028125
160985,0.05028125
14056,0.05028125
64583,0.05028125
199933,0.05028125
134257,0.05028125
10245,0.05028125
670,0.05028125
173492,0.05028125
193954,0.05028125
5302,0.05028125
16355,0.05028125
106055,0.05028125
69618,0.05028125
184785,0.05028125
800,0.05028125
131250,0.05028125
114636,0.05028125
101029,0.05028125
152570,0.05028125
58841,0.05028125
98844,0.05028125
166040,0.05028125
83835,0.05028125
135814,0.05028125
175710,0.05028125
141734,0.05028125
8373,0.05028125
91374,0.05028125
49682,0.05028125
156822,0.05028125
172,0.05028125
188678,0.05028125
48895,0.05028125
141247,0.05028125
75838,0.05028125
141282,0.05028125
196893,0.05028125
185134,0.05028125
31335,0.05028125
91533,0.05028125
9957,0.05028125
39164,0.05028125
162625,0.05028125
88512,0.05028125
55714,0.05028125
83987,0.05028125
169985,0.05028125
76971,0.05028125
126204,0.05028125
64699,0.05028125
183734,0.05028125
122524,0.05028125
42919,0.05028125
35603,0.05028125
190377,0.05028125
146421,0.05028125
111943,0.05028125
120520,0.05028125
18444,0.05028125
107184,0.05028125
155644,0.05028125
44645,0.05028125
98243,0.05028125
100586,0.05028125
1669,0.05028125
30350,0.05028125
123134,0.05028125
100271,0.05028125
112825,0.05028125
147669,0.05028125
38643,0.05028125
141598,0.05028125
29110,0.05028125
143942,0.05028125
68236,0.05028125
57043,0.05028125
178811,0.05028125
170678,0.05028125
170866,0.05028125
63847,0.05028125
37152,0.05028125
113426,0.05028125
28871,0.05028125
3708,0.05028125
90373,0.05028125
8522,0.05028125
159268,0.05028125
191983,0.05028125
69331,0.05028125
140972,0.05028125
73392,0.05028125
151050,0.05028125
152894,0.05028125
116196,0.05028125
26945,0.05028125
72495,0.05028125
150436,0.05028125
73363,0.05028125
178414,0.05028125
148890,0.05028125
160073,0.05028125
43601,0.05028125
73953,0.05028125
174923,0.05028125
126933,0.05028125
165204,0.05028125
2469,0.05028125
109410,0.05028125
110628,0.05028125
6292,0.05028125
157854,0.05028125
165883,0.05028125
89085,0.05028125
11032,0.05028125
99862,0.05028125
92507,0.05028125
27722,0.05028125
75998,0.05028125
145138,0.05028125
6228,0.05028125
46184,0.05028125
194521,0.05028125
156029,0.05028125
136011,0.05028125
96329,0.05028125
80933,0.05028125
169974,0.05028125
60356,0.05028125
151589,0.05028125
54370,0.05028125
118127,0.05028125
25199,0.05028125
145183,0.05028125
175197,0.05028125
84013,0.05028125
71505,0.05028125
8505,0.05028125
131109,0.05028125
28361,0.05028125
81816,0.05028125
19266,0.05028125
146806,0.05028125
175911,0.05028125
22876,0.05028125
34984,0.05028125
187618,0.05028125
82348,0.05028125
74114,0.05028125
104018,0.05028125
26880,0.05028125
96396,0.05028125
125014,0.05028125
95560,0.05028125
187943,0.05028125
189419,0.05028125
49350,0.05028125
167524,0.05028125
87543,0.05028125
159179,0.05028125
26725,0.05028125
95946,0.05028125
50519,0.05028125
178740,0.05028125
28497,0.05028125
184043,0.05028125
81352,0.05028125
129343,0.05028125
180401,0.05028125
117241,0.05028125
99365,0.05028125
154851,0.05028125
124348,0.05028125
122640,0.05028125
57480,0.05028125
194561,0.05028125
91575,0.05028125
37830,0.05028125
40685,0.05028125
139011,0.05028125
15894,0.05028125
184962,0.05028125
167424,0.05028125
69238,0.05028125
37509,0.05028125
17507,0.05028125
34268,0.05028125
44087,0.05028125
167868,0.05028125
129521,0.05028125
134794,0.05028125
37119,0.05028125
63826,0.05028125
95609,0.05028125
113783,0.05028125
182199,0.05028125
20523,0.05028125
193497,0.05028125
31095,0.05028125
162717,0.05028125
198937,0.05028125
128264,0.05028125
137809,0.05028125
91261,0.05028125
83873,0.05028125
24503,0.05028125
112396,0.05028125
171782,0.05028125
107012,0.05028125
72852,0.05028125
10317,0.05028125
5513,0.05028125
185489,0.05028125
57853,0.05028125
137502,0.05028125
145075,0.05028125
173826,0.05028125
59574,0.05028125
19247,0.05028125
155577,0.05028125
2913,0.05028125
152802,0.05028125
803,0.05028125
114168,0.05028125
147379,0.05028125
15438,0.05028125
114592,0.05028125
125344,0.05028125
28198,0.05028125
171141,0.05028125
40118,0.05028125
109892,0.05028125
173104,0.05028125
28604,0.05028125
143409,0.05028125
5000,0.05028125
39,0.05028125
181473,0.05028125
30021,0.05028125
166472,0.05028125
38013,0.05028125
171879,0.05028125
137773,0.05028125
104529,0.05028125
97399,0.05028125
185350,0.05028125
74560,0.05028125
35541,0.05028125
48999,0.05028125
1180,0.05028125
33461,0.05028125
127548,0.05028125
68336,0.05028125
107105,0.05028125
2212,0.05028125
65270,0.05028125
69778,0.05028125
161941,0.05028125
123538,0.05028125
23246,0.05028125
173317,0.05028125
85925,0.05028125
27942,0.05028125
101999,0.05028125
44969,0.05028125
78530,0.05028125
171353,0.05028125
169199,0.05028125
188563,0.05028125
78929,0.05028125
47732,0.05028125
72106,0.05028125
29130,0.05028125
170357,0.05028125
64975,0.05028125
164627,0.05028125
68868,0.05028125
140948,0.05028125
43435,0.05028125
9239,0.05028125
16304,0.05028125
192734,0.05028125
34625,0.05028125
70580,0.05028125
195112,0.05028125
21000,0.05028125
119908,0.05028125
151170,0.05028125
26355,0.05028125
7500,0.05028125
17352,0.05028125
132005,0.05028125
185694,0.05028125
38644,0.05028125
98846,0.05028125
173066,0.05028125
31246,0.05028125
189262,0.05028125
87500,0.05028125
75834,0.05028125
148829,0.05028125
112064,0.05028125
48647,0.05028125
36387,0.05028125
43756,0.05028125
185057,0.05028125
137931,0.05028125
185941,0.05028125
130550,0.05028125
10216,0.05028125
100261,0.05028125
76109,0.05028125
48256,0.05028125
672,0.05028125
94222,0.05028125
98143,0.05028125
88290,0.05028125
92407,0.05028125
91838,0.05028125
53946,0.05028125
4285,0.05028125
175761,0.05028125
174344,0.05028125
49524,0.05028125
1674,0.05028125
41874,0.05028125
89641,0.05028125
100480,0.05028125
169317,0.05028125
44205,0.05028125
150185,0.05028125
138757,0.05028125
167502,0.05028125
88664,0.05028125
134793,0.05028125
66392,0.05028125
67034,0.05028125
136215,0.05028125
131931,0.05028125
115848,0.05028125
43986,0.05028125
155979,0.05028125
171059,0.05028125
99381,0.05028125
153609,0.05028125
50775,0.05028125
53845,0.05028125
8809,0.05028125
5075,0.05028125
120886,0.05028125
198041,0.05028125
87309,0.05028125
166097,0.05028125
22860,0.05028125
155441,0.05028125
71201,0.05028125
113867,0.05028125
4765,0.05028125
22950,0.05028125
58540,0.05028125
145914,0.05028125
62191,0.05028125
119499,0.05028125
121007,0.05028125
3218,0.05028125
195371,0.05028125
41293,0.05028125
76519,0.05028125
130778,0.05028125
192735,0.05028125
162719,0.05028125
97482,0.05028125
160164,0.05028125
197242,0.05028125
38103,0.05028125
128148,0.05028125
13274,0.05028125
21898,0.05028125
103243,0.05028125
84098,0.05028125
176717,0.05028125
31715,0.05028125
115221,0.05028125
153955,0.05028125
19272,0.05028125
60025,0.05028125
93888,0.05028125
3890,0.05028125
184672,0.05028125
191948,0.05028125
9888,0.05028125
89720,0.05028125
119771,0.05028125
197551,0.05028125
180871,0.05028125
158278,0.05028125
137837,0.05028125
186680,0.05028125
106606,0.05028125
104916,0.05028125
120589,0.05028125
102256,0.05028125
121735,0.05028125
22455,0.05028125
83878,0.05028125
37491,0.05028125
104339,0.05028125
31787,0.05028125
50909,0.05028125
85416,0.05028125
58929,0.05028125
124970,0.05028125
144322,0.05028125
151121,0.05028125
58944,0.05028125
47115,0.05028125
80642,0.05028125
29017,0.05028125
111157,0.05028125
142635,0.05028125
86145,0.05028125
81559,0.05028125
120272,0.05028125
197241,0.05028125
12781,0.05028125
12885,0.05028125
192991,0.05028125
181177,0.05028125
122146,0.05028125
66448,0.05028125
22895,0.05028125
137570,0.05028125
193214,0.05028125
147109,0.05028125
56588,0.05028125
38092,0.05028125
151365,0.05028125
20105,0.05028125
149667,0.05028125
46165,0.05028125
57726,0.05028125
114296,0.05028125
111718,0.05028125
106378,0.05028125
153147,0.05028125
14256,0.05028125
178325,0.05028125
57199,0.05028125
69233,0.05028125
31080,0.05028125
91826,0.05028125
95998,0.05028125
125310,0.05028125
107712,0.05028125
130973,0.05028125
93691,0.05028125
60491,0.05028125
91627,0.05028125
113724,0.05028125
189551,0.05028125
159672,0.05028125
975,0.05028125
164531,0.05028125
27789,0.05028125
28257,0.05028125
169890,0.05028125
185704,0.05028125
342,0.05028125
141851,0.05028125
79907,0.05028125
70295,0.05028125
168434,0.05028125
125880,0.05028125
28773,0.05028125
46243,0.05028125
6233,0.05028125
5232,0.05028125
106534,0.05028125
106183,0.05028125
138828,0.05028125
105147,0.05028125
112027,0.05028125
79393,0.05028125
98121,0.05028125
8815,0.05028125
145840,0.05028125
167833,0.05028125
80214,0.05028125
82646,0.05028125
9323,0.05028125
80528,0.05028125
52230,0.05028125
18070,0.05028125
56838,0.05028125
99236,0.05028125
13148,0.05028125
116950,0.05028125
173153,0.05028125
127622,0.05028125
58273,0.05028125
109153,0.05028125
9017,0.05028125
137063,0.05028125
158363,0.05028125
175598,0.05028125
30178,0.05028125
179251,0.05028125
119997,0.05028125
8791,0.05028125
19110,0.05028125
122755,0.05028125
156784,0.05028125
124975,0.05028125
173297,0.05028125
77094,0.05028125
5568,0.05028125
120087,0.05028125
96323,0.05028125
171325,0.05028125
117557,0.05028125
114848,0.05028125
130261,0.05028125
108409,0.05028125
157975,0.05028125
235,0.05028125
95494,0.05028125
108485,0.05028125
170575,0.05028125
158880,0.05028125
50080,0.05028125
135187,0.05028125
135892,0.05028125
42174,0.05028125
71741,0.05028125
100693,0.05028125
136965,0.05028125
21383,0.05028125
85828,0.05028125
134028,0.05028125
77880,0.05028125
52856,0.05028125
121224,0.05028125
191009,0.05028125
162758,0.05028125
157970,0.05028125
120418,0.05028125
87867,0.05028125
83521,0.05028125
110844,0.05028125
114045,0.05028125
106730,0.05028125
179855,0.05028125
108543,0.05028125
31825,0.05028125
37710,0.05028125
156379,0.05028125
13187,0.05028125
199396,0.05028125
80543,0.05028125
18379,0.05028125
103584,0.05028125
78251,0.05028125
97861,0.05028125
171326,0.05028125
76719,0.05028125
67781,0.05028125
182688,0.05028125
126608,0.05028125
188012,0.05028125
14562,0.05028125
178793,0.05028125
38785,0.05028125
13429,0.05028125
38545,0.05028125
29436,0.05028125
70396,0.05028125
98591,0.05028125
25074,0.05028125
11784,0.05028125
118658,0.05028125
179105,0.05028125
149557,0.05028125
198826,0.05028125
9045,0.05028125
130103,0.05028125
186344,0.05028125
116794,0.05028125
66936,0.05028125
172234,0.05028125
17180,0.05028125
178175,0.05028125
175983,0.05028125
140036,0.05028125
40510,0.05028125
40864,0.05028125
56276,0.05028125
43451,0.05028125
57375,0.05028125
106101,0.05028125
20385,0.05028125
83766,0.05028125
28575,0.05028125
60241,0.05028125
175388,0.05028125
113929,0.05028125
167605,0.05028125
196725,0.05028125
69869,0.05028125
17107,0.05028125
55075,0.05028125
74607,0.05028125
132923,0.05028125
50997,0.05028125
85223,0.05028125
162763,0.05028125
21519,0.05028125
160547,0.05028125
29929,0.05028125
73921,0.05028125
175700,0.05028125
164944,0.05028125
45906,0.05028125
66754,0.05028125
194579,0.05028125
109513,0.05028125
24440,0.05028125
181875,0.05028125
88562,0.05028125
153835,0.05028125
94909,0.05028125
68242,0.05028125
109443,0.05028125
49266,0.05028125
148761,0.05028125
63500,0.05028125
109694,0.05028125
199297,0.05028125
36191,0.05028125
122036,0.05028125
56614,0.05028125
150066,0.05028125
41895,0.05028125
174847,0.05028125
19142,0.05028125
99616,0.05028125
159161,0.05028125
61158,0.05028125
164798,0.05028125
72472,0.05028125
101736,0.05028125
92792,0.05028125
103201,0.05028125
108027,0.05028125
183612,0.05028125
129599,0.05028125
39649,0.05028125
99359,0.05028125
39280,0.05028125
44600,0.05028125
67999,0.05028125
47670,0.05028125
60047,0.05028125
3676,0.05028125
50246,0.05028125
76717,0.05028125
4324,0.05028125
33627,0.05028125
43011,0.05028125
114240,0.05028125
53643,0.05028125
31840,0.05028125
198383,0.05028125
117078,0.05028125
12199,0.05028125
48591,0.05028125
5113,0.05028125
83401,0.05028125
48087,0.05028125
180741,0.05028125
28534,0.05028125
28988,0.05028125
160076,0.05028125
138326,0.05028125
3730,0.05028125
125449,0.05028125
122235,0.05028125
59501,0.05028125
17970,0.05028125
119956,0.05028125
188438,0.05028125
167441,0.05028125
90410,0.05028125
71400,0.05028125
139757,0.05028125
123965,0.05028125
156511,0.05028125
124388,0.05028125
191884,0.05028125
55807,0.05028125
27420,0.05028125
150367,0.05028125
84503,0.05028125
148814,0.05028125
150317,0.05028125
39885,0.05028125
128249,0.05028125
146945,0.05028125
65033,0.05028125
15016,0.05028125
111192,0.05028125
76898,0.05028125
176863,0.05028125
85281,0.05028125
88139,0.05028125
165971,0.05028125
197127,0.05028125
37268,0.05028125
41203,0.05028125
29898,0.05028125
94442,0.05028125
160232,0.05028125
173278,0.05028125
38916,0.05028125
103428,0.05028125
86268,0.05028125
102161,0.05028125
77191,0.05028125
191013,0.05028125
5445,0.05028125
152245,0.05028125
52040,0.05028125
198417,0.05028125
36912,0.05028125
19037,0.05028125
158681,0.05028125
161127,0.05028125
162232,0.05028125
183035,0.05028125
172457,0.05028125
78148,0.05028125
150825,0.05028125
127273,0.05028125
27582,0.05028125
107385,0.05028125
12149,0.05028125
184650,0.05028125
155958,0.05028125
167881,0.05028125
72959,0.05028125
115724,0.05028125
137781,0.05028125
39051,0.05028125
70722,0.05028125
172937,0.05028125
64006,0.05028125
32666,0.05028125
165663,0.05028125
158684,0.05028125
175689,0.05028125
170105,0.05028125
57893,0.05028125
84595,0.05028125
143797,0.05028125
75420,0.05028125
19894,0.05028125
38077,0.05028125
54734,0.05028125
69081,0.05028125
149365,0.05028125
108633,0.05028125
190596,0.05028125
51315,0.05028125
10931,0.05028125
92245,0.05028125
139584,0.05028125
195299,0.05028125
65409,0.05028125
10743,0.05028125
173039,0.05028125
179665,0.05028125
188916,0.05028125
143160,0.05028125
114396,0.05028125
39431,0.05028125
141070,0.05028125
2527,0.05028125
25876,0.05028125
182772,0.05028125
155310,0.05028125
17367,0.05028125
67728,0.05028125
161462,0.05028125
82090,0.05028125
184696,0.05028125
146690,0.05028125
108783,0.05028125
91923,0.05028125
166406,0.05028125
161988,0.05028125
49756,0.05028125
161964,0.05028125
24465,0.05028125
54520,0.05028125
175310,0.05028125
144774,0.05028125
188559,0.05028125
137816,0.05028125
45031,0.05028125
15836,0.05028125
155703,0.05028125
46583,0.05028125
61771,0.05028125
3065,0.05028125
43889,0.05028125
66738,0.05028125
37081,0.05028125
130856,0.05028125
118532,0.05028125
88859,0.05028125
9524,0.05028125
76887,0.05028125
97940,0.05028125
136729,0.05028125
133260,0.05028125
146283,0.05028125
18801,0.05028125
192888,0.05028125
107906,0.05028125
145393,0.05028125
13778,0.05028125
150873,0.05028125
70541,0.05028125
178103,0.05028125
10784,0.05028125
198033,0.05028125
98608,0.05028125
161997,0.05028125
4951,0.05028125
57046,0.05028125
181908,0.05028125
37753,0.05028125
52432,0.05028125
126694,0.05028125
102084,0.05028125
116236,0.05028125
100435,0.05028125
184668,0.05028125
149550,0.05028125
158793,0.05028125
110308,0.05028125
125148,0.05028125
64704,0.05028125
63189,0.05028125
47265,0.05028125
24229,0.05028125
181369,0.05028125
100253,0.05028125
60008,0.05028125
178422,0.05028125
164673,0.05028125
104195,0.05028125
195705,0.05028125
130335,0.05028125
135163,0.05028125
22702,0.05028125
97047,0.05028125
86135,0.05028125
113499,0.05028125
182953,0.05028125
4396,0.05028125
187203,0.05028125
22885,0.05028125
184981,0.05028125
106412,0.05028125
119073,0.05028125
143411,0.05028125
47276,0.05028125
91856,0.05028125
89608,0.05028125
117868,0.05028125
129354,0.05028125
146341,0.05028125
19360,0.05028125
160843,0.05028125
106722,0.05028125
140185,0.05028125
193670,0.05028125
6146,0.05028125
113272,0.05028125
110775,0.05028125
6583,0.05028125
114159,0.05028125
196196,0.05028125
76560,0.05028125
123866,0.05028125
195693,0.05028125
27419,0.05028125
28389,0.05028125
191573,0.05028125
72421,0.05028125
116670,0.05028125
155364,0.05028125
111858,0.05028125
123100,0.05028125
26458,0.05028125
23749,0.05028125
71413,0.05028125
191850,0.05028125
36645,0.05028125
1041,0.05028125
127042,0.05028125
3839,0.05028125
157329,0.05028125
75580,0.05028125
30219,0.05028125
179438,0.05028125
164797,0.05028125
20701,0.05028125
32399,0.05028125
24615,0.05028125
20160,0.05028125
34230,0.05028125
69355,0.05028125
171851,0.05028125
131289,0.05028125
31300,0.05028125
171501,0.05028125
126416,0.05028125
61993,0.05028125
95733,0.05028125
146124,0.05028125
141693,0.05028125
55936,0.05028125
64467,0.05028125
181630,0.05028125
76653,0.05028125
29566,0.05028125
105892,0.05028125
38998,0.05028125
195099,0.05028125
47144,0.05028125
109470,0.05028125
31527,0.05028125
188802,0.05028125
58033,0.05028125
29157,0.05028125
23339,0.05028125
148237,0.05028125
40072,0.05028125
22494,0.05028125
189666,0.05028125
23655,0.05028125
166799,0.05028125
134114,0.05028125
163781,0.05028125
164586,0.05028125
21528,0.05028125
75003,0.05028125
23077,0.05028125
101001,0.05028125
191760,0.05028125
72272,0.05028125
172957,0.05028125
8819,0.05028125
25467,0.05028125
128413,0.05028125
29825,0.05028125
103198,0.05028125
178933,0.05028125
132908,0.05028125
126700,0.05028125
82408,0.05028125
121859,0.05028125
111271,0.05028125
157942,0.05028125
26863,0.05028125
83922,0.05028125
66427,0.05028125
53890,0.05028125
8958,0.05028125
29877,0.05028125
164953,0.05028125
153692,0.05028125
147664,0.05028125
104601,0.05028125
155802,0.05028125
136453,0.05028125
21411,0.05028125
22970,0.05028125
83383,0.05028125
20339,0.05028125
129754,0.05028125
39912,0.05028125
77408,0.05028125
94423,0.05028125
9278,0.05028125
160342,0.05028125
54297,0.05028125
132686,0.05028125
99662,0.05028125
6810,0.05028125
127756,0.05028125
165522,0.05028125
51016,0.05028125
98833,0.05028125
78749,0.05028125
163719,0.05028125
143472,0.05028125
144160,0.05028125
198279,0.05028125
197082,0.05028125
6430,0.05028125
21656,0.05028125
132583,0.05028125
122335,0.05028125
51206,0.05028125
136424,0.05028125
107723,0.05028125
96141,0.05028125
134729,0.05028125
160553,0.05028125
8045,0.05028125
32621,0.05028125
50877,0.05028125
156776,0.05028125
193891,0.05028125
116321,0.05028125
137088,0.05028125
166155,0.05028125
84654,0.05028125
133709,0.05028125
139882,0.05028125
11423,0.05028125
133942,0.05028125
132049,0.05028125
30209,0.05028125
75086,0.05028125
130692,0.05028125
30210,0.05028125
27347,0.05028125
4227,0.05028125
19977,0.05028125
172376,0.05028125
136983,0.05028125
61906,0.05028125
79965,0.05028125
76399,0.05028125
24381,0.05028125
68149,0.05028125
179018,0.05028125
94050,0.05028125
173730,0.05028125
198973,0.05028125
83504,0.05028125
15202,0.05028125
138083,0.05028125
68037,0.05028125
88627,0.05028125
26238,0.05028125
168964,0.05028125
51946,0.05028125
11702,0.05028125
171078,0.05028125
49783,0.05028125
67727,0.05028125
61516,0.05028125
81977,0.05028125
67637,0.05028125
112710,0.05028125
126426,0.05028125
159084,0.05028125
71872,0.05028125
119834,0.05028125
46118,0.05028125
153789,0.05028125
121484,0.05028125
167315,0.05028125
126098,0.05028125
123166,0.05028125
6357,0.05028125
17870,0.05028125
23325,0.05028125
66604,0.05028125
170352,0.05028125
63410,0.05028125
7908,0.05028125
164378,0.05028125
107564,0.05028125
136572,0.05028125
85026,0.05028125
173658,0.05028125
48826,0.05028125
33933,0.05028125
192271,0.05028125
102736,0.05028125
93745,0.05028125
38837,0.05028125
132917,0.05028125
141263,0.05028125
87796,0.05028125
28319,0.05028125
108215,0.05028125
33462,0.05028125
191770,0.05028125
116106,0.05028125
100359,0.05028125
119119,0.05028125
45537,0.05028125
144329,0.05028125
107789,0.05028125
174842,0.05028125
72070,0.05028125
169314,0.05028125
41305,0.05028125
63277,0.05028125
75471,0.05028125
152463,0.05028125
47856,0.05028125
147270,0.05028125
129065,0.05028125
100142,0.05028125
41208,0.05028125
80335,0.05028125
62839,0.05028125
120133,0.05028125
156768,0.05028125
139306,0.05028125
179725,0.05028125
173033,0.05028125
513,0.05028125
41440,0.05028125
101321,0.05028125
157160,0.05028125
62902,0.05028125
61969,0.05028125
26736,0.05028125
5802,0.05028125
134393,0.05028125
61213,0.05028125
71894,0.05028125
28378,0.05028125
5326,0.05028125
58425,0.05028125
3385,0.05028125
61773,0.05028125
162163,0.05028125
7347,0.05028125
13555,0.05028125
191495,0.05028125
18396,0.05028125
69052,0.05028125
125623,0.05028125
12734,0.05028125
162446,0.05028125
21687,0.05028125
147631,0.05028125
157178,0.05028125
16042,0.05028125
189511,0.05028125
100243,0.05028125
11243,0.05028125
120726,0.05028125
135175,0.05028125
149960,0.05028125
180108,0.05028125
40987,0.05028125
196759,0.05028125
107507,0.05028125
132989,0.05028125
166840,0.05028125
150177,0.05028125
142850,0.05028125
74429,0.05028125
82466,0.05028125
142376,0.05028125
171205,0.05028125
1003,0.05028125
198054,0.05028125
40986,0.05028125
176425,0.05028125
36930,0.05028125
35709,0.05028125
144728,0.05028125
11650,0.05028125
4991,0.05028125
46723,0.05028125
81809,0.05028125
34511,0.05028125
134120,0.05028125
198489,0.05028125
162321,0.05028125
192432,0.05028125
177068,0.05028125
6674,0.05028125
199332,0.05028125
45392,0.05028125
53395,0.05028125
132437,0.05028125
8495,0.05028125
17009,0.05028125
42246,0.05028125
172431,0.05028125
123514,0.05028125
38797,0.05028125
123457,0.05028125
135466,0.05028125
68430,0.05028125
120478,0.05028125
103948,0.05028125
152542,0.05028125
76279,0.05028125
126019,0.05028125
24455,0.05028125
160690,0.05028125
160693,0.05028125
128650,0.05028125
152850,0.05028125
7941,0.05028125
145080,0.05028125
199248,0.05028125
165802,0.05028125
161255,0.05028125
37243,0.05028125
85040,0.05028125
67026,0.05028125
106957,0.05028125
96031,0.05028125
87187,0.05028125
180057,0.05028125
194193,0.05028125
87789,0.05028125
161418,0.05028125
9708,0.05028125
140175,0.05028125
118977,0.05028125
171635,0.05028125
138996,0.05028125
30096,0.05028125
658,0.05028125
68822,0.05028125
168170,0.05028125
54513,0.05028125
107188,0.05028125
45498,0.05028125
140548,0.05028125
126189,0.05028125
88826,0.05028125
107419,0.05028125
181050,0.05028125
51836,0.05028125
75015,0.05028125
198554,0.05028125
48785,0.05028125
190650,0.05028125
110088,0.05028125
83579,0.05028125
144234,0.05028125
42321,0.05028125
61435,0.05028125
41112,0.05028125
150787,0.05028125
130351,0.05028125
50232,0.05028125
110129,0.05028125
139045,0.05028125
94843,0.05028125
6389,0.05028125
90233,0.05028125
85737,0.05028125
53040,0.05028125
3643,0.05028125
178549,0.05028125
160528,0.05028125
178813,0.05028125
15061,0.05028125
197601,0.05028125
196109,0.05028125
122340,0.05028125
120153,0.05028125
165882,0.05028125
1736,0.05028125
29266,0.05028125
120143,0.05028125
104340,0.05028125
98960,0.05028125
33912,0.05028125
160280,0.05028125
168208,0.05028125
5666,0.05028125
146254,0.05028125
69205,0.05028125
144410,0.05028125
177568,0.05028125
29149,0.05028125
132417,0.05028125
54376,0.05028125
84921,0.05028125
13210,0.05028125
154983,0.05028125
36319,0.05028125
3121,0.05028125
139902,0.05028125
52149,0.05028125
139651,0.05028125
3310,0.05028125
165759,0.05028125
177737,0.05028125
10602,0.05028125
186836,0.05028125
143376,0.05028125
197930,0.05028125
119053,0.05028125
107879,0.05028125
169882,0.05028125
67758,0.05028125
185037,0.05028125
165001,0.05028125
124756,0.05028125
135636,0.05028125
133314,0.05028125
127112,0.05028125
78086,0.05028125
198829,0.05028125
122032,0.05028125
85246,0.05028125
121242,0.05028125
67105,0.05028125
170174,0.05028125
91003,0.05028125
141833,0.05028125
186153,0.05028125
30906,0.05028125
173770,0.05028125
12232,0.05028125
106134,0.05028125
153498,0.05028125
124314,0.05028125
75800,0.05028125
168256,0.05028125
90438,0.05028125
11474,0.05028125
107767,0.05028125
37220,0.05028125
83466,0.05028125
73435,0.05028125
27515,0.05028125
2484,0.05028125
192822,0.05028125
39942,0.05028125
19749,0.05028125
100057,0.05028125
83675,0.05028125
35312,0.05028125
182177,0.05028125
10967,0.05028125
16265,0.05028125
109467,0.05028125
15391,0.05028125
183872,0.05028125
193020,0.05028125
85331,0.05028125
7937,0.05028125
77775,0.05028125
61510,0.05028125
67445,0.05028125
84837,0.05028125
60544,0.05028125
145277,0.05028125
175460,0.05028125
6212,0.05028125
30039,0.05028125
3134,0.05028125
182441,0.05028125
27350,0.05028125
152606,0.05028125
76564,0.05028125
176678,0.05028125
43013,0.05028125
102183,0.05028125
59241,0.05028125
151981,0.05028125
190073,0.05028125
107618,0.05028125
78997,0.05028125
4084,0.05028125
812,0.05028125
193357,0.05028125
119443,0.05028125
190914,0.05028125
23252,0.05028125
114622,0.05028125
142728,0.05028125
164013,0.05028125
190713,0.05028125
121034,0.05028125
36124,0.05028125
11403,0.05028125
162365,0.05028125
9402,0.05028125
59221,0.05028125
168927,0.05028125
16064,0.05028125
84275,0.05028125
136627,0.05028125
157247,0.05028125
72596,0.05028125
109199,0.05028125
41311,0.05028125
179353,0.05028125
59197,0.05028125
52801,0.05028125
168984,0.05028125
119251,0.05028125
85749,0.05028125
132232,0.05028125
11059,0.05028125
191917,0.05028125
103794,0.05028125
153852,0.05028125
4977,0.05028125
100155,0.05028125
106819,0.05028125
13700,0.05028125
48560,0.05028125
149811,0.05028125
156067,0.05028125
173534,0.05028125
161226,0.05028125
42940,0.05028125
73892,0.05028125
92400,0.05028125
71056,0.05028125
160114,0.05028125
53995,0.05028125
147564,0.05028125
192868,0.05028125
65731,0.05028125
193634,0.05028125
109814,0.05028125
130432,0.05028125
60257,0.05028125
95351,0.05028125
154989,0.05028125
66666,0.05028125
160334,0.05028125
33727,0.05028125
150204,0.05028125
57061,0.05028125
95669,0.05028125
140900,0.05028125
38563,0.05028125
179272,0.05028125
174290,0.05028125
95429,0.05028125
19593,0.05028125
99946,0.05028125
143405,0.05028125
54786,0.05028125
42565,0.05028125
136619,0.05028125
68185,0.05028125
170415,0.05028125
8714,0.05028125
67530,0.05028125
177731,0.05028125
71079,0.05028125
23066,0.05028125
165921,0.05028125
77325,0.05028125
138758,0.05028125
88353,0.05028125
16175,0.05028125
16480,0.05028125
191719,0.05028125
152556,0.05028125
180086,0.05028125
132111,0.05028125
35932,0.05028125
13890,0.05028125
163591,0.05028125
13163,0.05028125
179894,0.05028125
78567,0.05028125
184391,0.05028125
165659,0.05028125
17482,0.05028125
120302,0.05028125
33202,0.05028125
159098,0.05028125
149759,0.05028125
176711,0.05028125
87455,0.05028125
89188,0.05028125
123093,0.05028125
31652,0.05028125
57053,0.05028125
104959,0.05028125
118820,0.05028125
42750,0.05028125
27284,0.05028125
109314,0.05028125
199595,0.05028125
199852,0.05028125
90062,0.05028125
115518,0.05028125
163752,0.05028125
169952,0.05028125
32209,0.05028125
162606,0.05028125
148635,0.05028125
107569,0.05028125
20130,0.05028125
165568,0.05028125
190519,0.05028125
104347,0.05028125
35355,0.05028125
55063,0.05028125
101108,0.05028125
4724,0.05028125
129164,0.05028125
194360,0.05028125
67351,0.05028125
164468,0.05028125
31939,0.05028125
181873,0.05028125
125757,0.05028125
10284,0.05028125
130868,0.05028125
78171,0.05028125
182168,0.05028125
137220,0.05028125
162328,0.05028125
192385,0.05028125
97088,0.05028125
190154,0.05028125
34688,0.05028125
43746,0.05028125
119037,0.05028125
33246,0.05028125
149284,0.05028125
33251,0.05028125
16776,0.05028125
9184,0.05028125
63542,0.05028125
184339,0.05028125
71756,0.05028125
26314,0.05028125
138571,0.05028125
156715,0.05028125
180580,0.05028125
88938,0.05028125
123974,0.05028125
181861,0.05028125
152684,0.05028125
98036,0.05028125
6338,0.05028125
115597,0.05028125
55070,0.05028125
127291,0.05028125
49512,0.05028125
146095,0.05028125
98462,0.05028125
196630,0.05028125
130041,0.05028125
144235,0.05028125
88211,0.05028125
27028,0.05028125
88912,0.05028125
163046,0.05028125
195876,0.05028125
166393,0.05028125
31927,0.05028125
18650,0.05028125
15384,0.05028125
126318,0.05028125
95683,0.05028125
170230,0.05028125
119966,0.05028125
99769,0.05028125
198508,0.05028125
40142,0.05028125
169104,0.05028125
104736,0.05028125
43123,0.05028125
97053,0.05028125
152306,0.05028125
7429,0.05028125
71314,0.05028125
157855,0.05028125
93388,0.05028125
169521,0.05028125
27949,0.05028125
17703,0.05028125
146328,0.05028125
6391,0.05028125
1210,0.05028125
3444,0.05028125
181232,0.05028125
98246,0.05028125
73042,0.05028125
59387,0.05028125
107554,0.05028125
189793,0.05028125
142550,0.05028125
188619,0.05028125
88645,0.05028125
37320,0.05028125
136191,0.05028125
158274,0.05028125
156143,0.05028125
109546,0.05028125
154364,0.05028125
24487,0.05028125
166841,0.05028125
106918,0.05028125
44751,0.05028125
6123,0.05028125
154020,0.05028125
109063,0.05028125
100193,0.05028125
165635,0.05028125
34642,0.05028125
147189,0.05028125
122114,0.05028125
124495,0.05028125
97476,0.05028125
185140,0.05028125
45845,0.05028125
55762,0.05028125
57097,0.05028125
112743,0.05028125
86797,0.05028125
71405,0.05028125
71898,0.05028125
174169,0.05028125
128579,0.05028125
10942,0.05028125
2478,0.05028125
148065,0.05028125
183224,0.05028125
22030,0.05028125
108635,0.05028125
131265,0.05028125
86430,0.05028125
132356,0.05028125
29492,0.05028125
78051,0.05028125
154572,0.05028125
70412,0.05028125
157759,0.05028125
70513,0.05028125
39925,0.05028125
148853,0.05028125
43366,0.05028125
171597,0.05028125
43991,0.05028125
184490,0.05028125
90229,0.05028125
47915,0.05028125
165401,0.05028125
138667,0.05028125
160546,0.05028125
60902,0.05028125
197032,0.05028125
110616,0.05028125
139580,0.05028125
115233,0.05028125
52189,0.05028125
193747,0.05028125
119070,0.05028125
53404,0.05028125
20848,0.05028125
60117,0.05028125
171291,0.05028125
148397,0.05028125
51141,0.05028125
132359,0.05028125
154233,0.05028125
49068,0.05028125
160299,0.05028125
160749,0.05028125
52491,0.05028125
50260,0.05028125
192783,0.05028125
43346,0.05028125
43230,0.05028125
148302,0.05028125
6313,0.05028125
183164,0.05028125
143335,0.05028125
150658,0.05028125
41684,0.05028125
76644,0.05028125
257,0.05028125
75832,0.05028125
148667,0.05028125
152741,0.05028125
112417,0.05028125
48718,0.05028125
158672,0.05028125
63207,0.05028125
199955,0.05028125
138558,0.05028125
63874,0.05028125
180961,0.05028125
10893,0.05028125
8041,0.05028125
185974,0.05028125
11671,0.05028125
94633,0.05028125
62795,0.05028125
79173,0.05028125
160630,0.05028125
100069,0.05028125
194324,0.05028125
5032,0.05028125
155126,0.05028125
147216,0.05028125
31839,0.05028125
10043,0.05028125
177352,0.05028125
65502,0.05028125
106731,0.05028125
153816,0.05028125
17902,0.05028125
14834,0.05028125
106514,0.05028125
171221,0.05028125
88932,0.05028125
15856,0.05028125
80834,0.05028125
95629,0.05028125
178964,0.05028125
123554,0.05028125
188926,0.05028125
48668,0.05028125
43504,0.05028125
41565,0.05028125
135616,0.05028125
143434,0.05028125
119735,0.05028125
162533,0.05028125
57778,0.05028125
197473,0.05028125
73136,0.05028125
29958,0.05028125
149283,0.05028125
79017,0.05028125
152708,0.05028125
127432,0.05028125
99674,0.05028125
136644,0.05028125
11480,0.05028125
171116,0.05028125
106293,0.05028125
189247,0.05028125
78643,0.05028125
176784,0.05028125
10087,0.05028125
120637,0.05028125
116427,0.05028125
92327,0.05028125
50541,0.05028125
49805,0.05028125
114509,0.05028125
110020,0.05028125
89804,0.05028125
68160,0.05028125
172537,0.05028125
139671,0.05028125
14596,0.05028125
74972,0.05028125
15681,0.05028125
80255,0.05028125
81226,0.05028125
82900,0.05028125
71423,0.05028125
143090,0.05028125
156727,0.05028125
48094,0.05028125
10616,0.05028125
81406,0.05028125
196783,0.05028125
37797,0.05028125
45451,0.05028125
146140,0.05028125
84128,0.05028125
62183,0.05028125
27400,0.05028125
194337,0.05028125
41349,0.05028125
192751,0.05028125
25265,0.05028125
44899,0.05028125
12627,0.05028125
19628,0.05028125
1035,0.05028125
100917,0.05028125
96564,0.05028125
113770,0.05028125
61449,0.05028125
111296,0.05028125
2096,0.05028125
99583,0.05028125
42377,0.05028125
190066,0.05028125
160356,0.05028125
96232,0.05028125
14244,0.05028125
4363,0.05028125
183330,0.05028125
34279,0.05028125
68114,0.05028125
34297,0.05028125
55140,0.05028125
85400,0.05028125
172370,0.05028125
101744,0.05028125
130430,0.05028125
55180,0.05028125
143599,0.05028125
53159,0.05028125
152402,0.05028125
46578,0.05028125
10408,0.05028125
121365,0.05028125
195278,0.05028125
17655,0.05028125
91051,0.05028125
87741,0.05028125
109316,0.05028125
137254,0.05028125
25151,0.05028125
10533,0.05028125
61831,0.05028125
19714,0.05028125
144717,0.05028125
91219,0.05028125
55012,0.05028125
163493,0.05028125
13607,0.05028125
90427,0.05028125
87496,0.05028125
25939,0.05028125
108822,0.05028125
72249,0.05028125
35562,0.05028125
188571,0.05028125
125793,0.05028125
151384,0.05028125
21218,0.05028125
51878,0.05028125
180152,0.05028125
3455,0.05028125
158823,0.05028125
45586,0.05028125
160869,0.05028125
113761,0.05028125
104648,0.05028125
9187,0.05028125
21572,0.05028125
158770,0.05028125
133457,0.05028125
155932,0.05028125
154956,0.05028125
53134,0.05028125
196366,0.05028125
51770,0.05028125
43943,0.05028125
106024,0.05028125
118266,0.05028125
77585,0.05028125
2877,0.05028125
102402,0.05028125
39019,0.05028125
177881,0.05028125
59023,0.05028125
158987,0.05028125
72838,0.05028125
69887,0.05028125
87404,0.05028125
11818,0.05028125
158707,0.05028125
35305,0.05028125
133265,0.05028125
40067,0.05028125
103383,0.05028125
26683,0.05028125
148192,0.05028125
52697,0.05028125
169639,0.05028125
101120,0.05028125
103110,0.05028125
67964,0.05028125
32112,0.05028125
8387,0.05028125
132867,0.05028125
44248,0.05028125
159454,0.05028125
173412,0.05028125
171070,0.05028125
84160,0.05028125
43186,0.05028125
34520,0.05028125
64881,0.05028125
120869,0.05028125
146441,0.05028125
46212,0.05028125
97487,0.05028125
121508,0.05028125
194181,0.05028125
107211,0.05028125
63556,0.05028125
111844,0.05028125
123808,0.05028125
7198,0.05028125
132393,0.05028125
95950,0.05028125
163168,0.05028125
100600,0.05028125
125685,0.05028125
136904,0.05028125
97046,0.05028125
96916,0.05028125
171150,0.05028125
132327,0.05028125
86053,0.05028125
56174,0.05028125
160268,0.05028125
20604,0.05028125
185419,0.05028125
85452,0.05028125
34169,0.05028125
163193,0.05028125
7797,0.05028125
44029,0.05028125
144167,0.05028125
56110,0.05028125
32520,0.05028125
146481,0.05028125
147597,0.05028125
28793,0.05028125
98658,0.05028125
143027,0.05028125
122217,0.05028125
171668,0.05028125
133983,0.05028125
164429,0.05028125
160770,0.05028125
61820,0.05028125
80037,0.05028125
164560,0.05028125
75668,0.05028125
36744,0.05028125
20028,0.05028125
50130,0.05028125
105661,0.05028125
78511,0.05028125
25477,0.05028125
54947,0.05028125
128162,0.05028125
107406,0.05028125
187347,0.05028125
31982,0.05028125
107505,0.05028125
147766,0.05028125
7188,0.05028125
129727,0.05028125
186374,0.05028125
64541,0.05028125
38273,0.05028125
106678,0.05028125
85364,0.05028125
127846,0.05028125
125232,0.05028125
21511,0.05028125
147824,0.05028125
144214,0.05028125
184054,0.05028125
59831,0.05028125
163335,0.05028125
171983,0.05028125
790,0.05028125
44000,0.05028125
156518,0.05028125
33634,0.05028125
120294,0.05028125
176846,0.05028125
31827,0.05028125
19823,0.05028125
112995,0.05028125
127924,0.05028125
35532,0.05028125
91039,0.05028125
150856,0.05028125
175147,0.05028125
23618,0.05028125
3562,0.05028125
194807,0.05028125
37155,0.05028125
27102,0.05028125
80443,0.05028125
25247,0.05028125
106511,0.05028125
130768,0.05028125
75298,0.05028125
145198,0.05028125
101309,0.05028125
114625,0.05028125
2806,0.05028125
168644,0.05028125
129158,0.05028125
126684,0.05028125
99682,0.05028125
40351,0.05028125
86753,0.05028125
26574,0.05028125
10580,0.05028125
18467,0.05028125
180186,0.05028125
174030,0.05028125
81724,0.05028125
29631,0.05028125
59121,0.05028125
138610,0.05028125
32069,0.05028125
10923,0.05028125
105375,0.05028125
79623,0.05028125
24132,0.05028125
78396,0.05028125
50133,0.05028125
96957,0.05028125
84747,0.05028125
108419,0.05028125
191628,0.05028125
58279,0.05028125
70663,0.05028125
107925,0.05028125
197079,0.05028125
86603,0.05028125
157788,0.05028125
166559,0.05028125
18120,0.05028125
124761,0.05028125
193301,0.05028125
124676,0.05028125
50379,0.05028125
187030,0.05028125
123278,0.05028125
16476,0.05028125
181812,0.05028125
94306,0.05028125
184673,0.05028125
90421,0.05028125
173602,0.05028125
144367,0.05028125
119236,0.05028125
94142,0.05028125
124225,0.05028125
143573,0.05028125
108066,0.05028125
179235,0.05028125
31198,0.05028125
21307,0.05028125
51094,0.05028125
145744,0.05028125
152122,0.05028125
134831,0.05028125
26121,0.05028125
182533,0.05028125
6468,0.05028125
67542,0.05028125
54434,0.05028125
122749,0.05028125
111591,0.05028125
135664,0.05028125
117224,0.05028125
53622,0.05028125
117728,0.05028125
8846,0.05028125
92981,0.05028125
150098,0.05028125
159823,0.05028125
58710,0.05028125
19355,0.05028125
172448,0.05028125
170073,0.05028125
147012,0.05028125
140294,0.05028125
154946,0.05028125
56423,0.05028125
68591,0.05028125
76186,0.05028125
75256,0.05028125
130532,0.05028125
38795,0.05028125
199491,0.05028125
4755,0.05028125
146242,0.05028125
118543,0.05028125
42146,0.05028125
19963,0.05028125
124893,0.05028125
36745,0.05028125
138116,0.05028125
159104,0.05028125
121353,0.05028125
178268,0.05028125
61782,0.05028125
176284,0.05028125
1342,0.05028125
73641,0.05028125
88019,0.05028125
48853,0.05028125
124288,0.05028125
8554,0.05028125
113461,0.05028125
61777,0.05028125
171972,0.05028125
28183,0.05028125
113232,0.05028125
4246,0.05028125
130506,0.05028125
76480,0.05028125
135789,0.05028125
525,0.05028125
38989,0.05028125
100645,0.05028125
42365,0.05028125
111892,0.05028125
165014,0.05028125
32894,0.05028125
10987,0.05028125
52245,0.05028125
80131,0.05028125
96016,0.05028125
39533,0.05028125
42052,0.05028125
54126,0.05028125
125496,0.05028125
49986,0.05028125
182621,0.05028125
177011,0.05028125
47619,0.05028125
159433,0.05028125
31078,0.05028125
178865,0.05028125
49175,0.05028125
106866,0.05028125
113005,0.05028125
141686,0.05028125
54162,0.05028125
22512,0.05028125
38722,0.05028125
175052,0.05028125
56199,0.05028125
181559,0.05028125
82540,0.05028125
36306,0.05028125
61641,0.05028125
109661,0.05028125
130781,0.05028125
164516,0.05028125
86558,0.05028125
89250,0.05028125
164594,0.05028125
143122,0.05028125
56168,0.05028125
103124,0.05028125
49004,0.05028125
46699,0.05028125
55839,0.05028125
170277,0.05028125
185302,0.05028125
130514,0.05028125
18197,0.05028125
158180,0.05028125
86187,0.05028125
171370,0.05028125
81796,0.05028125
90045,0.05028125
147281,0.05028125
186939,0.05028125
120808,0.05028125
123877,0.05028125
69596,0.05028125
174378,0.05028125
168862,0.05028125
167550,0.05028125
17723,0.05028125
61739,0.05028125
11793,0.05028125
156009,0.05028125
100856,0.05028125
18706,0.05028125
102192,0.05028125
105045,0.05028125
88749,0.05028125
198920,0.05028125
13033,0.05028125
87211,0.05028125
100215,0.05028125
12666,0.05028125
114173,0.05028125
63031,0.05028125
56658,0.05028125
194311,0.05028125
87040,0.05028125
132409,0.05028125
128277,0.05028125
69948,0.05028125
120477,0.05028125
139128,0.05028125
127878,0.05028125
156746,0.05028125
131506,0.05028125
126741,0.05028125
57034,0.05028125
139104,0.05028125
168333,0.05028125
2207,0.05028125
32377,0.05028125
120258,0.05028125
82468,0.05028125
77202,0.05028125
19007,0.05028125
51671,0.05028125
111545,0.05028125
171304,0.05028125
75138,0.05028125
42941,0.05028125
147734,0.05028125
95891,0.05028125
97973,0.05028125
12720,0.05028125
3143,0.05028125
151659,0.05028125
129963,0.05028125
36555,0.05028125
131191,0.05028125
104470,0.05028125
28531,0.05028125
71587,0.05028125
166151,0.05028125
153199,0.05028125
93067,0.05028125
114497,0.05028125
17233,0.05028125
136474,0.05028125
14555,0.05028125
157499,0.05028125
92289,0.05028125
188578,0.05028125
63930,0.05028125
18976,0.05028125
60139,0.05028125
174470,0.05028125
96253,0.05028125
114649,0.05028125
82730,0.05028125
47743,0.05028125
7308,0.05028125
53903,0.05028125
184602,0.05028125
85819,0.05028125
8824,0.05028125
72386,0.05028125
7173,0.05028125
50007,0.05028125
163572,0.05028125
197814,0.05028125
76342,0.05028125
109136,0.05028125
49407,0.05028125
32862,0.05028125
150102,0.05028125
129927,0.05028125
160033,0.05028125
87141,0.05028125
72440,0.05028125
172225,0.05028125
7581,0.05028125
56282,0.05028125
71127,0.05028125
166001,0.05028125
39294,0.05028125
41762,0.05028125
21725,0.05028125
101675,0.05028125
147695,0.05028125
169090,0.05028125
159354,0.05028125
94821,0.05028125
168055,0.05028125
151856,0.05028125
122592,0.05028125
1397,0.05028125
53965,0.05028125
199072,0.05028125
150396,0.05028125
178173,0.05028125
94697,0.05028125
82957,0.05028125
174313,0.05028125
144193,0.05028125
60386,0.05028125
4955,0.05028125
43212,0.05028125
56513,0.05028125
182100,0.05028125
41070,0.05028125
174241,0.05028125
11017,0.05028125
99390,0.05028125
19523,0.05028125
51914,0.05028125
82158,0.05028125
189501,0.05028125
67556,0.05028125
61007,0.05028125
185377,0.05028125
33258,0.05028125
159248,0.05028125
78656,0.05028125
134543,0.05028125
128187,0.05028125
160330,0.05028125
131313,0.05028125
92399,0.05028125
77951,0.05028125
125854,0.05028125
163167,0.05028125
117910,0.05028125
140485,0.05028125
144037,0.05028125
178899,0.05028125
163800,0.05028125
145998,0.05028125
57940,0.05028125
137013,0.05028125
76090,0.05028125
52908,0.05028125
16644,0.05028125
92684,0.05028125
2846,0.05028125
134992,0.05028125
144971,0.05028125
24331,0.05028125
190789,0.05028125
117211,0.05028125
183470,0.05028125
74712,0.05028125
186448,0.05028125
173475,0.05028125
80841,0.05028125
121675,0.05028125
6505,0.05028125
108134,0.05028125
146509,0.05028125
89904,0.05028125
147707,0.05028125
192404,0.05028125
55546,0.05028125
172736,0.05028125
46714,0.05028125
184155,0.05028125
64569,0.05028125
107718,0.05028125
118076,0.05028125
133055,0.05028125
71234,0.05028125
131970,0.05028125
29536,0.05028125
85966,0.05028125
126341,0.05028125
2861,0.05028125
148741,0.05028125
127033,0.05028125
138819,0.05028125
158284,0.05028125
107583,0.05028125
106911,0.05028125
126078,0.05028125
92807,0.05028125
61589,0.05028125
23024,0.05028125
166725,0.05028125
192874,0.05028125
77234,0.05028125
191890,0.05028125
113147,0.05028125
81029,0.05028125
186453,0.05028125
115472,0.05028125
139634,0.05028125
65435,0.05028125
17958,0.05028125
25603,0.05028125
24130,0.05028125
165610,0.05028125
68857,0.05028125
30378,0.05028125
9750,0.05028125
190295,0.05028125
188260,0.05028125
53344,0.05028125
173606,0.05028125
26242,0.05028125
97557,0.05028125
32505,0.05028125
148118,0.05028125
45482,0.05028125
102775,0.05028125
182655,0.05028125
87281,0.05028125
48098,0.05028125
50650,0.05028125
149426,0.05028125
182153,0.05028125
182423,0.05028125
63272,0.05028125
55431,0.05028125
122279,0.05028125
103937,0.05028125
31488,0.05028125
5795,0.05028125
2076,0.05028125
36448,0.05028125
119077,0.05028125
158457,0.05028125
3216,0.05028125
198216,0.05028125
170255,0.05028125
52567,0.05028125
35411,0.05028125
69803,0.05028125
153699,0.05028125
191142,0.05028125
117721,0.05028125
198452,0.05028125
69348,0.05028125
151491,0.05028125
125105,0.05028125
130896,0.05028125
130760,0.05028125
50622,0.05028125
118985,0.05028125
96556,0.05028125
11664,0.05028125
97613,0.05028125
48617,0.05028125
86882,0.05028125
144430,0.05028125
90983,0.05028125
30229,0.05028125
120130,0.05028125
61111,0.05028125
177357,0.05028125
20909,0.05028125
54080,0.05028125
195657,0.05028125
145133,0.05028125
41756,0.05028125
98316,0.05028125
28807,0.05028125
144098,0.05028125
181420,0.05028125
104674,0.05028125
86755,0.05028125
106141,0.05028125
161172,0.05028125
9654,0.05028125
42598,0.05028125
65960,0.05028125
65010,0.05028125
35443,0.05028125
177924,0.05028125
98572,0.05028125
106912,0.05028125
38591,0.05028125
184787,0.05028125
166308,0.05028125
66694,0.05028125
58323,0.05028125
313,0.05028125
11251,0.05028125
5148,0.05028125
60233,0.05028125
69680,0.05028125
190250,0.05028125
153022,0.05028125
112275,0.05028125
84880,0.05028125
25428,0.05028125
112906,0.05028125
177006,0.05028125
58126,0.05028125
25070,0.05028125
20436,0.05028125
58080,0.05028125
43358,0.05028125
73086,0.05028125
58389,0.05028125
22569,0.05028125
183422,0.05028125
43369,0.05028125
137321,0.05028125
134421,0.05028125
108395,0.05028125
83735,0.05028125
40352,0.05028125
57301,0.05028125
12932,0.05028125
112636,0.05028125
113408,0.05028125
86791,0.05028125
116965,0.05028125
43842,0.05028125
45354,0.05028125
173739,0.05028125
103816,0.05028125
126953,0.05028125
128869,0.05028125
132344,0.05028125
188806,0.05028125
154973,0.05028125
100678,0.05028125
44546,0.05028125
12384,0.05028125
114535,0.05028125
185268,0.05028125
170791,0.05028125
70294,0.05028125
171891,0.05028125
55986,0.05028125
146702,0.05028125
183764,0.05028125
95354,0.05028125
41237,0.05028125
189595,0.05028125
114740,0.05028125
99891,0.05028125
8810,0.05028125
88899,0.05028125
163355,0.05028125
10788,0.05028125
53760,0.05028125
32761,0.05028125
181160,0.05028125
85519,0.05028125
183647,0.05028125
101361,0.05028125
45410,0.05028125
90527,0.05028125
142290,0.05028125
132127,0.05028125
164158,0.05028125
27130,0.05028125
120905,0.05028125
135257,0.05028125
155179,0.05028125
189326,0.05028125
108258,0.05028125
100099,0.05028125
170456,0.05028125
181074,0.05028125
152820,0.05028125
61278,0.05028125
35750,0.05028125
159903,0.05028125
92872,0.05028125
181742,0.05028125
96449,0.05028125
109286,0.05028125
154098,0.05028125
43406,0.05028125
171295,0.05028125
192275,0.05028125
118724,0.05028125
175303,0.05028125
88316,0.05028125
79643,0.05028125
118067,0.05028125
197502,0.05028125
66672,0.05028125
126068,0.05028125
181596,0.05028125
20201,0.05028125
121906,0.05028125
69717,0.05028125
163191,0.05028125
67052,0.05028125
103174,0.05028125
47425,0.05028125
135799,0.05028125
60467,0.05028125
8971,0.05028125
44075,0.05028125
128979,0.05028125
76771,0.05028125
52436,0.05028125
60551,0.05028125
137890,0.05028125
20475,0.05028125
120556,0.05028125
127185,0.05028125
9162,0.05028125
125703,0.05028125
41067,0.05028125
31635,0.05028125
86819,0.05028125
168034,0.05028125
76657,0.05028125
34092,0.05028125
111745,0.05028125
9020,0.05028125
229,0.05028125
76948,0.05028125
77306,0.05028125
194998,0.05028125
16248,0.05028125
161014,0.05028125
130943,0.05028125
144480,0.05028125
92839,0.05028125
162887,0.05028125
44119,0.05028125
120026,0.05028125
55902,0.05028125
21329,0.05028125
194262,0.05028125
72398,0.05028125
93558,0.05028125
39198,0.05028125
22290,0.05028125
193846,0.05028125
36975,0.05028125
66992,0.05028125
59620,0.05028125
118814,0.05028125
148037,0.05028125
77298,0.05028125
163089,0.05028125
173984,0.05028125
59315,0.05028125
9106,0.05028125
80297,0.05028125
121397,0.05028125
176892,0.05028125
160881,0.05028125
44254,0.05028125
183784,0.05028125
171228,0.05028125
74739,0.05028125
182756,0.05028125
134733,0.05028125
52088,0.05028125
51898,0.05028125
179968,0.05028125
277,0.05028125
137805,0.05028125
76404,0.05028125
132647,0.05028125
184212,0.05028125
66204,0.05028125
27792,0.05028125
36131,0.05028125
97710,0.05028125
3442,0.05028125
191606,0.05028125
173884,0.05028125
138569,0.05028125
197950,0.05028125
164981,0.05028125
17567,0.05028125
19965,0.05028125
95450,0.05028125
76814,0.05028125
121547,0.05028125
165508,0.05028125
70780,0.05028125
126703,0.05028125
191056,0.05028125
55215,0.05028125
144543,0.05028125
92240,0.05028125
62439,0.05028125
68846,0.05028125
125759,0.05028125
100589,0.05028125
51928,0.05028125
197161,0.05028125
13073,0.05028125
140644,0.05028125
138502,0.05028125
38119,0.05028125
192344,0.05028125
162890,0.05028125
143391,0.05028125
129899,0.05028125
61025,0.05028125
55197,0.05028125
27487,0.05028125
96825,0.05028125
141876,0.05028125
140254,0.05028125
11957,0.05028125
81603,0.05028125
85335,0.05028125
130226,0.05028125
17545,0.05028125
67581,0.05028125
58358,0.05028125
121042,0.05028125
11805,0.05028125
25130,0.05028125
106592,0.05028125
189596,0.05028125
54166,0.05028125
148654,0.05028125
103527,0.05028125
92570,0.05028125
37336,0.05028125
140878,0.05028125
58391,0.05028125
86368,0.05028125
146961,0.05028125
36198,0.05028125
161625,0.05028125
65212,0.05028125
80019,0.05028125
45819,0.05028125
127293,0.05028125
174613,0.05028125
87704,0.05028125
26451,0.05028125
39653,0.05028125
192040,0.05028125
177398,0.05028125
68788,0.05028125
55273,0.05028125
159588,0.05028125
160293,0.05028125
125456,0.05028125
71017,0.05028125
9952,0.05028125
123868,0.05028125
192114,0.05028125
107986,0.05028125
117491,0.05028125
82010,0.05028125
165021,0.05028125
27998,0.05028125
113917,0.05028125
25540,0.05028125
99594,0.05028125
167004,0.05028125
38320,0.05028125
73626,0.05028125
33910,0.05028125
160142,0.05028125
113235,0.05028125
134043,0.05028125
109275,0.05028125
92439,0.05028125
59891,0.05028125
18364,0.05028125
104656,0.05028125
1816,0.05028125
20854,0.05028125
14337,0.05028125
21120,0.05028125
127493,0.05028125
29112,0.05028125
169513,0.05028125
195540,0.05028125
104871,0.05028125
104990,0.05028125
51838,0.05028125
70470,0.05028125
48773,0.05028125
186289,0.05028125
63870,0.05028125
40517,0.05028125
41675,0.05028125
74784,0.05028125
94704,0.05028125
123169,0.05028125
36533,0.05028125
120395,0.05028125
50953,0.05028125
119213,0.05028125
157882,0.05028125
39892,0.05028125
24642,0.05028125
117505,0.05028125
136513,0.05028125
101844,0.05028125
109646,0.05028125
80674,0.05028125
22023,0.05028125
38245,0.05028125
35149,0.05028125
110301,0.05028125
93977,0.05028125
27363,0.05028125
126509,0.05028125
138247,0.05028125
139657,0.05028125
157860,0.05028125
1673,0.05028125
43404,0.05028125
17296,0.05028125
64772,0.05028125
38073,0.05028125
46154,0.05028125
121510,0.05028125
68263,0.05028125
150718,0.05028125
15522,0.05028125
7696,0.05028125
6078,0.05028125
75481,0.05028125
30002,0.05028125
141860,0.05028125
82248,0.05028125
120340,0.05028125
135756,0.05028125
142454,0.05028125
100902,0.05028125
11721,0.05028125
134505,0.05028125
75493,0.05028125
174743,0.05028125
77041,0.05028125
60787,0.05028125
116471,0.05028125
86130,0.05028125
100307,0.05028125
27447,0.05028125
12890,0.05028125
191646,0.05028125
64750,0.05028125
34982,0.05028125
190420,0.05028125
142989,0.05028125
64987,0.05028125
109623,0.05028125
120908,0.05028125
8479,0.05028125
88281,0.05028125
174582,0.05028125
69653,0.05028125
145678,0.05028125
35788,0.05028125
174453,0.05028125
36038,0.05028125
104714,0.05028125
150258,0.05028125
54167,0.05028125
74556,0.05028125
43854,0.05028125
137404,0.05028125
84898,0.05028125
142166,0.05028125
6481,0.05028125
151455,0.05028125
114009,0.05028125
156302,0.05028125
133643,0.05028125
178598,0.05028125
91580,0.05028125
32824,0.05028125
62567,0.05028125
163924,0.05028125
103284,0.05028125
104357,0.05028125
31454,0.05028125
125743,0.05028125
53616,0.05028125
59334,0.05028125
147301,0.05028125
30640,0.05028125
52746,0.05028125
126378,0.05028125
38523,0.05028125
117967,0.05028125
147061,0.05028125
145190,0.05028125
57908,0.05028125
197593,0.05028125
94820,0.05028125
82242,0.05028125
10238,0.05028125
56947,0.05028125
152228,0.05028125
36600,0.05028125
83184,0.05028125
5339,0.05028125
95070,0.05028125
647,0.05028125
29552,0.05028125
60583,0.05028125
179422,0.05028125
124787,0.05028125
2918,0.05028125
79000,0.05028125
196825,0.05028125
73997,0.05028125
51212,0.05028125
136719,0.05028125
174527,0.05028125
170797,0.05028125
177893,0.05028125
31558,0.05028125
2522,0.05028125
140694,0.05028125
85811,0.05028125
19155,0.05028125
168993,0.05028125
17312,0.05028125
48532,0.05028125
179294,0.05028125
188121,0.05028125
69419,0.05028125
179299,0.05028125
191812,0.05028125
82796,0.05028125
18435,0.05028125
168767,0.05028125
123486,0.05028125
104349,0.05028125
74361,0.05028125
47409,0.05028125
55981,0.05028125
503,0.05028125
85070,0.05028125
174544,0.05028125
67472,0.05028125
124606,0.05028125
45156,0.05028125
185199,0.05028125
13119,0.05028125
1996,0.05028125
43995,0.05028125
24127,0.05028125
88804,0.05028125
109269,0.05028125
55128,0.05028125
162475,0.05028125
40053,0.05028125
23163,0.05028125
34791,0.05028125
138602,0.05028125
160188,0.05028125
1526,0.05028125
154196,0.05028125
186869,0.05028125
57359,0.05028125
27483,0.05028125
176702,0.05028125
152068,0.05028125
177288,0.05028125
147805,0.05028125
45116,0.05028125
190831,0.05028125
124656,0.05028125
23313,0.05028125
169298,0.05028125
60623,0.05028125
177227,0.05028125
193410,0.05028125
176301,0.05028125
79565,0.05028125
106502,0.05028125
33066,0.05028125
123697,0.05028125
102158,0.05028125
56702,0.05028125
184094,0.05028125
56672,0.05028125
21026,0.05028125
162751,0.05028125
181407,0.05028125
106127,0.05028125
178891,0.05028125
61735,0.05028125
9932,0.05028125
50505,0.05028125
74266,0.05028125
148017,0.05028125
56012,0.05028125
91077,0.05028125
12388,0.05028125
171189,0.05028125
178145,0.05028125
102790,0.05028125
17599,0.05028125
90266,0.05028125
169601,0.05028125
8879,0.05028125
125045,0.05028125
47191,0.05028125
100499,0.05028125
35778,0.05028125
159749,0.05028125
80121,0.05028125
178749,0.05028125
96872,0.05028125
162059,0.05028125
46616,0.05028125
16336,0.05028125
55402,0.05028125
146152,0.05028125
150566,0.05028125
188397,0.05028125
33497,0.05028125
76819,0.05028125
82463,0.05028125
162170,0.05028125
48648,0.05028125
142570,0.05028125
159943,0.05028125
196450,0.05028125
65359,0.05028125
41337,0.05028125
85806,0.05028125
182914,0.05028125
52110,0.05028125
148117,0.05028125
46412,0.05028125
180224,0.05028125
8035,0.05028125
118390,0.05028125
82381,0.05028125
153194,0.05028125
16678,0.05028125
107787,0.05028125
193472,0.05028125
82395,0.05028125
87464,0.05028125
16796,0.05028125
49527,0.05028125
195213,0.05028125
19115,0.05028125
196235,0.05028125
127363,0.05028125
113509,0.05028125
191049,0.05028125
100905,0.05028125
66221,0.05028125
31181,0.05028125
23305,0.05028125
123937,0.05028125
107209,0.05028125
104417,0.05028125
85413,0.05028125
63951,0.05028125
77641,0.05028125
180711,0.05028125
7667,0.05028125
173989,0.05028125
102204,0.05028125
50041,0.05028125
182011,0.05028125
97788,0.05028125
31809,0.05028125
56056,0.05028125
103553,0.05028125
120561,0.05028125
82215,0.05028125
136042,0.05028125
180472,0.05028125
103647,0.05028125
189068,0.05028125
29099,0.05028125
39226,0.05028125
14432,0.05028125
29179,0.05028125
191291,0.05028125
13773,0.05028125
134465,0.05028125
25686,0.05028125
76368,0.05028125
47394,0.05028125
41165,0.05028125
185522,0.05028125
12651,0.05028125
7277,0.05028125
47472,0.05028125
163255,0.05028125
159884,0.05028125
136090,0.05028125
24284,0.05028125
163541,0.05028125
86154,0.05028125
156875,0.05028125
33329,0.05028125
16164,0.05028125
22109,0.05028125
82044,0.05028125
140570,0.05028125
63718,0.05028125
74333,0.05028125
181036,0.05028125
103482,0.05028125
173152,0.05028125
4990,0.05028125
138941,0.05028125
97538,0.05028125
129499,0.05028125
18717,0.05028125
45258,0.05028125
179608,0.05028125
34794,0.05028125
50347,0.05028125
49773,0.05028125
177997,0.05028125
161945,0.05028125
49578,0.05028125
88756,0.05028125
155440,0.05028125
159364,0.05028125
110038,0.05028125
177714,0.05028125
52363,0.05028125
121504,0.05028125
52413,0.05028125
99657,0.05028125
103177,0.05028125
93092,0.05028125
94842,0.05028125
59910,0.05028125
77564,0.05028125
115590,0.05028125
110267,0.05028125
103118,0.05028125
137626,0.05028125
33896,0.05028125
157992,0.05028125
81581,0.05028125
16241,0.05028125
164871,0.05028125
36393,0.05028125
176718,0.05028125
122294,0.05028125
69141,0.05028125
35948,0.05028125
75628,0.05028125
174747,0.05028125
189489,0.05028125
13894,0.05028125
64897,0.05028125
179951,0.05028125
177208,0.05028125
2188,0.05028125
111050,0.05028125
127906,0.05028125
117911,0.05028125
131213,0.05028125
130714,0.05028125
38894,0.05028125
155605,0.05028125
81612,0.05028125
158836,0.05028125
136928,0.05028125
11235,0.05028125
188642,0.05028125
174623,0.05028125
183594,0.05028125
143987,0.05028125
161957,0.05028125
176869,0.05028125
89684,0.05028125
71321,0.05028125
194544,0.05028125
33229,0.05028125
98008,0.05028125
105435,0.05028125
188813,0.05028125
146975,0.05028125
9432,0.05028125
40459,0.05028125
191682,0.05028125
166908,0.05028125
143758,0.05028125
99835,0.05028125
198581,0.05028125
83106,0.05028125
32837,0.05028125
2381,0.05028125
187988,0.05028125
122135,0.05028125
54690,0.05028125
103001,0.05028125
1334,0.05028125
107756,0.05028125
23924,0.05028125
126679,0.05028125
123601,0.05028125
84167,0.05028125
54164,0.05028125
156100,0.05028125
114312,0.05028125
2348,0.05028125
75273,0.05028125
63308,0.05028125
67120,0.05028125
14818,0.05028125
6349,0.05028125
33197,0.05028125
142392,0.05028125
23730,0.05028125
43334,0.05028125
104060,0.05028125
170351,0.05028125
112782,0.05028125
51281,0.05028125
88263,0.05028125
154923,0.05028125
72287,0.05028125
35755,0.05028125
164905,0.05028125
90056,0.05028125
21927,0.05028125
64667,0.05028125
30804,0.05028125
32392,0.05028125
43963,0.05028125
95071,0.05028125
138867,0.05028125
77062,0.05028125
10283,0.05028125
166646,0.05028125
184991,0.05028125
105620,0.05028125
114344,0.05028125
98998,0.05028125
44853,0.05028125
170977,0.05028125
181371,0.05028125
125297,0.05028125
39678,0.05028125
61721,0.05028125
64251,0.05028125
91928,0.05028125
74255,0.05028125
105090,0.05028125
170912,0.05028125
159759,0.05028125
106659,0.05028125
158866,0.05028125
197055,0.05028125
24646,0.05028125
123382,0.05028125
114651,0.05028125
120511,0.05028125
85644,0.05028125
42063,0.05028125
141829,0.05028125
113797,0.05028125
180273,0.05028125
18353,0.05028125
727,0.05028125
5214,0.05028125
85909,0.05028125
64777,0.05028125
17412,0.05028125
34997,0.05028125
170154,0.05028125
55126,0.05028125
160071,0.05028125
33576,0.05028125
110730,0.05028125
136608,0.05028125
101363,0.05028125
21470,0.05028125
41356,0.05028125
41747,0.05028125
50902,0.05028125
163455,0.05028125
191811,0.05028125
176274,0.05028125
39493,0.05028125
73495,0.05028125
100948,0.05028125
70807,0.05028125
90940,0.05028125
98837,0.05028125
161838,0.05028125
189359,0.05028125
125640,0.05028125
32957,0.05028125
191503,0.05028125
115999,0.05028125
193143,0.05028125
38321,0.05028125
154607,0.05028125
61428,0.05028125
125172,0.05028125
106216,0.05028125
88682,0.05028125
36267,0.05028125
64233,0.05028125
47829,0.05028125
183897,0.05028125
48547,0.05028125
26929,0.05028125
132265,0.05028125
122253,0.05028125
114616,0.05028125
157654,0.05028125
194973,0.05028125
8150,0.05028125
79955,0.05028125
67295,0.05028125
150141,0.05028125
71559,0.05028125
137211,0.05028125
106410,0.05028125
29838,0.05028125
126365,0.05028125
6237,0.05028125
27286,0.05028125
90646,0.05028125
181144,0.05028125
77670,0.05028125
199427,0.05028125
63261,0.05028125
102163,0.05028125
149146,0.05028125
75601,0.05028125
149924,0.05028125
74496,0.05028125
132808,0.05028125
161124,0.05028125
42286,0.05028125
104043,0.05028125
147732,0.05028125
101063,0.05028125
7019,0.05028125
64120,0.05028125
142950,0.05028125
169739,0.05028125
33324,0.05028125
149831,0.05028125
106422,0.05028125
109928,0.05028125
162499,0.05028125
70702,0.05028125
15686,0.05028125
28487,0.05028125
164890,0.05028125
163979,0.05028125
149671,0.05028125
169447,0.05028125
182983,0.05028125
153953,0.05028125
119067,0.05028125
46746,0.05028125
92250,0.05028125
10307,0.05028125
48727,0.05028125
53534,0.05028125
121048,0.05028125
33482,0.05028125
58079,0.05028125
134834,0.05028125
167009,0.05028125
12660,0.05028125
25080,0.05028125
184079,0.05028125
141782,0.05028125
84674,0.05028125
44632,0.05028125
50966,0.05028125
21798,0.05028125
78206,0.05028125
180312,0.05028125
187717,0.05028125
1954,0.05028125
96296,0.05028125
88261,0.05028125
145877,0.05028125
16402,0.05028125
88987,0.05028125
192601,0.05028125
193348,0.05028125
177115,0.05028125
178621,0.05028125
22558,0.05028125
21753,0.05028125
345,0.05028125
115421,0.05028125
40229,0.05028125
97110,0.05028125
38289,0.05028125
176380,0.05028125
157671,0.05028125
38408,0.05028125
176119,0.05028125
102153,0.05028125
98768,0.05028125
178904,0.05028125
69641,0.05028125
118241,0.05028125
94099,0.05028125
114440,0.05028125
192291,0.05028125
99624,0.05028125
144834,0.05028125
79719,0.05028125
8993,0.05028125
156075,0.05028125
33154,0.05028125
77882,0.05028125
22861,0.05028125
76152,0.05028125
131638,0.05028125
171364,0.05028125
72178,0.05028125
115344,0.05028125
37138,0.05028125
14236,0.05028125
177381,0.05028125
5112,0.05028125
68233,0.05028125
68365,0.05028125
45173,0.05028125
531,0.05028125
7401,0.05028125
17456,0.05028125
114316,0.05028125
116641,0.05028125
30980,0.05028125
36883,0.05028125
136986,0.05028125
97782,0.05028125
32434,0.05028125
164412,0.05028125
107774,0.05028125
22050,0.05028125
10924,0.05028125
121611,0.05028125
20292,0.05028125
183810,0.05028125
97342,0.05028125
117256,0.05028125
99241,0.05028125
95566,0.05028125
188679,0.05028125
65291,0.05028125
187673,0.05028125
193423,0.05028125
30303,0.05028125
67852,0.05028125
385,0.05028125
15859,0.05028125
86260,0.05028125
187310,0.05028125
83947,0.05028125
167205,0.05028125
114122,0.05028125
14230,0.05028125
137125,0.05028125
174715,0.05028125
7718,0.05028125
95903,0.05028125
21714,0.05028125
93201,0.05028125
171596,0.05028125
128553,0.05028125
111886,0.05028125
70568,0.05028125
5495,0.05028125
84146,0.05028125
148922,0.05028125
190054,0.05028125
161836,0.05028125
40425,0.05028125
69810,0.05028125
162379,0.05028125
12450,0.05028125
172280,0.05028125
22443,0.05028125
159052,0.05028125
58210,0.05028125
75887,0.05028125
153157,0.05028125
194389,0.05028125
180866,0.05028125
177311,0.05028125
48349,0.05028125
65602,0.05028125
189416,0.05028125
187698,0.05028125
149387,0.05028125
194463,0.05028125
102858,0.05028125
9296,0.05028125
26098,0.05028125
197830,0.05028125
137168,0.05028125
191132,0.05028125
84836,0.05028125
173353,0.05028125
36655,0.05028125
73792,0.05028125
112945,0.05028125
192769,0.05028125
135976,0.05028125
38011,0.05028125
175050,0.05028125
9643,0.05028125
162102,0.05028125
150679,0.05028125
82637,0.05028125
101855,0.05028125
74048,0.05028125
148681,0.05028125
11753,0.05028125
197539,0.05028125
149297,0.05028125
118474,0.05028125
147595,0.05028125
57715,0.05028125
39165,0.05028125
87552,0.05028125
5790,0.05028125
22488,0.05028125
181007,0.05028125
92035,0.05028125
199402,0.05028125
84282,0.05028125
16923,0.05028125
45855,0.05028125
115877,0.05028125
79686,0.05028125
92053,0.05028125
154709,0.05028125
34232,0.05028125
45842,0.05028125
114465,0.05028125
139242,0.05028125
158492,0.05028125
116819,0.05028125
114324,0.05028125
187563,0.05028125
35941,0.05028125
5801,0.05028125
177222,0.05028125
189786,0.05028125
176772,0.05028125
112262,0.05028125
46926,0.05028125
179276,0.05028125
688,0.05028125
138983,0.05028125
186298,0.05028125
92911,0.05028125
533,0.05028125
69330,0.05028125
185675,0.05028125
142205,0.05028125
168534,0.05028125
54036,0.05028125
92734,0.05028125
54622,0.05028125
27627,0.05028125
79899,0.05028125
85886,0.05028125
84592,0.05028125
16386,0.05028125
186339,0.05028125
190738,0.05028125
421,0.05028125
127132,0.05028125
80845,0.05028125
139899,0.05028125
2903,0.05028125
131540,0.05028125
182368,0.05028125
176563,0.05028125
77231,0.05028125
35787,0.05028125
140533,0.05028125
112096,0.05028125
53296,0.05028125
47467,0.05028125
73951,0.05028125
178167,0.05028125
44734,0.05028125
137765,0.05028125
36565,0.05028125
136321,0.05028125
94375,0.05028125
6954,0.05028125
16732,0.05028125
122758,0.05028125
191096,0.05028125
48917,0.05028125
127106,0.05028125
23671,0.05028125
95020,0.05028125
106910,0.05028125
48258,0.05028125
180883,0.05028125
526,0.05028125
70812,0.05028125
191124,0.05028125
161294,0.05028125
90277,0.05028125
49124,0.05028125
61339,0.05028125
133318,0.05028125
127752,0.05028125
8976,0.05028125
118155,0.05028125
189381,0.05028125
60549,0.05028125
52509,0.05028125
113683,0.05028125
51572,0.05028125
106627,0.05028125
173805,0.05028125
8398,0.05028125
113362,0.05028125
39661,0.05028125
55248,0.05028125
143565,0.05028125
103094,0.05028125
140962,0.05028125
141308,0.05028125
41088,0.05028125
189766,0.05028125
20358,0.05028125
104402,0.05028125
7604,0.05028125
45339,0.05028125
186310,0.05028125
150322,0.05028125
59702,0.05028125
105221,0.05028125
186708,0.05028125
160308,0.05028125
63397,0.05028125
82712,0.05028125
41511,0.05028125
106013,0.05028125
69074,0.05028125
58414,0.05028125
74752,0.05028125
133416,0.05028125
45847,0.05028125
65690,0.05028125
147820,0.05028125
188980,0.05028125
69280,0.05028125
93603,0.05028125
166816,0.05028125
141683,0.05028125
172375,0.05028125
99631,0.05028125
78126,0.05028125
177389,0.05028125
29807,0.05028125
119803,0.05028125
186231,0.05028125
108243,0.05028125
170244,0.05028125
136492,0.05028125
20248,0.05028125
84822,0.05028125
117934,0.05028125
66767,0.05028125
107642,0.05028125
173081,0.05028125
172833,0.05028125
195320,0.05028125
155897,0.05028125
77988,0.05028125
166971,0.05028125
150898,0.05028125
106993,0.05028125
57638,0.05028125
67692,0.05028125
110774,0.05028125
138374,0.05028125
133783,0.05028125
76775,0.05028125
139894,0.05028125
26678,0.05028125
168643,0.05028125
31111,0.05028125
83205,0.05028125
56986,0.05028125
116320,0.05028125
28167,0.05028125
24004,0.05028125
179245,0.05028125
63035,0.05028125
125828,0.05028125
40536,0.05028125
146979,0.05028125
51599,0.05028125
164481,0.05028125
150835,0.05028125
40444,0.05028125
97351,0.05028125
38234,0.05028125
52804,0.05028125
97287,0.05028125
157735,0.05028125
43008,0.05028125
109211,0.05028125
99450,0.05028125
105855,0.05028125
97462,0.05028125
33489,0.05028125
65771,0.05028125
75314,0.05028125
97935,0.05028125
79470,0.05028125
178064,0.05028125
85617,0.05028125
178739,0.05028125
189469,0.05028125
14193,0.05028125
13038,0.05028125
194061,0.05028125
102284,0.05028125
77650,0.05028125
143909,0.05028125
180529,0.05028125
194901,0.05028125
25321,0.05028125
75696,0.05028125
151702,0.05028125
140261,0.05028125
137238,0.05028125
148529,0.05028125
80745,0.05028125
72220,0.05028125
14565,0.05028125
21212,0.05028125
173269,0.05028125
54588,0.05028125
141432,0.05028125
106261,0.05028125
57190,0.05028125
154217,0.05028125
173825,0.05028125
90769,0.05028125
69098,0.05028125
197239,0.05028125
101356,0.05028125
110999,0.05028125
99225,0.05028125
141551,0.05028125
109297,0.05028125
95282,0.05028125
63510,0.05028125
66127,0.05028125
178522,0.05028125
50691,0.05028125
104595,0.05028125
24350,0.05028125
113134,0.05028125
154556,0.05028125
122189,0.05028125
92123,0.05028125
130575,0.05028125
145083,0.05028125
64725,0.05028125
150844,0.05028125
82618,0.05028125
196937,0.05028125
164625,0.05028125
57520,0.05028125
30271,0.05028125
136547,0.05028125
38438,0.05028125
122534,0.05028125
41488,0.05028125
135629,0.05028125
76849,0.05028125
30365,0.05028125
22572,0.05028125
65169,0.05028125
54623,0.05028125
122016,0.05028125
64739,0.05028125
10060,0.05028125
55375,0.05028125
32896,0.05028125
98071,0.05028125
117737,0.05028125
91148,0.05028125
12639,0.05028125
72081,0.05028125
87449,0.05028125
88141,0.05028125
131824,0.05028125
104331,0.05028125
135719,0.05028125
196579,0.05028125
137000,0.05028125
71981,0.05028125
155564,0.05028125
73949,0.05028125
73218,0.05028125
172892,0.05028125
100588,0.05028125
95219,0.05028125
128667,0.05028125
86990,0.05028125
189459,0.05028125
170074,0.05028125
23005,0.05028125
71997,0.05028125
117966,0.05028125
52135,0.05028125
44319,0.05028125
80041,0.05028125
137389,0.05028125
82682,0.05028125
65787,0.05028125
65586,0.05028125
28900,0.05028125
94146,0.05028125
134617,0.05028125
68507,0.05028125
153114,0.05028125
25860,0.05028125
125396,0.05028125
4418,0.05028125
113596,0.05028125
197921,0.05028125
72195,0.05028125
133811,0.05028125
185005,0.05028125
143866,0.05028125
47611,0.05028125
96122,0.05028125
39013,0.05028125
103179,0.05028125
2545,0.05028125
58003,0.05028125
128811,0.05028125
114072,0.05028125
15918,0.05028125
149533,0.05028125
166526,0.05028125
128039,0.05028125
59164,0.05028125
52223,0.05028125
128855,0.05028125
71223,0.05028125
80774,0.05028125
26208,0.05028125
176398,0.05028125
95932,0.05028125
138464,0.05028125
16842,0.05028125
125086,0.05028125
52179,0.05028125
6827,0.05028125
173247,0.05028125
195381,0.05028125
90255,0.05028125
57609,0.05028125
94722,0.05028125
6448,0.05028125
155279,0.05028125
39919,0.05028125
14571,0.05028125
191325,0.05028125
119515,0.05028125
194190,0.05028125
87967,0.05028125
90594,0.05028125
87507,0.05028125
170772,0.05028125
51499,0.05028125
73377,0.05028125
23111,0.05028125
145316,0.05028125
162729,0.05028125
16817,0.05028125
161051,0.05028125
81756,0.05028125
197182,0.05028125
147819,0.05028125
104798,0.05028125
67729,0.05028125
194402,0.05028125
3664,0.05028125
16612,0.05028125
33051,0.05028125
121177,0.05028125
48177,0.05028125
22474,0.05028125
48714,0.05028125
162825,0.05028125
76992,0.05028125
90249,0.05028125
136911,0.05028125
81820,0.05028125
198332,0.05028125
52304,0.05028125
138642,0.05028125
192222,0.05028125
62929,0.05028125
95340,0.05028125
191796,0.05028125
67886,0.05028125
172499,0.05028125
12400,0.05028125
17630,0.05028125
144586,0.05028125
199035,0.05028125
95051,0.05028125
137553,0.05028125
136084,0.05028125
106750,0.05028125
191595,0.05028125
23517,0.05028125
159244,0.05028125
27066,0.05028125
34291,0.05028125
139884,0.05028125
192683,0.05028125
196979,0.05028125
47851,0.05028125
3663,0.05028125
104269,0.05028125
171610,0.05028125
81416,0.05028125
120317,0.05028125
96399,0.05028125
3869,0.05028125
96497,0.05028125
80256,0.05028125
58087,0.05028125
173107,0.05028125
136770,0.05028125
80643,0.05028125
107065,0.05028125
34921,0.05028125
19807,0.05028125
148795,0.05028125
57521,0.05028125
69234,0.05028125
185496,0.05028125
17792,0.05028125
16611,0.05028125
63122,0.05028125
44581,0.05028125
50501,0.05028125
95999,0.05028125
136344,0.05028125
174381,0.05028125
13135,0.05028125
31830,0.05028125
68869,0.05028125
88872,0.05028125
133216,0.05028125
3981,0.05028125
98686,0.05028125
76522,0.05028125
90237,0.05028125
28591,0.05028125
181176,0.05028125
59931,0.05028125
139846,0.05028125
141638,0.05028125
179742,0.05028125
128693,0.05028125
66356,0.05028125
86211,0.05028125
120755,0.05028125
174771,0.05028125
55345,0.05028125
42601,0.05028125
7866,0.05028125
114036,0.05028125
194775,0.05028125
164281,0.05028125
97838,0.05028125
44471,0.05028125
33813,0.05028125
64077,0.05028125
175190,0.05028125
148227,0.05028125
123473,0.05028125
53869,0.05028125
110036,0.05028125
65305,0.05028125
179215,0.05028125
187829,0.05028125
32449,0.05028125
182620,0.05028125
80754,0.05028125
28870,0.05028125
104813,0.05028125
77819,0.05028125
15590,0.05028125
159026,0.05028125
195309,0.05028125
128861,0.05028125
158575,0.05028125
138657,0.05028125
48791,0.05028125
124961,0.05028125
125161,0.05028125
103907,0.05028125
105813,0.05028125
106660,0.05028125
77622,0.05028125
78810,0.05028125
172396,0.05028125
197649,0.05028125
195824,0.05028125
63635,0.05028125
136838,0.05028125
148677,0.05028125
59824,0.05028125
76689,0.05028125
49577,0.05028125
141029,0.05028125
192046,0.05028125
127646,0.05028125
99347,0.05028125
120493,0.05028125
181435,0.05028125
191104,0.05028125
73122,0.05028125
53398,0.05028125
146217,0.05028125
133565,0.05028125
11358,0.05028125
77547,0.05028125
120284,0.05028125
59202,0.05028125
113752,0.05028125
186816,0.05028125
44336,0.05028125
81501,0.05028125
96444,0.05028125
68196,0.05028125
187600,0.05028125
35365,0.05028125
74055,0.05028125
48310,0.05028125
31234,0.05028125
164048,0.05028125
136350,0.05028125
12580,0.05028125
103812,0.05028125
50689,0.05028125
28126,0.05028125
109975,0.05028125
139121,0.05028125
106131,0.05028125
117582,0.05028125
14644,0.05028125
128710,0.05028125
187998,0.05028125
132487,0.05028125
151686,0.05028125
114640,0.05028125
141145,0.05028125
162415,0.05028125
172235,0.05028125
104294,0.05028125
192516,0.05028125
133974,0.05028125
163423,0.05028125
156215,0.05028125
71046,0.05028125
9304,0.05028125
25165,0.05028125
61845,0.05028125
174717,0.05028125
18991,0.05028125
128848,0.05028125
38948,0.05028125
89148,0.05028125
136646,0.05028125
178436,0.05028125
74105,0.05028125
59847,0.05028125
99651,0.05028125
80840,0.05028125
9804,0.05028125
179859,0.05028125
104810,0.05028125
41477,0.05028125
172789,0.05028125
21984,0.05028125
169699,0.05028125
75343,0.05028125
30655,0.05028125
61615,0.05028125
172521,0.05028125
192306,0.05028125
89692,0.05028125
182415,0.05028125
145027,0.05028125
135885,0.05028125
102073,0.05028125
146238,0.05028125
105582,0.05028125
67717,0.05028125
153320,0.05028125
184451,0.05028125
83906,0.05028125
135355,0.05028125
76022,0.05028125
37764,0.05028125
150887,0.05028125
53998,0.05028125
99270,0.05028125
23835,0.05028125
24688,0.05028125
192668,0.05028125
43508,0.05028125
174862,0.05028125
61084,0.05028125
166830,0.05028125
161636,0.05028125
49515,0.05028125
2709,0.05028125
148522,0.05028125
130664,0.05028125
198111,0.05028125
196786,0.05028125
145030,0.05028125
1494,0.05028125
146684,0.05028125
56232,0.05028125
95929,0.05028125
9880,0.05028125
49207,0.05028125
73960,0.05028125
193895,0.05028125
69744,0.05028125
119776,0.05028125
29463,0.05028125
156398,0.05028125
115151,0.05028125
173132,0.05028125
170946,0.05028125
145412,0.05028125
198497,0.05028125
100029,0.05028125
197218,0.05028125
152392,0.05028125
164423,0.05028125
163718,0.05028125
66608,0.05028125
10535,0.05028125
174794,0.05028125
186137,0.05028125
21054,0.05028125
194667,0.05028125
192127,0.05028125
172147,0.05028125
118126,0.05028125
72937,0.05028125
158724,0.05028125
131770,0.05028125
166634,0.05028125
68964,0.05028125
94992,0.05028125
99907,0.05028125
17633,0.05028125
73909,0.05028125
6147,0.05028125
127188,0.05028125
38539,0.05028125
37932,0.05028125
11166,0.05028125
2509,0.05028125
84212,0.05028125
5737,0.05028125
194427,0.05028125
102455,0.05028125
94966,0.05028125
109458,0.05028125
47094,0.05028125
163370,0.05028125
190570,0.05028125
97146,0.05028125
166717,0.05028125
42449,0.05028125
123997,0.05028125
115963,0.05028125
122999,0.05028125
164529,0.05028125
108738,0.05028125
11553,0.05028125
5947,0.05028125
74524,0.05028125
175760,0.05028125
195434,0.05028125
140256,0.05028125
154158,0.05028125
47298,0.05028125
132613,0.05028125
120038,0.05028125
62591,0.05028125
193089,0.05028125
138319,0.05028125
125716,0.05028125
46959,0.05028125
147274,0.05028125
13248,0.05028125
106375,0.05028125
4749,0.05028125
146920,0.05028125
158967,0.05028125
69770,0.05028125
56905,0.05028125
180289,0.05028125
36405,0.05028125
29865,0.05028125
19918,0.05028125
58219,0.05028125
17677,0.05028125
26598,0.05028125
144257,0.05028125
162152,0.05028125
170055,0.05028125
46236,0.05028125
37969,0.05028125
108724,0.05028125
69325,0.05028125
26690,0.05028125
171969,0.05028125
152829,0.05028125
123515,0.05028125
85471,0.05028125
60664,0.05028125
85800,0.05028125
61600,0.05028125
80357,0.05028125
84922,0.05028125
145801,0.05028125
51264,0.05028125
145667,0.05028125
111095,0.05028125
90026,0.05028125
163697,0.05028125
154316,0.05028125
76978,0.05028125
128931,0.05028125
46942,0.05028125
134670,0.05028125
74137,0.05028125
32575,0.05028125
152324,0.05028125
12776,0.05028125
142990,0.05028125
168048,0.05028125
150502,0.05028125
55803,0.05028125
180477,0.05028125
172666,0.05028125
66207,0.05028125
193961,0.05028125
67684,0.05028125
54048,0.05028125
26519,0.05028125
9874,0.05028125
152152,0.05028125
108199,0.05028125
21,0.05028125
166703,0.05028125
44682,0.05028125
100894,0.05028125
37949,0.05028125
119784,0.05028125
187144,0.05028125
149069,0.05028125
15636,0.05028125
8076,0.05028125
199428,0.05028125
55865,0.05028125
94236,0.05028125
121321,0.05028125
165821,0.05028125
45203,0.05028125
94650,0.05028125
4394,0.05028125
181913,0.05028125
106291,0.05028125
186150,0.05028125
199231,0.05028125
183787,0.05028125
173827,0.05028125
10783,0.05028125
150218,0.05028125
91048,0.05028125
126659,0.05028125
121203,0.05028125
55700,0.05028125
14000,0.05028125
40463,0.05028125
125287,0.05028125
84024,0.05028125
66602,0.05028125
130585,0.05028125
82562,0.05028125
45274,0.05028125
127467,0.05028125
14036,0.05028125
89230,0.05028125
130705,0.05028125
189227,0.05028125
125861,0.05028125
23901,0.05028125
84732,0.05028125
15767,0.05028125
85691,0.05028125
53959,0.05028125
180552,0.05028125
156234,0.05028125
65786,0.05028125
192714,0.05028125
78738,0.05028125
68934,0.05028125
77120,0.05028125
91467,0.05028125
103763,0.05028125
11558,0.05028125
153455,0.05028125
28474,0.05028125
107903,0.05028125
131094,0.05028125
173316,0.05028125
24379,0.05028125
48088,0.05028125
134398,0.05028125
37189,0.05028125
163673,0.05028125
61963,0.05028125
146319,0.05028125
135830,0.05028125
154425,0.05028125
47831,0.05028125
186495,0.05028125
188068,0.05028125
12989,0.05028125
122300,0.05028125
47307,0.05028125
120998,0.05028125
185413,0.05028125
74462,0.05028125
178520,0.05028125
96747,0.05028125
15722,0.05028125
82333,0.05028125
189195,0.05028125
101936,0.05028125
38862,0.05028125
73498,0.05028125
113793,0.05028125
27343,0.05028125
71906,0.05028125
192395,0.05028125
88916,0.05028125
116558,0.05028125
45234,0.05028125
160289,0.05028125
152202,0.05028125
42689,0.05028125
121861,0.05028125
139767,0.05028125
161317,0.05028125
34669,0.05028125
131960,0.05028125
80181,0.05028125
6667,0.05028125
70905,0.05028125
142115,0.05028125
92646,0.05028125
147172,0.05028125
129273,0.05028125
163502,0.05028125
181227,0.05028125
40811,0.05028125
30744,0.05028125
182428,0.05028125
138420,0.05028125
18227,0.05028125
15443,0.05028125
159958,0.05028125
46725,0.05028125
14891,0.05028125
92825,0.05028125
159971,0.05028125
78714,0.05028125
197943,0.05028125
186941,0.05028125
131994,0.05028125
137339,0.05028125
137014,0.05028125
4580,0.05028125
44138,0.05028125
188033,0.05028125
135122,0.05028125
144314,0.05028125
138890,0.05028125
158250,0.05028125
77102,0.05028125
163054,0.05028125
42908,0.05028125
80396,0.05028125
6501,0.05028125
178160,0.05028125
38139,0.05028125
32682,0.05028125
36300,0.05028125
29338,0.05028125
177611,0.05028125
175285,0.05028125
139976,0.05028125
15435,0.05028125
63273,0.05028125
94077,0.05028125
36021,0.05028125
115645,0.05028125
172897,0.05028125
154926,0.05028125
42175,0.05028125
90152,0.05028125
98834,0.05028125
67814,0.05028125
174234,0.05028125
123521,0.05028125
87995,0.05028125
164470,0.05028125
195719,0.05028125
86358,0.05028125
53051,0.05028125
172489,0.05028125
99797,0.05028125
189202,0.05028125
67275,0.05028125
84238,0.05028125
12296,0.05028125
1189,0.05028125
7683,0.05028125
21200,0.05028125
102642,0.05028125
21774,0.05028125
55600,0.05028125
175915,0.05028125
168941,0.05028125
120247,0.05028125
178672,0.05028125
152738,0.05028125
122338,0.05028125
52887,0.05028125
118765,0.05028125
82605,0.05028125
121676,0.05028125
185720,0.05028125
71582,0.05028125
132515,0.05028125
159079,0.05028125
45462,0.05028125
93761,0.05028125
4143,0.05028125
58073,0.05028125
55919,0.05028125
35337,0.05028125
124593,0.05028125
60854,0.05028125
196326,0.05028125
126881,0.05028125
167671,0.05028125
77206,0.05028125
59743,0.05028125
115439,0.05028125
105360,0.05028125
193246,0.05028125
73376,0.05028125
77153,0.05028125
112060,0.05028125
43796,0.05028125
139066,0.05028125
117928,0.05028125
175804,0.05028125
163069,0.05028125
138994,0.05028125
190301,0.05028125
136621,0.05028125
104568,0.05028125
80577,0.05028125
136531,0.05028125
12767,0.05028125
8740,0.05028125
11745,0.05028125
18045,0.05028125
112206,0.05028125
6619,0.05028125
152942,0.05028125
179581,0.05028125
143456,0.05028125
31632,0.05028125
75347,0.05028125
142480,0.05028125
65254,0.05028125
45978,0.05028125
55565,0.05028125
16895,0.05028125
14177,0.05028125
119011,0.05028125
10609,0.05028125
90578,0.05028125
138555,0.05028125
179015,0.05028125
38472,0.05028125
99670,0.05028125
123215,0.05028125
172366,0.05028125
127376,0.05028125
55906,0.05028125
13962,0.05028125
74609,0.05028125
19386,0.05028125
59540,0.05028125
6307,0.05028125
89803,0.05028125
52627,0.05028125
74178,0.05028125
27881,0.05028125
5949,0.05028125
60157,0.05028125
186897,0.05028125
22857,0.05028125
69895,0.05028125
142379,0.05028125
119991,0.05028125
2289,0.05028125
8148,0.05028125
141063,0.05028125
181951,0.05028125
14131,0.05028125
172295,0.05028125
56653,0.05028125
167395,0.05028125
7520,0.05028125
190400,0.05028125
197775,0.05028125
144027,0.05028125
79894,0.05028125
116062,0.05028125
141333,0.05028125
166858,0.05028125
3369,0.05028125
69630,0.05028125
50967,0.05028125
196624,0.05028125
182873,0.05028125
176343,0.05028125
55586,0.05028125
162154,0.05028125
62165,0.05028125
102533,0.05028125
109206,0.05028125
142103,0.05028125
37011,0.05028125
53009,0.05028125
138843,0.05028125
123837,0.05028125
105678,0.05028125
180102,0.05028125
170775,0.05028125
195950,0.05028125
186487,0.05028125
56841,0.05028125
65896,0.05028125
142934,0.05028125
15529,0.05028125
92589,0.05028125
11800,0.05028125
191179,0.05028125
121739,0.05028125
157947,0.05028125
58233,0.05028125
69757,0.05028125
139730,0.05028125
143342,0.05028125
4221,0.05028125
81789,0.05028125
55350,0.05028125
14045,0.05028125
78186,0.05028125
155493,0.05028125
29855,0.05028125
197220,0.05028125
197279,0.05028125
50017,0.05028125
41939,0.05028125
163402,0.05028125
161668,0.05028125
77558,0.05028125
109680,0.05028125
33984,0.05028125
97746,0.05028125
152940,0.05028125
144269,0.05028125
117715,0.05028125
120111,0.05028125
173568,0.05028125
91653,0.05028125
185123,0.05028125
17537,0.05028125
146316,0.05028125
22529,0.05028125
196010,0.05028125
178592,0.05028125
57236,0.05028125
117706,0.05028125
82449,0.05028125
152362,0.05028125
151568,0.05028125
17462,0.05028125
71309,0.05028125
32829,0.05028125
25104,0.05028125
1602,0.05028125
134403,0.05028125
72550,0.05028125
9868,0.05028125
120672,0.05028125
199641,0.05028125
169374,0.05028125
21142,0.05028125
133439,0.05028125
124263,0.05028125
175227,0.05028125
120965,0.05028125
13698,0.05028125
39692,0.05028125
27725,0.05028125
85708,0.05028125
133868,0.05028125
155238,0.05028125
177661,0.05028125
154352,0.05028125
127191,0.05028125
117925,0.05028125
177012,0.05028125
177633,0.05028125
89443,0.05028125
100689,0.05028125
21099,0.05028125
16342,0.05028125
180685,0.05028125
178666,0.05028125
121498,0.05028125
70354,0.05028125
178257,0.05028125
15690,0.05028125
16294,0.05028125
104747,0.05028125
87671,0.05028125
110555,0.05028125
198289,0.05028125
57497,0.05028125
152522,0.05028125
169366,0.05028125
28751,0.05028125
171428,0.05028125
154051,0.05028125
186656,0.05028125
84374,0.05028125
124791,0.05028125
79819,0.05028125
68959,0.05028125
169969,0.05028125
85697,0.05028125
166253,0.05028125
194935,0.05028125
171101,0.05028125
27101,0.05028125
124901,0.05028125
157683,0.05028125
160217,0.05028125
142357,0.05028125
126470,0.05028125
23571,0.05028125
27046,0.05028125
192717,0.05028125
28113,0.05028125
58601,0.05028125
92514,0.05028125
52480,0.05028125
14786,0.05028125
67147,0.05028125
22784,0.05028125
20644,0.05028125
6498,0.05028125
166009,0.05028125
4862,0.05028125
105791,0.05028125
141977,0.05028125
143743,0.05028125
96834,0.05028125
111529,0.05028125
165783,0.05028125
8822,0.05028125
197652,0.05028125
26467,0.05028125
150829,0.05028125
124560,0.05028125
150031,0.05028125
42102,0.05028125
86551,0.05028125
82760,0.05028125
67731,0.05028125
98358,0.05028125
178253,0.05028125
98921,0.05028125
116458,0.05028125
62479,0.05028125
116087,0.05028125
156119,0.05028125
50774,0.05028125
38767,0.05028125
66177,0.05028125
136129,0.05028125
39712,0.05028125
60904,0.05028125
167839,0.05028125
44361,0.05028125
56546,0.05028125
49772,0.05028125
74924,0.05028125
121097,0.05028125
167889,0.05028125
197605,0.05028125
160070,0.05028125
37559,0.05028125
199048,0.05028125
22806,0.05028125
70247,0.05028125
99291,0.05028125
73,0.05028125
101107,0.05028125
168194,0.05028125
64659,0.05028125
174224,0.05028125
98803,0.05028125
141141,0.05028125
90966,0.05028125
171215,0.05028125
85422,0.05028125
199934,0.05028125
164759,0.05028125
87210,0.05028125
130237,0.05028125
92267,0.05028125
45331,0.05028125
36482,0.05028125
92260,0.05028125
98476,0.05028125
132557,0.05028125
64319,0.05028125
57380,0.05028125
43672,0.05028125
4004,0.05028125
194055,0.05028125
50698,0.05028125
17301,0.05028125
190816,0.05028125
165452,0.05028125
180151,0.05028125
51250,0.05028125
41133,0.05028125
88846,0.05028125
155780,0.05028125
175067,0.05028125
163934,0.05028125
31699,0.05028125
72880,0.05028125
69651,0.05028125
46877,0.05028125
95043,0.05028125
100268,0.05028125
40165,0.05028125
113285,0.05028125
63676,0.05028125
119969,0.05028125
170009,0.05028125
85198,0.05028125
133952,0.05028125
12055,0.05028125
159397,0.05028125
72322,0.05028125
33024,0.05028125
28585,0.05028125
3893,0.05028125
161085,0.05028125
32887,0.05028125
120607,0.05028125
55461,0.05028125
3775,0.05028125
120976,0.05028125
142965,0.05028125
67378,0.05028125
195393,0.05028125
91570,0.05028125
73514,0.05028125
194722,0.05028125
172512,0.05028125
148628,0.05028125
170536,0.05028125
182258,0.05028125
73212,0.05028125
190968,0.05028125
14272,0.05028125
137025,0.05028125
115192,0.05028125
184964,0.05028125
39411,0.05028125
46509,0.05028125
67103,0.05028125
42192,0.05028125
33533,0.05028125
72735,0.05028125
156557,0.05028125
153577,0.05028125
37577,0.05028125
49386,0.05028125
175274,0.05028125
4866,0.05028125
64436,0.05028125
58585,0.05028125
151222,0.05028125
127290,0.05028125
74753,0.05028125
91825,0.05028125
120546,0.05028125
131683,0.05028125
63066,0.05028125
159547,0.05028125
162523,0.05028125
125624,0.05028125
4615,0.05028125
133617,0.05028125
184499,0.05028125
136653,0.05028125
164778,0.05028125
84647,0.05028125
153981,0.05028125
41372,0.05028125
6927,0.05028125
140279,0.05028125
141208,0.05028125
113352,0.05028125
127210,0.05028125
103151,0.05028125
26755,0.05028125
33061,0.05028125
111308,0.05028125
81849,0.05028125
34202,0.05028125
143186,0.05028125
175085,0.05028125
137466,0.05028125
175377,0.05028125
74617,0.05028125
31204,0.05028125
54252,0.05028125
8922,0.05028125
7407,0.05028125
196429,0.05028125
31436,0.05028125
71096,0.05028125
142603,0.05028125
102072,0.05028125
176346,0.05028125
189532,0.05028125
195858,0.05028125
130492,0.05028125
142738,0.05028125
118415,0.05028125
193931,0.05028125
14194,0.05028125
28921,0.05028125
53841,0.05028125
163967,0.05028125
41966,0.05028125
61301,0.05028125
75465,0.05028125
99346,0.05028125
32511,0.05028125
189715,0.05028125
161165,0.05028125
160323,0.05028125
155435,0.05028125
10697,0.05028125
132099,0.05028125
150228,0.05028125
182346,0.05028125
127584,0.05028125
149937,0.05028125
145043,0.05028125
125331,0.05028125
79307,0.05028125
26835,0.05028125
149385,0.05028125
53675,0.05028125
78180,0.05028125
489,0.05028125
51085,0.05028125
169196,0.05028125
1390,0.05028125
40526,0.05028125
185175,0.05028125
130212,0.05028125
167595,0.05028125
184635,0.05028125
21246,0.05028125
185695,0.05028125
30921,0.05028125
36106,0.05028125
21785,0.05028125
26907,0.05028125
88748,0.05028125
94147,0.05028125
55780,0.05028125
29337,0.05028125
95771,0.05028125
166610,0.05028125
7808,0.05028125
4316,0.05028125
76932,0.05028125
45857,0.05028125
116693,0.05028125
55754,0.05028125
190964,0.05028125
113631,0.05028125
56246,0.05028125
48771,0.05028125
138008,0.05028125
115581,0.05028125
171664,0.05028125
140496,0.05028125
89322,0.05028125
192681,0.05028125
178329,0.05028125
108489,0.05028125
46654,0.05028125
152341,0.05028125
36578,0.05028125
114788,0.05028125
92242,0.05028125
143323,0.05028125
162752,0.05028125
51458,0.05028125
18400,0.05028125
142119,0.05028125
119877,0.05028125
39727,0.05028125
190833,0.05028125
128831,0.05028125
17971,0.05028125
169582,0.05028125
39745,0.05028125
39441,0.05028125
46282,0.05028125
45040,0.05028125
180006,0.05028125
181759,0.05028125
158943,0.05028125
26252,0.05028125
38447,0.05028125
48897,0.05028125
27233,0.05028125
178074,0.05028125
31463,0.05028125
106432,0.05028125
53815,0.05028125
58108,0.05028125
176752,0.05028125
64740,0.05028125
9824,0.05028125
192632,0.05028125
106033,0.05028125
121124,0.05028125
24301,0.05028125
71473,0.05028125
82726,0.05028125
126998,0.05028125
185780,0.05028125
92707,0.05028125
8528,0.05028125
14117,0.05028125
180732,0.05028125
176211,0.05028125
141695,0.05028125
182652,0.05028125
183296,0.05028125
38233,0.05028125
58218,0.05028125
26583,0.05028125
152690,0.05028125
64722,0.05028125
53090,0.05028125
168886,0.05028125
95797,0.05028125
109008,0.05028125
129837,0.05028125
2251,0.05028125
157483,0.05028125
154670,0.05028125
164500,0.05028125
106641,0.05028125
83672,0.05028125
147682,0.05028125
193068,0.05028125
98618,0.05028125
21389,0.05028125
188264,0.05028125
112147,0.05028125
167048,0.05028125
14116,0.05028125
31561,0.05028125
28512,0.05028125
141704,0.05028125
183754,0.05028125
19174,0.05028125
125753,0.05028125
107338,0.05028125
142761,0.05028125
198549,0.05028125
45496,0.05028125
14496,0.05028125
104573,0.05028125
68657,0.05028125
173086,0.05028125
102947,0.05028125
196679,0.05028125
63852,0.05028125
188760,0.05028125
96243,0.05028125
172481,0.05028125
94767,0.05028125
138367,0.05028125
36589,0.05028125
144412,0.05028125
51033,0.05028125
164143,0.05028125
40765,0.05028125
9087,0.05028125
104915,0.05028125
155250,0.05028125
100447,0.05028125
183949,0.05028125
193346,0.05028125
127436,0.05028125
22608,0.05028125
10388,0.05028125
85758,0.05028125
143852,0.05028125
102180,0.05028125
147217,0.05028125
119553,0.05028125
26262,0.05028125
11655,0.05028125
93538,0.05028125
17833,0.05028125
44068,0.05028125
163869,0.05028125
111212,0.05028125
199970,0.05028125
6940,0.05028125
146360,0.05028125
66589,0.05028125
19377,0.05028125
122735,0.05028125
56818,0.05028125
106665,0.05028125
147546,0.05028125
6942,0.05028125
111223,0.05028125
151805,0.05028125
83601,0.05028125
52203,0.05028125
105958,0.05028125
46270,0.05028125
134025,0.05028125
137654,0.05028125
186473,0.05028125
45154,0.05028125
63867,0.05028125
190928,0.05028125
63250,0.05028125
175198,0.05028125
192335,0.05028125
44499,0.05028125
25970,0.05028125
48164,0.05028125
111354,0.05028125
117918,0.05028125
71022,0.05028125
1078,0.05028125
68151,0.05028125
90636,0.05028125
145580,0.05028125
143459,0.05028125
93849,0.05028125
151637,0.05028125
24035,0.05028125
173873,0.05028125
69021,0.05028125
66726,0.05028125
179035,0.05028125
153390,0.05028125
142193,0.05028125
134476,0.05028125
28817,0.05028125
77337,0.05028125
124515,0.05028125
39480,0.05028125
109685,0.05028125
148652,0.05028125
17265,0.05028125
29662,0.05028125
29499,0.05028125
99458,0.05028125
180989,0.05028125
109308,0.05028125
164148,0.05028125
1403,0.05028125
110837,0.05028125
24317,0.05028125
173479,0.05028125
159563,0.05028125
115852,0.05028125
2614,0.05028125
93927,0.05028125
85543,0.05028125
48152,0.05028125
175468,0.05028125
194729,0.05028125
118928,0.05028125
158638,0.05028125
191611,0.05028125
113181,0.05028125
121928,0.05028125
182356,0.05028125
149213,0.05028125
140162,0.05028125
121960,0.05028125
123923,0.05028125
197354,0.05028125
106009,0.05028125
74901,0.05028125
168192,0.05028125
132025,0.05028125
152238,0.05028125
180792,0.05028125
99122,0.05028125
93676,0.05028125
191700,0.05028125
67354,0.05028125
116798,0.05028125
170913,0.05028125
197564,0.05028125
44579,0.05028125
106684,0.05028125
114524,0.05028125
139469,0.05028125
124048,0.05028125
198511,0.05028125
55428,0.05028125
106449,0.05028125
174558,0.05028125
25492,0.05028125
175432,0.05028125
64919,0.05028125
47006,0.05028125
66480,0.05028125
751,0.05028125
54157,0.05028125
156222,0.05028125
187573,0.05028125
145007,0.05028125
32125,0.05028125
170433,0.05028125
5682,0.05028125
169444,0.05028125
196915,0.05028125
39851,0.05028125
102934,0.05028125
150525,0.05028125
42692,0.05028125
140553,0.05028125
91612,0.05028125
28489,0.05028125
16553,0.05028125
131046,0.05028125
68095,0.05028125
50585,0.05028125
95732,0.05028125
43455,0.05028125
118776,0.05028125
74828,0.05028125
129744,0.05028125
100385,0.05028125
37242,0.05028125
181926,0.05028125
193856,0.05028125
105707,0.05028125
108087,0.05028125
184343,0.05028125
94866,0.05028125
65063,0.05028125
81070,0.05028125
37621,0.05028125
165955,0.05028125
118606,0.05028125
5879,0.05028125
39719,0.05028125
125126,0.05028125
112651,0.05028125
100052,0.05028125
196746,0.05028125
126387,0.05028125
146177,0.05028125
104035,0.05028125
159998,0.05028125
161446,0.05028125
130757,0.05028125
24969,0.05028125
72874,0.05028125
42901,0.05028125
158231,0.05028125
180998,0.05028125
66649,0.05028125
49752,0.05028125
159926,0.05028125
173385,0.05028125
74941,0.05028125
31018,0.05028125
143466,0.05028125
173396,0.05028125
27657,0.05028125
24087,0.05028125
140884,0.05028125
148506,0.05028125
39594,0.05028125
184747,0.05028125
21477,0.05028125
5315,0.05028125
71937,0.05028125
11991,0.05028125
180235,0.05028125
186180,0.05028125
49189,0.05028125
195154,0.05028125
38981,0.05028125
102443,0.05028125
42934,0.05028125
152933,0.05028125
69583,0.05028125
159173,0.05028125
5683,0.05028125
141946,0.05028125
60987,0.05028125
7388,0.05028125
15076,0.05028125
118963,0.05028125
105888,0.05028125
78408,0.05028125
155361,0.05028125
185335,0.05028125
97145,0.05028125
148848,0.05028125
82916,0.05028125
24783,0.05028125
21350,0.05028125
169467,0.05028125
22153,0.05028125
158786,0.05028125
50327,0.05028125
89140,0.05028125
185546,0.05028125
180241,0.05028125
150576,0.05028125
197362,0.05028125
136464,0.05028125
44587,0.05028125
146594,0.05028125
163643,0.05028125
83850,0.05028125
76213,0.05028125
53933,0.05028125
154118,0.05028125
56567,0.05028125
173641,0.05028125
132077,0.05028125
124397,0.05028125
21314,0.05028125
180703,0.05028125
124056,0.05028125
28479,0.05028125
139001,0.05028125
65878,0.05028125
190963,0.05028125
123096,0.05028125
141424,0.05028125
44699,0.05028125
197969,0.05028125
165643,0.05028125
66511,0.05028125
33624,0.05028125
137564,0.05028125
150114,0.05028125
34545,0.05028125
87171,0.05028125
77698,0.05028125
152233,0.05028125
35250,0.05028125
169643,0.05028125
137875,0.05028125
91900,0.05028125
155806,0.05028125
194096,0.05028125
131708,0.05028125
25472,0.05028125
30656,0.05028125
143841,0.05028125
93591,0.05028125
184115,0.05028125
131282,0.05028125
175971,0.05028125
36070,0.05028125
122467,0.05028125
146044,0.05028125
173196,0.05028125
167992,0.05028125
110872,0.05028125
74461,0.05028125
157095,0.05028125
42060,0.05028125
155791,0.05028125
10555,0.05028125
78915,0.05028125
68276,0.05028125
185129,0.05028125
181858,0.05028125
142251,0.05028125
30671,0.05028125
171421,0.05028125
35923,0.05028125
184577,0.05028125
129671,0.05028125
160138,0.05028125
160586,0.05028125
6168,0.05028125
176843,0.05028125
195499,0.05028125
141016,0.05028125
172154,0.05028125
177270,0.05028125
171697,0.05028125
33656,0.05028125
93434,0.05028125
142070,0.05028125
134913,0.05028125
80639,0.05028125
62470,0.05028125
24325,0.05028125
35972,0.05028125
104380,0.05028125
195169,0.05028125
22497,0.05028125
162622,0.05028125
107274,0.05028125
127263,0.05028125
155728,0.05028125
170995,0.05028125
90457,0.05028125
178535,0.05028125
78964,0.05028125
13278,0.05028125
39088,0.05028125
104828,0.05028125
179748,0.05028125
32339,0.05028125
113238,0.05028125
91616,0.05028125
118426,0.05028125
136993,0.05028125
171930,0.05028125
81764,0.05028125
60750,0.05028125
56728,0.05028125
56159,0.05028125
80629,0.05028125
13765,0.05028125
186644,0.05028125
43496,0.05028125
188496,0.05028125
31026,0.05028125
12059,0.05028125
22722,0.05028125
104083,0.05028125
101290,0.05028125
29977,0.05028125
51734,0.05028125
36335,0.05028125
105663,0.05028125
48905,0.05028125
134354,0.05028125
50027,0.05028125
104672,0.05028125
191217,0.05028125
131462,0.05028125
8506,0.05028125
135165,0.05028125
26069,0.05028125
47996,0.05028125
61283,0.05028125
183244,0.05028125
33612,0.05028125
193249,0.05028125
192133,0.05028125
87203,0.05028125
168121,0.05028125
77969,0.05028125
116988,0.05028125
188476,0.05028125
94802,0.05028125
48626,0.05028125
168205,0.05028125
102879,0.05028125
152584,0.05028125
31291,0.05028125
121005,0.05028125
51252,0.05028125
194508,0.05028125
176393,0.05028125
183293,0.05028125
380,0.05028125
188688,0.05028125
195036,0.05028125
115031,0.05028125
55797,0.05028125
35791,0.05028125
41755,0.05028125
181795,0.05028125
136341,0.05028125
10336,0.05028125
195580,0.05028125
111379,0.05028125
175087,0.05028125
107389,0.05028125
195922,0.05028125
152114,0.05028125
6864,0.05028125
146336,0.05028125
122291,0.05028125
58628,0.05028125
39400,0.05028125
40496,0.05028125
70934,0.05028125
108102,0.05028125
65801,0.05028125
17442,0.05028125
21906,0.05028125
136458,0.05028125
166333,0.05028125
93075,0.05028125
65682,0.05028125
62184,0.05028125
82725,0.05028125
47316,0.05028125
137090,0.05028125
79932,0.05028125
176788,0.05028125
19936,0.05028125
157173,0.05028125
67628,0.05028125
17197,0.05028125
185558,0.05028125
195021,0.05028125
128755,0.05028125
167507,0.05028125
30529,0.05028125
97081,0.05028125
166529,0.05028125
139494,0.05028125
113937,0.05028125
106702,0.05028125
56043,0.05028125
191398,0.05028125
198942,0.05028125
51955,0.05028125
96761,0.05028125
68642,0.05028125
112823,0.05028125
25453,0.05028125
133936,0.05028125
70068,0.05028125
190555,0.05028125
94486,0.05028125
56775,0.05028125
89357,0.05028125
143305,0.05028125
154679,0.05028125
22561,0.05028125
34356,0.05028125
192441,0.05028125
184182,0.05028125
151714,0.05028125
94163,0.05028125
100044,0.05028125
187819,0.05028125
8687,0.05028125
114368,0.05028125
113295,0.05028125
5965,0.05028125
55957,0.05028125
63883,0.05028125
186273,0.05028125
82723,0.05028125
64938,0.05028125
168430,0.05028125
118966,0.05028125
125591,0.05028125
84741,0.05028125
119346,0.05028125
18284,0.05028125
106814,0.05028125
24858,0.05028125
120197,0.05028125
119370,0.05028125
165094,0.05028125
52167,0.05028125
101151,0.05028125
67775,0.05028125
167572,0.05028125
113074,0.05028125
52554,0.05028125
94973,0.05028125
107725,0.05028125
91579,0.05028125
152264,0.05028125
142652,0.05028125
51620,0.05028125
99685,0.05028125
138461,0.05028125
17073,0.05028125
76263,0.05028125
119128,0.05028125
107742,0.05028125
115030,0.05028125
30605,0.05028125
90389,0.05028125
197789,0.05028125
117480,0.05028125
35272,0.05028125
7371,0.05028125
47096,0.05028125
186601,0.05028125
164829,0.05028125
194853,0.05028125
132178,0.05028125
155551,0.05028125
30231,0.05028125
94215,0.05028125
139758,0.05028125
115038,0.05028125
96092,0.05028125
199700,0.05028125
37326,0.05028125
47734,0.05028125
65986,0.05028125
186355,0.05028125
33180,0.05028125
177676,0.05028125
129951,0.05028125
9961,0.05028125
154161,0.05028125
199158,0.05028125
22942,0.05028125
179591,0.05028125
75716,0.05028125
104943,0.05028125
115178,0.05028125
51282,0.05028125
192747,0.05028125
20887,0.05028125
49630,0.05028125
58183,0.05028125
72920,0.05028125
148148,0.05028125
116459,0.05028125
49473,0.05028125
142905,0.05028125
9248,0.05028125
95735,0.05028125
17669,0.05028125
124998,0.05028125
118368,0.05028125
94174,0.05028125
124324,0.05028125
85193,0.05028125
140595,0.05028125
106538,0.05028125
145993,0.05028125
127458,0.05028125
192451,0.05028125
114751,0.05028125
192010,0.05028125
149523,0.05028125
29697,0.05028125
46436,0.05028125
140723,0.05028125
29054,0.05028125
72978,0.05028125
130680,0.05028125
23306,0.05028125
67229,0.05028125
13556,0.05028125
34612,0.05028125
47287,0.05028125
112018,0.05028125
191435,0.05028125
10206,0.05028125
184068,0.05028125
145885,0.05028125
78650,0.05028125
32754,0.05028125
59973,0.05028125
96724,0.05028125
119333,0.05028125
34524,0.05028125
2206,0.05028125
119867,0.05028125
123145,0.05028125
39486,0.05028125
102352,0.05028125
12034,0.05028125
95253,0.05028125
57537,0.05028125
67986,0.05028125
103453,0.05028125
86157,0.05028125
121669,0.05028125
106681,0.05028125
97184,0.05028125
58299,0.05028125
111561,0.05028125
12414,0.05028125
92975,0.05028125
19282,0.05028125
113170,0.05028125
65941,0.05028125
80522,0.05028125
121468,0.05028125
177664,0.05028125
95344,0.05028125
178473,0.05028125
3364,0.05028125
105604,0.05028125
65785,0.05028125
86717,0.05028125
49116,0.05028125
105797,0.05028125
46167,0.05028125
153478,0.05028125
38608,0.05028125
21018,0.05028125
13772,0.05028125
6566,0.05028125
38361,0.05028125
157475,0.05028125
160047,0.05028125
56449,0.05028125
64036,0.05028125
177298,0.05028125
79509,0.05028125
15537,0.05028125
107165,0.05028125
197008,0.05028125
126893,0.05028125
191620,0.05028125
135724,0.05028125
150932,0.05028125
22416,0.05028125
141556,0.05028125
45731,0.05028125
85067,0.05028125
60908,0.05028125
154856,0.05028125
10727,0.05028125
48471,0.05028125
93994,0.05028125
107769,0.05028125
62994,0.05028125
2742,0.05028125
13676,0.05028125
137537,0.05028125
144884,0.05028125
51196,0.05028125
57149,0.05028125
90461,0.05028125
85511,0.05028125
76684,0.05028125
126737,0.05028125
48678,0.05028125
75484,0.05028125
104386,0.05028125
86039,0.05028125
27649,0.05028125
72181,0.05028125
143190,0.05028125
7656,0.05028125
126530,0.05028125
153898,0.05028125
55415,0.05028125
77931,0.05028125
73875,0.05028125
103578,0.05028125
188954,0.05028125
135436,0.05028125
63158,0.05028125
98722,0.05028125
121985,0.05028125
172207,0.05028125
81034,0.05028125
166729,0.05028125
184927,0.05028125
150768,0.05028125
86098,0.05028125
137199,0.05028125
52545,0.05028125
106204,0.05028125
18953,0.05028125
98023,0.05028125
118342,0.05028125
138673,0.05028125
88203,0.05028125
196269,0.05028125
96633,0.05028125
145648,0.05028125
38043,0.05028125
103479,0.05028125
1090,0.05028125
139451,0.05028125
91072,0.05028125
23483,0.05028125
35658,0.05028125
47652,0.05028125
78701,0.05028125
133504,0.05028125
116476,0.05028125
198414,0.05028125
186851,0.05028125
111115,0.05028125
108334,0.05028125
103150,0.05028125
52191,0.05028125
167971,0.05028125
193754,0.05028125
79594,0.05028125
152616,0.05028125
82392,0.05028125
63311,0.05028125
120747,0.05028125
6306,0.05028125
21841,0.05028125
105751,0.05028125
190560,0.05028125
52595,0.05028125
161913,0.05028125
24773,0.05028125
117314,0.05028125
5997,0.05028125
86349,0.05028125
115431,0.05028125
169866,0.05028125
13866,0.05028125
185599,0.05028125
169183,0.05028125
66409,0.05028125
35939,0.05028125
31164,0.05028125
133352,0.05028125
115797,0.05028125
149489,0.05028125
69766,0.05028125
142847,0.05028125
81356,0.05028125
112319,0.05028125
34229,0.05028125
61230,0.05028125
14762,0.05028125
45074,0.05028125
30965,0.05028125
181350,0.05028125
25805,0.05028125
49759,0.05028125
41739,0.05028125
92587,0.05028125
57264,0.05028125
34168,0.05028125
133156,0.05028125
118758,0.05028125
4210,0.05028125
41260,0.05028125
183480,0.05028125
33291,0.05028125
134285,0.05028125
156086,0.05028125
172759,0.05028125
184919,0.05028125
39724,0.05028125
139183,0.05028125
94394,0.05028125
128917,0.05028125
187914,0.05028125
6638,0.05028125
7102,0.05028125
64942,0.05028125
175251,0.05028125
195208,0.05028125
6519,0.05028125
13505,0.05028125
49165,0.05028125
113453,0.05028125
125744,0.05028125
2816,0.05028125
167644,0.05028125
107836,0.05028125
42809,0.05028125
119882,0.05028125
133615,0.05028125
19655,0.05028125
195268,0.05028125
148357,0.05028125
97359,0.05028125
95005,0.05028125
28605,0.05028125
181422,0.05028125
73605,0.05028125
4051,0.05028125
67133,0.05028125
88667,0.05028125
152346,0.05028125
23819,0.05028125
180798,0.05028125
189287,0.05028125
38647,0.05028125
192482,0.05028125
152795,0.05028125
72320,0.05028125
55172,0.05028125
60482,0.05028125
66940,0.05028125
183263,0.05028125
7983,0.05028125
58044,0.05028125
57954,0.05028125
180172,0.05028125
30825,0.05028125
13295,0.05028125
151216,0.05028125
93863,0.05028125
165079,0.05028125
107751,0.05028125
160739,0.05028125
158586,0.05028125
182940,0.05028125
147132,0.05028125
37877,0.05028125
114755,0.05028125
100167,0.05028125
170302,0.05028125
41593,0.05028125
135634,0.05028125
55339,0.05028125
17823,0.05028125
149224,0.05028125
196388,0.05028125
141940,0.05028125
38209,0.05028125
116171,0.05028125
3046,0.05028125
82650,0.05028125
132530,0.05028125
66134,0.05028125
85326,0.05028125
155741,0.05028125
80042,0.05028125
57871,0.05028125
154212,0.05028125
99056,0.05028125
39893,0.05028125
162120,0.05028125
22467,0.05028125
10397,0.05028125
8568,0.05028125
57937,0.05028125
143035,0.05028125
77770,0.05028125
171970,0.05028125
173133,0.05028125
122035,0.05028125
11967,0.05028125
60135,0.05028125
93931,0.05028125
44419,0.05028125
170897,0.05028125
70176,0.05028125
135353,0.05028125
161209,0.05028125
173665,0.05028125
191969,0.05028125
26666,0.05028125
110070,0.05028125
5322,0.05028125
155909,0.05028125
142868,0.05028125
138926,0.05028125
73191,0.05028125
143443,0.05028125
86543,0.05028125
112667,0.05028125
99145,0.05028125
83744,0.05028125
111159,0.05028125
123851,0.05028125
187451,0.05028125
199372,0.05028125
83398,0.05028125
110342,0.05028125
166915,0.05028125
163147,0.05028125
133413,0.05028125
174536,0.05028125
28403,0.05028125
127712,0.05028125
180016,0.05028125
94231,0.05028125
96468,0.05028125
47050,0.05028125
6969,0.05028125
158165,0.05028125
139124,0.05028125
165618,0.05028125
42334,0.05028125
43906,0.05028125
63456,0.05028125
83969,0.05028125
52038,0.05028125
123872,0.05028125
157103,0.05028125
111496,0.05028125
182178,0.05028125
81668,0.05028125
142366,0.05028125
88299,0.05028125
148646,0.05028125
75421,0.05028125
53414,0.05028125
178816,0.05028125
46274,0.05028125
164387,0.05028125
40805,0.05028125
166356,0.05028125
1181,0.05028125
129383,0.05028125
113989,0.05028125
87293,0.05028125
45257,0.05028125
89911,0.05028125
81973,0.05028125
40339,0.05028125
151128,0.05028125
28777,0.05028125
115825,0.05028125
109977,0.05028125
46521,0.05028125
85348,0.05028125
106123,0.05028125
25029,0.05028125
2020,0.05028125
105875,0.05028125
131885,0.05028125
53207,0.05028125
161273,0.05028125
66748,0.05028125
44603,0.05028125
185870,0.05028125
54614,0.05028125
177984,0.05028125
117097,0.05028125
89165,0.05028125
169910,0.05028125
84125,0.05028125
164835,0.05028125
45905,0.05028125
83518,0.05028125
135539,0.05028125
128688,0.05028125
146228,0.05028125
139119,0.05028125
184021,0.05028125
180508,0.05028125
181137,0.05028125
72754,0.05028125
91074,0.05028125
88314,0.05028125
13241,0.05028125
126355,0.05028125
111141,0.05028125
184613,0.05028125
25449,0.05028125
111957,0.05028125
100723,0.05028125
176905,0.05028125
145438,0.05028125
178099,0.05028125
103233,0.05028125
29856,0.05028125
169785,0.05028125
138438,0.05028125
119018,0.05028125
117330,0.05028125
69826,0.05028125
128071,0.05028125
91532,0.05028125
182769,0.05028125
87061,0.05028125
80824,0.05028125
83703,0.05028125
20506,0.05028125
194503,0.05028125
109576,0.05028125
190076,0.05028125
14257,0.05028125
134141,0.05028125
185117,0.05028125
121869,0.05028125
170952,0.05028125
60220,0.05028125
160670,0.05028125
103397,0.05028125
11578,0.05028125
163236,0.05028125
160259,0.05028125
128401,0.05028125
33287,0.05028125
133426,0.05028125
67077,0.05028125
164996,0.05028125
95577,0.05028125
56731,0.05028125
153528,0.05028125
14260,0.05028125
111289,0.05028125
113557,0.05028125
119157,0.05028125
13066,0.05028125
16440,0.05028125
153132,0.05028125
179848,0.05028125
12956,0.05028125
4472,0.05028125
168734,0.05028125
74112,0.05028125
109202,0.05028125
68190,0.05028125
9673,0.05028125
162566,0.05028125
188061,0.05028125
76297,0.05028125
22562,0.05028125
59634,0.05028125
164901,0.05028125
161713,0.05028125
196427,0.05028125
100007,0.05028125
178539,0.05028125
156277,0.05028125
62283,0.05028125
198275,0.05028125
61808,0.05028125
44918,0.05028125
59694,0.05028125
183545,0.05028125
111778,0.05028125
180011,0.05028125
74202,0.05028125
182706,0.05028125
127353,0.05028125
190946,0.05028125
103986,0.05028125
192816,0.05028125
92696,0.05028125
182012,0.05028125
117133,0.05028125
29841,0.05028125
98279,0.05028125
134304,0.05028125
140193,0.05028125
153179,0.05028125
3658,0.05028125
172966,0.05028125
27757,0.05028125
170167,0.05028125
186819,0.05028125
112798,0.05028125
148103,0.05028125
18910,0.05028125
12002,0.05028125
120629,0.05028125
131983,0.05028125
109570,0.05028125
42634,0.05028125
123475,0.05028125
97334,0.05028125
66874,0.05028125
25891,0.05028125
27458,0.05028125
33699,0.05028125
1289,0.05028125
86231,0.05028125
170996,0.05028125
133710,0.05028125
73809,0.05028125
86679,0.05028125
37962,0.05028125
269,0.05028125
163536,0.05028125
33453,0.05028125
166245,0.05028125
137360,0.05028125
148272,0.05028125
38153,0.05028125
108700,0.05028125
145999,0.05028125
130488,0.05028125
123760,0.05028125
70170,0.05028125
86908,0.05028125
39329,0.05028125
16423,0.05028125
127207,0.05028125
60362,0.05028125
87717,0.05028125
36036,0.05028125
94071,0.05028125
166480,0.05028125
197906,0.05028125
152454,0.05028125
102184,0.05028125
96459,0.05028125
126971,0.05028125
190209,0.05028125
148748,0.05028125
21317,0.05028125
141067,0.05028125
26780,0.05028125
23498,0.05028125
114030,0.05028125
100412,0.05028125
50974,0.05028125
169006,0.05028125
121934,0.05028125
99712,0.05028125
147326,0.05028125
190369,0.05028125
118771,0.05028125
38433,0.05028125
3055,0.05028125
181628,0.05028125
155502,0.05028125
192208,0.05028125
53149,0.05028125
67519,0.05028125
68346,0.05028125
34337,0.05028125
196085,0.05028125
427,0.05028125
17177,0.05028125
79116,0.05028125
55427,0.05028125
61595,0.05028125
189075,0.05028125
49497,0.05028125
1707,0.05028125
96439,0.05028125
57033,0.05028125
12686,0.05028125
183609,0.05028125
134925,0.05028125
157244,0.05028125
116578,0.05028125
154410,0.05028125
166715,0.05028125
81976,0.05028125
148675,0.05028125
171604,0.05028125
180026,0.05028125
23364,0.05028125
198107,0.05028125
197736,0.05028125
162438,0.05028125
114282,0.05028125
134589,0.05028125
90809,0.05028125
17336,0.05028125
93219,0.05028125
22683,0.05028125
178583,0.05028125
15890,0.05028125
108582,0.05028125
106027,0.05028125
197890,0.05028125
119849,0.05028125
124151,0.05028125
154929,0.05028125
163684,0.05028125
152859,0.05028125
49336,0.05028125
70604,0.05028125
76691,0.05028125
143687,0.05028125
161490,0.05028125
187341,0.05028125
121937,0.05028125
141433,0.05028125
125709,0.05028125
98236,0.05028125
176063,0.05028125
114299,0.05028125
22436,0.05028125
188491,0.05028125
166822,0.05028125
96572,0.05028125
163773,0.05028125
82191,0.05028125
184001,0.05028125
5056,0.05028125
283,0.05028125
29491,0.05028125
147900,0.05028125
91517,0.05028125
113444,0.05028125
98431,0.05028125
37901,0.05028125
107821,0.05028125
119630,0.05028125
48136,0.05028125
108691,0.05028125
41141,0.05028125
180736,0.05028125
192327,0.05028125
129612,0.05028125
54607,0.05028125
133065,0.05028125
44354,0.05028125
79160,0.05028125
34404,0.05028125
55205,0.05028125
170785,0.05028125
52747,0.05028125
154053,0.05028125
6021,0.05028125
87779,0.05028125
171361,0.05028125
43517,0.05028125
60525,0.05028125
161995,0.05028125
133337,0.05028125
24913,0.05028125
40300,0.05028125
116483,0.05028125
11974,0.05028125
164821,0.05028125
52898,0.05028125
187362,0.05028125
195034,0.05028125
126725,0.05028125
98335,0.05028125
90335,0.05028125
92184,0.05028125
8072,0.05028125
8701,0.05028125
136610,0.05028125
142751,0.05028125
18474,0.05028125
129769,0.05028125
117127,0.05028125
168245,0.05028125
39370,0.05028125
173126,0.05028125
151265,0.05028125
137437,0.05028125
157526,0.05028125
116163,0.05028125
173815,0.05028125
115410,0.05028125
12143,0.05028125
192937,0.05028125
188892,0.05028125
44346,0.05028125
164058,0.05028125
40690,0.05028125
70120,0.05028125
47857,0.05028125
78870,0.05028125
40350,0.05028125
160463,0.05028125
183682,0.05028125
170885,0.05028125
172278,0.05028125
37844,0.05028125
103277,0.05028125
152964,0.05028125
104691,0.05028125
59169,0.05028125
158024,0.05028125
178916,0.05028125
75889,0.05028125
115171,0.05028125
82324,0.05028125
187400,0.05028125
118236,0.05028125
54185,0.05028125
41730,0.05028125
31614,0.05028125
83597,0.05028125
114705,0.05028125
48778,0.05028125
49659,0.05028125
96651,0.05028125
64483,0.05028125
2946,0.05028125
196189,0.05028125
59657,0.05028125
45536,0.05028125
162423,0.05028125
180343,0.05028125
83302,0.05028125
174465,0.05028125
176068,0.05028125
118261,0.05028125
51123,0.05028125
38165,0.05028125
43263,0.05028125
48795,0.05028125
46180,0.05028125
94085,0.05028125
57501,0.05028125
125120,0.05028125
143673,0.05028125
54884,0.05028125
198438,0.05028125
88595,0.05028125
112533,0.05028125
149970,0.05028125
90166,0.05028125
177548,0.05028125
23442,0.05028125
83439,0.05028125
195378,0.05028125
52462,0.05028125
42064,0.05028125
28979,0.05028125
50409,0.05028125
190006,0.05028125
171975,0.05028125
130526,0.05028125
170732,0.05028125
133158,0.05028125
54951,0.05028125
99507,0.05028125
148886,0.05028125
63422,0.05028125
109403,0.05028125
180368,0.05028125
96941,0.05028125
87068,0.05028125
40837,0.05028125
64154,0.05028125
78274,0.05028125
178855,0.05028125
127070,0.05028125
93420,0.05028125
173296,0.05028125
8765,0.05028125
152636,0.05028125
44322,0.05028125
13916,0.05028125
41186,0.05028125
24934,0.05028125
5867,0.05028125
46073,0.05028125
2319,0.05028125
187383,0.05028125
191768,0.05028125
41270,0.05028125
108549,0.05028125
111215,0.05028125
40658,0.05028125
188695,0.05028125
119036,0.05028125
85508,0.05028125
93616,0.05028125
64284,0.05028125
148740,0.05028125
184297,0.05028125
44721,0.05028125
99788,0.05028125
179700,0.05028125
8139,0.05028125
894,0.05028125
101898,0.05028125
6660,0.05028125
42480,0.05028125
101661,0.05028125
7590,0.05028125
84881,0.05028125
139449,0.05028125
166861,0.05028125
119543,0.05028125
27476,0.05028125
36083,0.05028125
95335,0.05028125
2044,0.05028125
49316,0.05028125
103801,0.05028125
31170,0.05028125
146738,0.05028125
121076,0.05028125
108751,0.05028125
70331,0.05028125
26202,0.05028125
197924,0.05028125
147954,0.05028125
64407,0.05028125
107929,0.05028125
173650,0.05028125
119299,0.05028125
171426,0.05028125
95793,0.05028125
182614,0.05028125
88469,0.05028125
20612,0.05028125
73216,0.05028125
41977,0.05028125
22990,0.05028125
69873,0.05028125
171707,0.05028125
24171,0.05028125
185010,0.05028125
190,0.05028125
109338,0.05028125
49251,0.05028125
172267,0.05028125
91485,0.05028125
109601,0.05028125
119723,0.05028125
152075,0.05028125
136744,0.05028125
19579,0.05028125
165155,0.05028125
39778,0.05028125
139407,0.05028125
31153,0.05028125
19877,0.05028125
181402,0.05028125
64695,0.05028125
50510,0.05028125
38490,0.05028125
159996,0.05028125
22851,0.05028125
75018,0.05028125
31813,0.05028125
6943,0.05028125
121670,0.05028125
127620,0.05028125
27240,0.05028125
163288,0.05028125
44818,0.05028125
83794,0.05028125
1179,0.05028125
9329,0.05028125
197355,0.05028125
12424,0.05028125
176813,0.05028125
117041,0.05028125
114022,0.05028125
83356,0.05028125
168847,0.05028125
30423,0.05028125
157381,0.05028125
11665,0.05028125
64243,0.05028125
41381,0.05028125
152896,0.05028125
43277,0.05028125
165929,0.05028125
88931,0.05028125
94434,0.05028125
117682,0.05028125
92922,0.05028125
66259,0.05028125
20229,0.05028125
152576,0.05028125
61035,0.05028125
106061,0.05028125
190574,0.05028125
70636,0.05028125
19574,0.05028125
131003,0.05028125
168741,0.05028125
89902,0.05028125
66424,0.05028125
42225,0.05028125
29680,0.05028125
46196,0.05028125
109156,0.05028125
93776,0.05028125
192030,0.05028125
43675,0.05028125
16181,0.05028125
39771,0.05028125
161451,0.05028125
109544,0.05028125
122239,0.05028125
59633,0.05028125
62343,0.05028125
131284,0.05028125
153895,0.05028125
85202,0.05028125
52091,0.05028125
32911,0.05028125
63972,0.05028125
103164,0.05028125
46902,0.05028125
151289,0.05028125
115667,0.05028125
195637,0.05028125
188887,0.05028125
20820,0.05028125
23458,0.05028125
1205,0.05028125
177804,0.05028125
178252,0.05028125
49736,0.05028125
96810,0.05028125
145388,0.05028125
158971,0.05028125
198614,0.05028125
22849,0.05028125
45605,0.05028125
2615,0.05028125
97961,0.05028125
36625,0.05028125
170631,0.05028125
71683,0.05028125
1919,0.05028125
34494,0.05028125
69476,0.05028125
179454,0.05028125
167027,0.05028125
58106,0.05028125
61170,0.05028125
184799,0.05028125
173065,0.05028125
110211,0.05028125
134864,0.05028125
158528,0.05028125
89399,0.05028125
4855,0.05028125
7613,0.05028125
133517,0.05028125
126544,0.05028125
76431,0.05028125
185752,0.05028125
8251,0.05028125
143659,0.05028125
145979,0.05028125
108565,0.05028125
10776,0.05028125
25039,0.05028125
185053,0.05028125
154412,0.05028125
130044,0.05028125
19786,0.05028125
118485,0.05028125
4608,0.05028125
130701,0.05028125
136157,0.05028125
6029,0.05028125
16455,0.05028125
22024,0.05028125
167955,0.05028125
58501,0.05028125
163242,0.05028125
120739,0.05028125
185237,0.05028125
98206,0.05028125
182569,0.05028125
38893,0.05028125
182852,0.05028125
91708,0.05028125
116407,0.05028125
199617,0.05028125
186207,0.05028125
154100,0.05028125
93475,0.05028125
48644,0.05028125
1145,0.05028125
110394,0.05028125
67370,0.05028125
84298,0.05028125
26981,0.05028125
190670,0.05028125
102090,0.05028125
117723,0.05028125
85836,0.05028125
6037,0.05028125
87609,0.05028125
12579,0.05028125
21757,0.05028125
33555,0.05028125
155739,0.05028125
105432,0.05028125
11503,0.05028125
101851,0.05028125
24242,0.05028125
63374,0.05028125
176261,0.05028125
118111,0.05028125
28952,0.05028125
49082,0.05028125
26480,0.05028125
47106,0.05028125
8363,0.05028125
108239,0.05028125
75954,0.05028125
42639,0.05028125
132180,0.05028125
60077,0.05028125
178905,0.05028125
89858,0.05028125
171631,0.05028125
22547,0.05028125
41965,0.05028125
153313,0.05028125
197260,0.05028125
120373,0.05028125
34587,0.05028125
139938,0.05028125
68973,0.05028125
182244,0.05028125
171765,0.05028125
97907,0.05028125
51465,0.05028125
192863,0.05028125
8756,0.05028125
141412,0.05028125
27256,0.05028125
23663,0.05028125
78290,0.05028125
99544,0.05028125
168202,0.05028125
127029,0.05028125
119516,0.05028125
129440,0.05028125
59133,0.05028125
145478,0.05028125
25910,0.05028125
143058,0.05028125
142538,0.05028125
92515,0.05028125
24955,0.05028125
10618,0.05028125
21871,0.05028125
18082,0.05028125
167492,0.05028125
123356,0.05028125
102749,0.05028125
37557,0.05028125
20345,0.05028125
61728,0.05028125
191913,0.05028125
72439,0.05028125
18861,0.05028125
120709,0.05028125
159859,0.05028125
90885,0.05028125
7976,0.05028125
100189,0.05028125
74313,0.05028125
124899,0.05028125
3638,0.05028125
94083,0.05028125
40388,0.05028125
117058,0.05028125
58365,0.05028125
177273,0.05028125
125866,0.05028125
39737,0.05028125
196735,0.05028125
61660,0.05028125
33078,0.05028125
192177,0.05028125
155684,0.05028125
128198,0.05028125
133025,0.05028125
123297,0.05028125
168888,0.05028125
106691,0.05028125
127775,0.05028125
139125,0.05028125
134385,0.05028125
81855,0.05028125
166310,0.05028125
90094,0.05028125
19136,0.05028125
144920,0.05028125
124442,0.05028125
152957,0.05028125
182628,0.05028125
147056,0.05028125
47461,0.05028125
154487,0.05028125
86265,0.05028125
31783,0.05028125
13160,0.05028125
112494,0.05028125
173237,0.05028125
154544,0.05028125
72450,0.05028125
163030,0.05028125
143006,0.05028125
24566,0.05028125
33236,0.05028125
121892,0.05028125
170529,0.05028125
51784,0.05028125
87376,0.05028125
42335,0.05028125
168702,0.05028125
68665,0.05028125
87781,0.05028125
115870,0.05028125
95807,0.05028125
44430,0.05028125
10031,0.05028125
132997,0.05028125
91453,0.05028125
199152,0.05028125
18381,0.05028125
196567,0.05028125
96355,0.05028125
69311,0.05028125
122512,0.05028125
94863,0.05028125
194846,0.05028125
117373,0.05028125
132470,0.05028125
133378,0.05028125
176003,0.05028125
55390,0.05028125
158445,0.05028125
136907,0.05028125
106374,0.05028125
26084,0.05028125
90620,0.05028125
150895,0.05028125
116469,0.05028125
23473,0.05028125
147258,0.05028125
185827,0.05028125
40296,0.05028125
199433,0.05028125
16610,0.05028125
75621,0.05028125
114127,0.05028125
107478,0.05028125
99111,0.05028125
86310,0.05028125
138475,0.05028125
31655,0.05028125
30562,0.05028125
159038,0.05028125
61038,0.05028125
16223,0.05028125
7986,0.05028125
87682,0.05028125
29703,0.05028125
82148,0.05028125
141500,0.05028125
197915,0.05028125
112427,0.05028125
198703,0.05028125
131501,0.05028125
196536,0.05028125
92297,0.05028125
109421,0.05028125
152035,0.05028125
96380,0.05028125
177917,0.05028125
147100,0.05028125
82662,0.05028125
101511,0.05028125
194883,0.05028125
106798,0.05028125
143213,0.05028125
86161,0.05028125
163090,0.05028125
197091,0.05028125
17647,0.05028125
151290,0.05028125
44715,0.05028125
167953,0.05028125
122245,0.05028125
1315,0.05028125
23931,0.05028125
163496,0.05028125
56323,0.05028125
30166,0.05028125
3568,0.05028125
125809,0.05028125
119432,0.05028125
131964,0.05028125
62019,0.05028125
12952,0.05028125
158456,0.05028125
184494,0.05028125
132471,0.05028125
14355,0.05028125
147676,0.05028125
36189,0.05028125
77908,0.05028125
127728,0.05028125
172294,0.05028125
33364,0.05028125
4491,0.05028125
22374,0.05028125
38028,0.05028125
48425,0.05028125
77293,0.05028125
189454,0.05028125
190164,0.05028125
66314,0.05028125
114076,0.05028125
54921,0.05028125
6569,0.05028125
72306,0.05028125
40790,0.05028125
198506,0.05028125
22485,0.05028125
199227,0.05028125
164700,0.05028125
87453,0.05028125
146154,0.05028125
161128,0.05028125
114208,0.05028125
124137,0.05028125
196995,0.05028125
42840,0.05028125
102461,0.05028125
73763,0.05028125
198526,0.05028125
109247,0.05028125
18168,0.05028125
98779,0.05028125
14622,0.05028125
60457,0.05028125
83720,0.05028125
125426,0.05028125
63327,0.05028125
31675,0.05028125
54250,0.05028125
197864,0.05028125
37158,0.05028125
173428,0.05028125
161983,0.05028125
179392,0.05028125
41574,0.05028125
190937,0.05028125
161376,0.05028125
14438,0.05028125
60694,0.05028125
88124,0.05028125
33821,0.05028125
136186,0.05028125
8676,0.05028125
100622,0.05028125
81642,0.05028125
29886,0.05028125
132718,0.05028125
49640,0.05028125
122261,0.05028125
6095,0.05028125
129993,0.05028125
74028,0.05028125
170170,0.05028125
7556,0.05028125
8603,0.05028125
178806,0.05028125
141832,0.05028125
33158,0.05028125
195008,0.05028125
48126,0.05028125
145506,0.05028125
78391,0.05028125
31450,0.05028125
37851,0.05028125
82,0.05028125
27661,0.05028125
41568,0.05028125
199333,0.05028125
64059,0.05028125
25760,0.05028125
39746,0.05028125
180494,0.05028125
33976,0.05028125
15942,0.05028125
152818,0.05028125
151263,0.05028125
160667,0.05028125
103531,0.05028125
24391,0.05028125
86573,0.05028125
71858,0.05028125
116181,0.05028125
127328,0.05028125
185914,0.05028125
198809,0.05028125
113548,0.05028125
120119,0.05028125
33915,0.05028125
172777,0.05028125
25387,0.05028125
126042,0.05028125
147240,0.05028125
11526,0.05028125
133556,0.05028125
113993,0.05028125
73200,0.05028125
101457,0.05028125
56063,0.05028125
119613,0.05028125
164519,0.05028125
154351,0.05028125
196564,0.05028125
6243,0.05028125
94246,0.05028125
102645,0.05028125
17342,0.05028125
44735,0.05028125
187086,0.05028125
60895,0.05028125
166129,0.05028125
29308,0.05028125
192796,0.05028125
6420,0.05028125
18965,0.05028125
12018,0.05028125
79361,0.05028125
62594,0.05028125
127743,0.05028125
89269,0.05028125
51727,0.05028125
669,0.05028125
74097,0.05028125
183130,0.05028125
40041,0.05028125
75167,0.05028125
14656,0.05028125
178326,0.05028125
131119,0.05028125
15904,0.05028125
188394,0.05028125
152079,0.05028125
27976,0.05028125
60312,0.05028125
27825,0.05028125
87745,0.05028125
108354,0.05028125
40078,0.05028125
23188,0.05028125
94780,0.05028125
92918,0.05028125
122835,0.05028125
183345,0.05028125
129627,0.05028125
103717,0.05028125
38015,0.05028125
62169,0.05028125
123848,0.05028125
105559,0.05028125
74047,0.05028125
198755,0.05028125
129618,0.05028125
156601,0.05028125
103508,0.05028125
175617,0.05028125
14449,0.05028125
128357,0.05028125
39516,0.05028125
144622,0.05028125
197638,0.05028125
100291,0.05028125
197734,0.05028125
66856,0.05028125
59154,0.05028125
110886,0.05028125
195233,0.05028125
161409,0.05028125
178331,0.05028125
71950,0.05028125
187465,0.05028125
82195,0.05028125
11037,0.05028125
145429,0.05028125
164886,0.05028125
179174,0.05028125
159189,0.05028125
35754,0.05028125
156433,0.05028125
63230,0.05028125
108600,0.05028125
24772,0.05028125
14769,0.05028125
198758,0.05028125
144964,0.05028125
178165,0.05028125
69595,0.05028125
78087,0.05028125
187897,0.05028125
16459,0.05028125
104574,0.05028125
5806,0.05028125
103766,0.05028125
87144,0.05028125
32962,0.05028125
146842,0.05028125
146335,0.05028125
158706,0.05028125
26462,0.05028125
131966,0.05028125
119584,0.05028125
58837,0.05028125
148633,0.05028125
171081,0.05028125
127116,0.05028125
20341,0.05028125
41551,0.05028125
99217,0.05028125
118824,0.05028125
20307,0.05028125
142099,0.05028125
44134,0.05028125
171232,0.05028125
9786,0.05028125
127451,0.05028125
31156,0.05028125
192975,0.05028125
139735,0.05028125
129516,0.05028125
29153,0.05028125
107490,0.05028125
197957,0.05028125
106436,0.05028125
173537,0.05028125
39815,0.05028125
29397,0.05028125
176517,0.05028125
196814,0.05028125
184770,0.05028125
51199,0.05028125
119028,0.05028125
154913,0.05028125
16676,0.05028125
131105,0.05028125
132130,0.05028125
185819,0.05028125
179021,0.05028125
123366,0.05028125
67246,0.05028125
199782,0.05028125
62085,0.05028125
188600,0.05028125
166106,0.05028125
77703,0.05028125
54973,0.05028125
168680,0.05028125
133169,0.05028125
25831,0.05028125
28220,0.05028125
92252,0.05028125
21316,0.05028125
53720,0.05028125
46840,0.05028125
178512,0.05028125
149824,0.05028125
92678,0.05028125
151650,0.05028125
132078,0.05028125
181213,0.05028125
187289,0.05028125
180974,0.05028125
25015,0.05028125
158397,0.05028125
44448,0.05028125
60332,0.05028125
187721,0.05028125
7787,0.05028125
86547,0.05028125
50050,0.05028125
108509,0.05028125
137497,0.05028125
162737,0.05028125
76210,0.05028125
113080,0.05028125
105870,0.05028125
96669,0.05028125
98260,0.05028125
1683,0.05028125
70921,0.05028125
179594,0.05028125
18484,0.05028125
182486,0.05028125
681,0.05028125
187053,0.05028125
174920,0.05028125
172661,0.05028125
112953,0.05028125
63906,0.05028125
93698,0.05028125
182730,0.05028125
165877,0.05028125
173758,0.05028125
110861,0.05028125
101867,0.05028125
145750,0.05028125
43827,0.05028125
26147,0.05028125
11744,0.05028125
101101,0.05028125
180045,0.05028125
84537,0.05028125
106239,0.05028125
36602,0.05028125
117395,0.05028125
124143,0.05028125
154185,0.05028125
190361,0.05028125
117500,0.05028125
997,0.05028125
189938,0.05028125
41292,0.05028125
188371,0.05028125
5712,0.05028125
144016,0.05028125
179408,0.05028125
148837,0.05028125
40570,0.05028125
90391,0.05028125
147386,0.05028125
9053,0.05028125
50463,0.05028125
22056,0.05028125
196287,0.05028125
123843,0.05028125
123583,0.05028125
163211,0.05028125
61378,0.05028125
176590,0.05028125
113819,0.05028125
21538,0.05028125
188173,0.05028125
151936,0.05028125
50356,0.05028125
53358,0.05028125
45874,0.05028125
105414,0.05028125
60099,0.05028125
13446,0.05028125
156321,0.05028125
160091,0.05028125
184041,0.05028125
58565,0.05028125
24767,0.05028125
53878,0.05028125
126454,0.05028125
98323,0.05028125
162906,0.05028125
51344,0.05028125
126772,0.05028125
190424,0.05028125
112081,0.05028125
141602,0.05028125
9706,0.05028125
116676,0.05028125
64289,0.05028125
117190,0.05028125
94418,0.05028125
105659,0.05028125
173508,0.05028125
127874,0.05028125
56022,0.05028125
94682,0.05028125
103281,0.05028125
16303,0.05028125
55841,0.05028125
98151,0.05028125
198952,0.05028125
241,0.05028125
80253,0.05028125
76227,0.05028125
13657,0.05028125
108637,0.05028125
61981,0.05028125
111767,0.05028125
196496,0.05028125
10709,0.05028125
114003,0.05028125
26025,0.05028125
22419,0.05028125
33898,0.05028125
171007,0.05028125
21256,0.05028125
119761,0.05028125
133493,0.05028125
172948,0.05028125
37585,0.05028125
132637,0.05028125
110164,0.05028125
57654,0.05028125
69773,0.05028125
10200,0.05028125
46750,0.05028125
104824,0.05028125
13744,0.05028125
40504,0.05028125
157314,0.05028125
67353,0.05028125
138437,0.05028125
36634,0.05028125
131261,0.05028125
188414,0.05028125
193752,0.05028125
59874,0.05028125
72673,0.05028125
14265,0.05028125
69493,0.05028125
41262,0.05028125
4746,0.05028125
87021,0.05028125
174140,0.05028125
20842,0.05028125
37334,0.05028125
87938,0.05028125
141277,0.05028125
5768,0.05028125
4886,0.05028125
108059,0.05028125
67473,0.05028125
116944,0.05028125
139327,0.05028125
42524,0.05028125
57424,0.05028125
149642,0.05028125
61026,0.05028125
41870,0.05028125
109720,0.05028125
27459,0.05028125
180504,0.05028125
32073,0.05028125
105671,0.05028125
105209,0.05028125
161901,0.05028125
61373,0.05028125
4773,0.05028125
82141,0.05028125
41472,0.05028125
146011,0.05028125
77016,0.05028125
182183,0.05028125
60134,0.05028125
12268,0.05028125
146376,0.05028125
136356,0.05028125
164578,0.05028125
55760,0.05028125
6442,0.05028125
183596,0.05028125
135517,0.05028125
109139,0.05028125
173678,0.05028125
132877,0.05028125
189816,0.05028125
134049,0.05028125
65760,0.05028125
147032,0.05028125
142297,0.05028125
69186,0.05028125
7327,0.05028125
129039,0.05028125
172121,0.05028125
16025,0.05028125
168569,0.05028125
56286,0.05028125
96685,0.05028125
5696,0.05028125
86408,0.05028125
165580,0.05028125
110468,0.05028125
139115,0.05028125
180672,0.05028125
9400,0.05028125
61460,0.05028125
145967,0.05028125
70535,0.05028125
93904,0.05028125
169981,0.05028125
197687,0.05028125
94080,0.05028125
80793,0.05028125
111175,0.05028125
60003,0.05028125
127180,0.05028125
112949,0.05028125
184586,0.05028125
14204,0.05028125
43725,0.05028125
167329,0.05028125
193025,0.05028125
166240,0.05028125
54133,0.05028125
135266,0.05028125
10040,0.05028125
12043,0.05028125
140444,0.05028125
114891,0.05028125
55678,0.05028125
113778,0.05028125
7045,0.05028125
156603,0.05028125
4441,0.05028125
171504,0.05028125
83635,0.05028125
58975,0.05028125
75092,0.05028125
124309,0.05028125
59243,0.05028125
70277,0.05028125
178851,0.05028125
129918,0.05028125
145234,0.05028125
44470,0.05028125
102398,0.05028125
196748,0.05028125
78958,0.05028125
61685,0.05028125
81833,0.05028125
12160,0.05028125
165950,0.05028125
139294,0.05028125
148571,0.05028125
71246,0.05028125
147792,0.05028125
182064,0.05028125
78416,0.05028125
86200,0.05028125
30855,0.05028125
24336,0.05028125
51235,0.05028125
159225,0.05028125
70865,0.05028125
145529,0.05028125
63202,0.05028125
132225,0.05028125
182828,0.05028125
86014,0.05028125
53382,0.05028125
126201,0.05028125
139026,0.05028125
53714,0.05028125
147590,0.05028125
123846,0.05028125
102187,0.05028125
112503,0.05028125
120585,0.05028125
173211,0.05028125
134044,0.05028125
8308,0.05028125
181259,0.05028125
150286,0.05028125
36045,0.05028125
102282,0.05028125
174691,0.05028125
101021,0.05028125
6483,0.05028125
101443,0.05028125
195612,0.05028125
5179,0.05028125
177406,0.05028125
5875,0.05028125
193318,0.05028125
34920,0.05028125
54144,0.05028125
94698,0.05028125
134596,0.05028125
76967,0.05028125
73271,0.05028125
135921,0.05028125
164827,0.05028125
16349,0.05028125
54497,0.05028125
86142,0.05028125
102515,0.05028125
95722,0.05028125
48382,0.05028125
196796,0.05028125
61972,0.05028125
32474,0.05028125
51859,0.05028125
46341,0.05028125
110784,0.05028125
154065,0.05028125
141288,0.05028125
90610,0.05028125
112791,0.05028125
153845,0.05028125
21772,0.05028125
157584,0.05028125
28441,0.05028125
183744,0.05028125
79159,0.05028125
191975,0.05028125
77286,0.05028125
84270,0.05028125
3030,0.05028125
172055,0.05028125
24896,0.05028125
49596,0.05028125
124856,0.05028125
78801,0.05028125
147398,0.05028125
45883,0.05028125
142100,0.05028125
42199,0.05028125
60108,0.05028125
180938,0.05028125
149820,0.05028125
40643,0.05028125
116629,0.05028125
189256,0.05028125
22108,0.05028125
177490,0.05028125
163450,0.05028125
57373,0.05028125
78531,0.05028125
9498,0.05028125
192096,0.05028125
119792,0.05028125
167674,0.05028125
184851,0.05028125
6177,0.05028125
52279,0.05028125
57559,0.05028125
18073,0.05028125
84913,0.05028125
102819,0.05028125
115832,0.05028125
147774,0.05028125
40340,0.05028125
45931,0.05028125
12711,0.05028125
16373,0.05028125
177504,0.05028125
59497,0.05028125
112320,0.05028125
145553,0.05028125
57237,0.05028125
195614,0.05028125
131653,0.05028125
163187,0.05028125
5258,0.05028125
47043,0.05028125
156023,0.05028125
136032,0.05028125
82383,0.05028125
134941,0.05028125
196834,0.05028125
183181,0.05028125
36342,0.05028125
45390,0.05028125
182217,0.05028125
130037,0.05028125
66453,0.05028125
79433,0.05028125
83929,0.05028125
115420,0.05028125
184556,0.05028125
199286,0.05028125
75234,0.05028125
54558,0.05028125
130911,0.05028125
91744,0.05028125
78474,0.05028125
142636,0.05028125
18063,0.05028125
38080,0.05028125
170455,0.05028125
36649,0.05028125
116310,0.05028125
22664,0.05028125
151202,0.05028125
119254,0.05028125
96884,0.05028125
85357,0.05028125
192617,0.05028125
179457,0.05028125
83981,0.05028125
95699,0.05028125
110313,0.05028125
87617,0.05028125
104395,0.05028125
184320,0.05028125
172577,0.05028125
180447,0.05028125
101134,0.05028125
145548,0.05028125
166636,0.05028125
177119,0.05028125
35239,0.05028125
175712,0.05028125
93190,0.05028125
93664,0.05028125
103959,0.05028125
6104,0.05028125
150919,0.05028125
14118,0.05028125
109747,0.05028125
98946,0.05028125
99413,0.05028125
84776,0.05028125
14136,0.05028125
96883,0.05028125
60850,0.05028125
95488,0.05028125
128500,0.05028125
160536,0.05028125
95686,0.05028125
140468,0.05028125
90330,0.05028125
136762,0.05028125
162241,0.05028125
43264,0.05028125
141246,0.05028125
176193,0.05028125
66779,0.05028125
8165,0.05028125
53305,0.05028125
64923,0.05028125
134108,0.05028125
132348,0.05028125
48790,0.05028125
167098,0.05028125
128314,0.05028125
189788,0.05028125
199786,0.05028125
153880,0.05028125
183623,0.05028125
154396,0.05028125
4979,0.05028125
19137,0.05028125
146472,0.05028125
118105,0.05028125
10711,0.05028125
44109,0.05028125
11483,0.05028125
22764,0.05028125
29716,0.05028125
76590,0.05028125
50287,0.05028125
23145,0.05028125
59553,0.05028125
177855,0.05028125
168765,0.05028125
175185,0.05028125
55048,0.05028125
10323,0.05028125
119662,0.05028125
113270,0.05028125
106308,0.05028125
16290,0.05028125
98626,0.05028125
192461,0.05028125
22486,0.05028125
180404,0.05028125
134896,0.05028125
44059,0.05028125
108805,0.05028125
173819,0.05028125
137831,0.05028125
21494,0.05028125
119873,0.05028125
15572,0.05028125
127009,0.05028125
47478,0.05028125
36552,0.05028125
153104,0.05028125
6075,0.05028125
81836,0.05028125
142983,0.05028125
129047,0.05028125
124811,0.05028125
55955,0.05028125
121959,0.05028125
114493,0.05028125
96643,0.05028125
123094,0.05028125
22594,0.05028125
54291,0.05028125
178131,0.05028125
53988,0.05028125
82127,0.05028125
150307,0.05028125
144218,0.05028125
187412,0.05028125
99,0.05028125
53639,0.05028125
77009,0.05028125
102473,0.05028125
45984,0.05028125
88427,0.05028125
34515,0.05028125
2942,0.05028125
119717,0.05028125
18701,0.05028125
2000,0.05028125
74968,0.05028125
38796,0.05028125
16283,0.05028125
108649,0.05028125
131405,0.05028125
110103,0.05028125
73448,0.05028125
112335,0.05028125
2097,0.05028125
129771,0.05028125
68688,0.05028125
155032,0.05028125
88994,0.05028125
72953,0.05028125
60433,0.05028125
100152,0.05028125
40810,0.05028125
69475,0.05028125
176073,0.05028125
156643,0.05028125
125565,0.05028125
113621,0.05028125
160305,0.05028125
107753,0.05028125
136630,0.05028125
37120,0.05028125
108345,0.05028125
162981,0.05028125
89138,0.05028125
152965,0.05028125
110884,0.05028125
41912,0.05028125
187028,0.05028125
26282,0.05028125
41118,0.05028125
194241,0.05028125
7760,0.05028125
106425,0.05028125
124029,0.05028125
133658,0.05028125
175549,0.05028125
145653,0.05028125
143648,0.05028125
36753,0.05028125
67407,0.05028125
183680,0.05028125
173835,0.05028125
140494,0.05028125
49269,0.05028125
168565,0.05028125
129420,0.05028125
122414,0.05028125
16273,0.05028125
14463,0.05028125
160464,0.05028125
112358,0.05028125
196531,0.05028125
124618,0.05028125
113626,0.05028125
117459,0.05028125
111645,0.05028125
167897,0.05028125
17492,0.05028125
185531,0.05028125
174830,0.05028125
34441,0.05028125
155558,0.05028125
167303,0.05028125
87935,0.05028125
191167,0.05028125
29147,0.05028125
171254,0.05028125
130949,0.05028125
47580,0.05028125
163757,0.05028125
33055,0.05028125
124750,0.05028125
3864,0.05028125
55963,0.05028125
191854,0.05028125
49141,0.05028125
20899,0.05028125
66702,0.05028125
145329,0.05028125
89502,0.05028125
32783,0.05028125
106217,0.05028125
101043,0.05028125
175802,0.05028125
45712,0.05028125
102711,0.05028125
144245,0.05028125
4404,0.05028125
183459,0.05028125
140775,0.05028125
75718,0.05028125
65387,0.05028125
135104,0.05028125
178647,0.05028125
63940,0.05028125
134391,0.05028125
114118,0.05028125
103302,0.05028125
61012,0.05028125
190709,0.05028125
135036,0.05028125
157328,0.05028125
126868,0.05028125
82615,0.05028125
88332,0.05028125
93260,0.05028125
161032,0.05028125
58573,0.05028125
165052,0.05028125
3256,0.05028125
23899,0.05028125
19339,0.05028125
23516,0.05028125
141441,0.05028125
83230,0.05028125
88893,0.05028125
121457,0.05028125
104799,0.05028125
185763,0.05028125
91945,0.05028125
162106,0.05028125
64553,0.05028125
73111,0.05028125
145010,0.05028125
125427,0.05028125
123996,0.05028125
150553,0.05028125
171151,0.05028125
192262,0.05028125
92135,0.05028125
49024,0.05028125
73079,0.05028125
184100,0.05028125
45681,0.05028125
117345,0.05028125
160880,0.05028125
17503,0.05028125
162922,0.05028125
147068,0.05028125
187104,0.05028125
198546,0.05028125
156236,0.05028125
111504,0.05028125
97797,0.05028125
74032,0.05028125
87925,0.05028125
81802,0.05028125
33904,0.05028125
29752,0.05028125
179883,0.05028125
70404,0.05028125
137569,0.05028125
86847,0.05028125
29591,0.05028125
65086,0.05028125
173811,0.05028125
88062,0.05028125
194580,0.05028125
175178,0.05028125
131522,0.05028125
63544,0.05028125
121414,0.05028125
199368,0.05028125
117666,0.05028125
57922,0.05028125
134228,0.05028125
125414,0.05028125
3050,0.05028125
73850,0.05028125
142745,0.05028125
3841,0.05028125
79309,0.05028125
652,0.05028125
152596,0.05028125
175755,0.05028125
56359,0.05028125
39290,0.05028125
159540,0.05028125
172252,0.05028125
176961,0.05028125
60981,0.05028125
50562,0.05028125
75713,0.05028125
153964,0.05028125
100507,0.05028125
152864,0.05028125
186394,0.05028125
89270,0.05028125
162238,0.05028125
154399,0.05028125
55277,0.05028125
55702,0.05028125
45376,0.05028125
198642,0.05028125
119554,0.05028125
63809,0.05028125
177078,0.05028125
142147,0.05028125
41972,0.05028125
73620,0.05028125
13217,0.05028125
168354,0.05028125
142428,0.05028125
47438,0.05028125
193400,0.05028125
188790,0.05028125
149471,0.05028125
19499,0.05028125
174106,0.05028125
148978,0.05028125
105380,0.05028125
129488,0.05028125
54721,0.05028125
182255,0.05028125
22065,0.05028125
3202,0.05028125
197772,0.05028125
107324,0.05028125
10876,0.05028125
53111,0.05028125
87963,0.05028125
178393,0.05028125
56292,0.05028125
176724,0.05028125
148184,0.05028125
74329,0.05028125
73696,0.05028125
53163,0.05028125
23350,0.05028125
41882,0.05028125
168599,0.05028125
165743,0.05028125
66109,0.05028125
179160,0.05028125
13229,0.05028125
96107,0.05028125
15699,0.05028125
106218,0.05028125
154805,0.05028125
41586,0.05028125
175033,0.05028125
70028,0.05028125
109792,0.05028125
108084,0.05028125
136284,0.05028125
8408,0.05028125
124968,0.05028125
6138,0.05028125
13361,0.05028125
151540,0.05028125
177254,0.05028125
174367,0.05028125
178203,0.05028125
20996,0.05028125
177552,0.05028125
146370,0.05028125
192438,0.05028125
42014,0.05028125
176072,0.05028125
16982,0.05028125
30790,0.05028125
168994,0.05028125
67969,0.05028125
83143,0.05028125
190551,0.05028125
129805,0.05028125
72730,0.05028125
115379,0.05028125
79528,0.05028125
34731,0.05028125
138563,0.05028125
17794,0.05028125
190159,0.05028125
187158,0.05028125
66228,0.05028125
110494,0.05028125
161761,0.05028125
119095,0.05028125
122734,0.05028125
67411,0.05028125
40936,0.05028125
68603,0.05028125
108431,0.05028125
6689,0.05028125
146351,0.05028125
163220,0.05028125
140799,0.05028125
124765,0.05028125
176439,0.05028125
82006,0.05028125
186621,0.05028125
95672,0.05028125
127491,0.05028125
108240,0.05028125
193691,0.05028125
130835,0.05028125
103102,0.05028125
55376,0.05028125
182135,0.05028125
155046,0.05028125
15939,0.05028125
167621,0.05028125
6424,0.05028125
178388,0.05028125
140428,0.05028125
20083,0.05028125
133997,0.05028125
77820,0.05028125
111798,0.05028125
95091,0.05028125
143543,0.05028125
13140,0.05028125
151871,0.05028125
105323,0.05028125
151314,0.05028125
91184,0.05028125
51824,0.05028125
41144,0.05028125
90640,0.05028125
166283,0.05028125
165282,0.05028125
1412,0.05028125
110447,0.05028125
72676,0.05028125
173910,0.05028125
78495,0.05028125
191764,0.05028125
19088,0.05028125
150071,0.05028125
29831,0.05028125
191925,0.05028125
49460,0.05028125
116501,0.05028125
101544,0.05028125
163178,0.05028125
101522,0.05028125
9603,0.05028125
2763,0.05028125
93462,0.05028125
183239,0.05028125
165267,0.05028125
21206,0.05028125
110412,0.05028125
25935,0.05028125
171980,0.05028125
109573,0.05028125
3702,0.05028125
153561,0.05028125
173375,0.05028125
136991,0.05028125
3872,0.05028125
40560,0.05028125
131913,0.05028125
189191,0.05028125
68640,0.05028125
70413,0.05028125
179242,0.05028125
174253,0.05028125
73084,0.05028125
106167,0.05028125
58977,0.05028125
154028,0.05028125
180942,0.05028125
182727,0.05028125
43925,0.05028125
169775,0.05028125
16,0.05028125
34415,0.05028125
15397,0.05028125
184931,0.05028125
195587,0.05028125
55110,0.05028125
173559,0.05028125
176353,0.05028125
105665,0.05028125
29006,0.05028125
46227,0.05028125
151533,0.05028125
127740,0.05028125
161784,0.05028125
92386,0.05028125
36071,0.05028125
161723,0.05028125
51384,0.05028125
122928,0.05028125
31064,0.05028125
55942,0.05028125
112059,0.05028125
13921,0.05028125
141841,0.05028125
134357,0.05028125
31506,0.05028125
84598,0.05028125
81189,0.05028125
169632,0.05028125
26455,0.05028125
23792,0.05028125
93471,0.05028125
128421,0.05028125
150809,0.05028125
105525,0.05028125
152734,0.05028125
89253,0.05028125
116461,0.05028125
102628,0.05028125
75230,0.05028125
15632,0.05028125
92620,0.05028125
126451,0.05028125
106294,0.05028125
158692,0.05028125
127523,0.05028125
146149,0.05028125
154953,0.05028125
50972,0.05028125
116376,0.05028125
36233,0.05028125
32215,0.05028125
98566,0.05028125
171564,0.05028125
12575,0.05028125
146299,0.05028125
132340,0.05028125
108541,0.05028125
64253,0.05028125
56509,0.05028125
130925,0.05028125
60393,0.05028125
22151,0.05028125
83844,0.05028125
190174,0.05028125
60070,0.05028125
106687,0.05028125
51124,0.05028125
65784,0.05028125
39423,0.05028125
16326,0.05028125
170034,0.05028125
90263,0.05028125
167079,0.05028125
92004,0.05028125
54793,0.05028125
161939,0.05028125
105040,0.05028125
40185,0.05028125
64389,0.05028125
127183,0.05028125
70393,0.05028125
13301,0.05028125
178153,0.05028125
67698,0.05028125
181803,0.05028125
95599,0.05028125
197694,0.05028125
93674,0.05028125
35605,0.05028125
44992,0.05028125
154238,0.05028125
20221,0.05028125
179391,0.05028125
168646,0.05028125
157143,0.05028125
184312,0.05028125
27885,0.05028125
70127,0.05028125
128494,0.05028125
130555,0.05028125
168870,0.05028125
144379,0.05028125
61327,0.05028125
12287,0.05028125
44987,0.05028125
187971,0.05028125
54655,0.05028125
15337,0.05028125
12465,0.05028125
21791,0.05028125
10319,0.05028125
65258,0.05028125
179214,0.05028125
134065,0.05028125
8497,0.05028125
161828,0.05028125
106452,0.05028125
158065,0.05028125
142708,0.05028125
159625,0.05028125
132939,0.05028125
126717,0.05028125
57988,0.05028125
101704,0.05028125
176970,0.05028125
48074,0.05028125
172209,0.05028125
66100,0.05028125
22688,0.05028125
34839,0.05028125
120060,0.05028125
99823,0.05028125
67038,0.05028125
59343,0.05028125
110285,0.05028125
138636,0.05028125
74251,0.05028125
31597,0.05028125
103837,0.05028125
182260,0.05028125
56470,0.05028125
58718,0.05028125
171923,0.05028125
30665,0.05028125
35529,0.05028125
148703,0.05028125
190510,0.05028125
66112,0.05028125
114944,0.05028125
75286,0.05028125
42765,0.05028125
112471,0.05028125
57429,0.05028125
125044,0.05028125
65037,0.05028125
23171,0.05028125
3236,0.05028125
95603,0.05028125
88464,0.05028125
16533,0.05028125
190318,0.05028125
150872,0.05028125
129280,0.05028125
47451,0.05028125
180085,0.05028125
13588,0.05028125
46797,0.05028125
159970,0.05028125
72425,0.05028125
194034,0.05028125
110666,0.05028125
85752,0.05028125
164774,0.05028125
91735,0.05028125
67901,0.05028125
91183,0.05028125
108184,0.05028125
21265,0.05028125
25729,0.05028125
34539,0.05028125
162900,0.05028125
69922,0.05028125
70649,0.05028125
101660,0.05028125
172059,0.05028125
182392,0.05028125
188319,0.05028125
170643,0.05028125
168063,0.05028125
130880,0.05028125
3495,0.05028125
130422,0.05028125
126188,0.05028125
92342,0.05028125
48807,0.05028125
83965,0.05028125
133505,0.05028125
85213,0.05028125
54529,0.05028125
131518,0.05028125
46909,0.05028125
173499,0.05028125
65371,0.05028125
141127,0.05028125
29879,0.05028125
121348,0.05028125
19949,0.05028125
125315,0.05028125
22414,0.05028125
23367,0.05028125
14687,0.05028125
54719,0.05028125
62309,0.05028125
11566,0.05028125
42400,0.05028125
146946,0.05028125
103191,0.05028125
125562,0.05028125
150264,0.05028125
136843,0.05028125
100626,0.05028125
30513,0.05028125
57360,0.05028125
87768,0.05028125
59236,0.05028125
174060,0.05028125
115979,0.05028125
109484,0.05028125
67582,0.05028125
77288,0.05028125
11009,0.05028125
60515,0.05028125
146016,0.05028125
111373,0.05028125
51648,0.05028125
35375,0.05028125
196892,0.05028125
160113,0.05028125
115112,0.05028125
8780,0.05028125
14250,0.05028125
187035,0.05028125
30822,0.05028125
11931,0.05028125
195026,0.05028125
181395,0.05028125
42993,0.05028125
174319,0.05028125
161809,0.05028125
185747,0.05028125
25583,0.05028125
98501,0.05028125
59038,0.05028125
104970,0.05028125
81691,0.05028125
161656,0.05028125
59400,0.05028125
11735,0.05028125
158816,0.05028125
16147,0.05028125
64338,0.05028125
93970,0.05028125
56866,0.05028125
107081,0.05028125
81240,0.05028125
194163,0.05028125
196492,0.05028125
39820,0.05028125
137986,0.05028125
13616,0.05028125
48584,0.05028125
6091,0.05028125
182915,0.05028125
99205,0.05028125
57507,0.05028125
154401,0.05028125
175005,0.05028125
107067,0.05028125
107776,0.05028125
175083,0.05028125
60503,0.05028125
51153,0.05028125
22262,0.05028125
113246,0.05028125
16688,0.05028125
111969,0.05028125
21941,0.05028125
36406,0.05028125
181743,0.05028125
168367,0.05028125
77758,0.05028125
121416,0.05028125
97251,0.05028125
125902,0.05028125
186011,0.05028125
58949,0.05028125
35615,0.05028125
90317,0.05028125
117220,0.05028125
158659,0.05028125
65309,0.05028125
158025,0.05028125
15558,0.05028125
102420,0.05028125
196394,0.05028125
168102,0.05028125
55720,0.05028125
134539,0.05028125
165290,0.05028125
144041,0.05028125
115946,0.05028125
118656,0.05028125
45353,0.05028125
184013,0.05028125
71688,0.05028125
193022,0.05028125
70741,0.05028125
32305,0.05028125
173701,0.05028125
9823,0.05028125
141527,0.05028125
150890,0.05028125
83648,0.05028125
192922,0.05028125
83904,0.05028125
39883,0.05028125
183729,0.05028125
101795,0.05028125
163986,0.05028125
194140,0.05028125
189646,0.05028125
147983,0.05028125
145391,0.05028125
38605,0.05028125
97643,0.05028125
46139,0.05028125
101733,0.05028125
181940,0.05028125
126524,0.05028125
184663,0.05028125
34340,0.05028125
199772,0.05028125
187452,0.05028125
188242,0.05028125
152497,0.05028125
107691,0.05028125
121867,0.05028125
128829,0.05028125
89958,0.05028125
110652,0.05028125
161210,0.05028125
186249,0.05028125
64860,0.05028125
106853,0.05028125
50430,0.05028125
72566,0.05028125
105521,0.05028125
48411,0.05028125
27329,0.05028125
173366,0.05028125
99852,0.05028125
178449,0.05028125
159182,0.05028125
175175,0.05028125
132264,0.05028125
12011,0.05028125
182557,0.05028125
28710,0.05028125
15226,0.05028125
55065,0.05028125
172665,0.05028125
11548,0.05028125
105635,0.05028125
197051,0.05028125
133444,0.05028125
144779,0.05028125
18581,0.05028125
63501,0.05028125
85275,0.05028125
86355,0.05028125
159421,0.05028125
178560,0.05028125
30673,0.05028125
86575,0.05028125
116000,0.05028125
9132,0.05028125
144880,0.05028125
16179,0.05028125
110878,0.05028125
65742,0.05028125
187247,0.05028125
32588,0.05028125
177354,0.05028125
32974,0.05028125
174764,0.05028125
111038,0.05028125
74605,0.05028125
18145,0.05028125
199026,0.05028125
137353,0.05028125
21755,0.05028125
165745,0.05028125
67434,0.05028125
4641,0.05028125
67466,0.05028125
128004,0.05028125
117797,0.05028125
159762,0.05028125
52360,0.05028125
95312,0.05028125
173498,0.05028125
197194,0.05028125
8961,0.05028125
55238,0.05028125
92958,0.05028125
133970,0.05028125
36704,0.05028125
120537,0.05028125
93552,0.05028125
186167,0.05028125
140908,0.05028125
127369,0.05028125
193853,0.05028125
194739,0.05028125
103477,0.05028125
132010,0.05028125
3177,0.05028125
77207,0.05028125
25143,0.05028125
31770,0.05028125
189767,0.05028125
82036,0.05028125
48872,0.05028125
196257,0.05028125
195933,0.05028125
34941,0.05028125
131128,0.05028125
113701,0.05028125
150461,0.05028125
144490,0.05028125
171490,0.05028125
155387,0.05028125
173109,0.05028125
164555,0.05028125
122072,0.05028125
889,0.05028125
39142,0.05028125
131627,0.05028125
137271,0.05028125
10645,0.05028125
139822,0.05028125
46915,0.05028125
197580,0.05028125
32058,0.05028125
181850,0.05028125
196787,0.05028125
163459,0.05028125
28980,0.05028125
15242,0.05028125
97571,0.05028125
12105,0.05028125
41479,0.05028125
133904,0.05028125
28778,0.05028125
144699,0.05028125
120044,0.05028125
49012,0.05028125
58286,0.05028125
164168,0.05028125
175696,0.05028125
182002,0.05028125
75666,0.05028125
47686,0.05028125
187982,0.05028125
18344,0.05028125
189477,0.05028125
151485,0.05028125
13418,0.05028125
79258,0.05028125
164382,0.05028125
111210,0.05028125
118562,0.05028125
70260,0.05028125
179118,0.05028125
140594,0.05028125
49295,0.05028125
20860,0.05028125
8794,0.05028125
97018,0.05028125
98081,0.05028125
31221,0.05028125
56404,0.05028125
53921,0.05028125
101405,0.05028125
160408,0.05028125
116590,0.05028125
69223,0.05028125
191491,0.05028125
128772,0.05028125
149646,0.05028125
87997,0.05028125
99002,0.05028125
103168,0.05028125
135005,0.05028125
153456,0.05028125
48997,0.05028125
134816,0.05028125
53758,0.05028125
184126,0.05028125
11668,0.05028125
40740,0.05028125
91274,0.05028125
118864,0.05028125
6128,0.05028125
134441,0.05028125
20785,0.05028125
49357,0.05028125
52219,0.05028125
112585,0.05028125
131831,0.05028125
185094,0.05028125
72516,0.05028125
180984,0.05028125
74915,0.05028125
33757,0.05028125
134026,0.05028125
142747,0.05028125
148049,0.05028125
91617,0.05028125
197754,0.05028125
98010,0.05028125
144754,0.05028125
98935,0.05028125
86072,0.05028125
184266,0.05028125
41211,0.05028125
178259,0.05028125
147448,0.05028125
151391,0.05028125
84012,0.05028125
73147,0.05028125
86692,0.05028125
30528,0.05028125
40625,0.05028125
93958,0.05028125
19912,0.05028125
69002,0.05028125
4662,0.05028125
88952,0.05028125
130135,0.05028125
15813,0.05028125
44672,0.05028125
25998,0.05028125
54244,0.05028125
53645,0.05028125
176126,0.05028125
5300,0.05028125
6565,0.05028125
161886,0.05028125
101160,0.05028125
14902,0.05028125
77835,0.05028125
68701,0.05028125
7439,0.05028125
3037,0.05028125
115599,0.05028125
172193,0.05028125
151304,0.05028125
25279,0.05028125
119914,0.05028125
140497,0.05028125
46568,0.05028125
176201,0.05028125
96902,0.05028125
22583,0.05028125
100847,0.05028125
65167,0.05028125
74865,0.05028125
57572,0.05028125
109027,0.05028125
14918,0.05028125
387,0.05028125
179805,0.05028125
145810,0.05028125
33855,0.05028125
163141,0.05028125
156563,0.05028125
10647,0.05028125
141687,0.05028125
1242,0.05028125
79313,0.05028125
26756,0.05028125
11108,0.05028125
73624,0.05028125
116353,0.05028125
108770,0.05028125
187273,0.05028125
191405,0.05028125
133619,0.05028125
37227,0.05028125
123963,0.05028125
125184,0.05028125
26735,0.05028125
107979,0.05028125
75140,0.05028125
145883,0.05028125
180680,0.05028125
67000,0.05028125
138163,0.05028125
144522,0.05028125
95557,0.05028125
168060,0.05028125
173893,0.05028125
100713,0.05028125
57990,0.05028125
157851,0.05028125
74758,0.05028125
190027,0.05028125
171415,0.05028125
7502,0.05028125
179254,0.05028125
61890,0.05028125
32818,0.05028125
94357,0.05028125
55087,0.05028125
130839,0.05028125
82857,0.05028125
51041,0.05028125
149306,0.05028125
29594,0.05028125
177007,0.05028125
5999,0.05028125
10321,0.05028125
156645,0.05028125
182563,0.05028125
101681,0.05028125
149714,0.05028125
32335,0.05028125
90447,0.05028125
28173,0.05028125
64304,0.05028125
139363,0.05028125
131907,0.05028125
159462,0.05028125
18468,0.05028125
164419,0.05028125
38550,0.05028125
165686,0.05028125
36970,0.05028125
92303,0.05028125
124211,0.05028125
96682,0.05028125
199874,0.05028125
11398,0.05028125
78761,0.05028125
71862,0.05028125
50954,0.05028125
154779,0.05028125
38097,0.05028125
113556,0.05028125
26110,0.05028125
57320,0.05028125
130754,0.05028125
60179,0.05028125
26629,0.05028125
108070,0.05028125
78278,0.05028125
132841,0.05028125
12288,0.05028125
29481,0.05028125
116365,0.05028125
188820,0.05028125
160674,0.05028125
164520,0.05028125
151096,0.05028125
87878,0.05028125
172692,0.05028125
146581,0.05028125
131593,0.05028125
73479,0.05028125
425,0.05028125
122285,0.05028125
152150,0.05028125
82768,0.05028125
29262,0.05028125
122105,0.05028125
27506,0.05028125
77709,0.05028125
155787,0.05028125
59107,0.05028125
90111,0.05028125
192261,0.05028125
88786,0.05028125
189836,0.05028125
83568,0.05028125
53289,0.05028125
2781,0.05028125
126955,0.05028125
170059,0.05028125
183915,0.05028125
158610,0.05028125
186194,0.05028125
112543,0.05028125
162194,0.05028125
126491,0.05028125
88629,0.05028125
85902,0.05028125
94563,0.05028125
8314,0.05028125
199301,0.05028125
83662,0.05028125
51603,0.05028125
167599,0.05028125
191881,0.05028125
61741,0.05028125
142273,0.05028125
10989,0.05028125
183311,0.05028125
2038,0.05028125
115803,0.05028125
28064,0.05028125
176923,0.05028125
118135,0.05028125
155244,0.05028125
38964,0.05028125
102830,0.05028125
144399,0.05028125
121823,0.05028125
113033,0.05028125
87017,0.05028125
157861,0.05028125
25542,0.05028125
137707,0.05028125
53659,0.05028125
52127,0.05028125
20288,0.05028125
195408,0.05028125
191708,0.05028125
141583,0.05028125
63753,0.05028125
197145,0.05028125
16395,0.05028125
59342,0.05028125
87157,0.05028125
123279,0.05028125
76942,0.05028125
119558,0.05028125
53848,0.05028125
116893,0.05028125
48025,0.05028125
88047,0.05028125
34674,0.05028125
6867,0.05028125
114441,0.05028125
59397,0.05028125
177414,0.05028125
172407,0.05028125
90820,0.05028125
198579,0.05028125
51779,0.05028125
135236,0.05028125
7345,0.05028125
35159,0.05028125
95477,0.05028125
26522,0.05028125
163254,0.05028125
95917,0.05028125
54917,0.05028125
143859,0.05028125
141714,0.05028125
56327,0.05028125
95333,0.05028125
118343,0.05028125
26247,0.05028125
118796,0.05028125
12447,0.05028125
74862,0.05028125
188735,0.05028125
168840,0.05028125
124851,0.05028125
66830,0.05028125
136490,0.05028125
178763,0.05028125
181081,0.05028125
43839,0.05028125
48952,0.05028125
165470,0.05028125
181393,0.05028125
90745,0.05028125
57176,0.05028125
96388,0.05028125
19498,0.05028125
111964,0.05028125
99301,0.05028125
198896,0.05028125
67396,0.05028125
156275,0.05028125
160718,0.05028125
125199,0.05028125
71539,0.05028125
42049,0.05028125
168179,0.05028125
33319,0.05028125
55313,0.05028125
196673,0.05028125
116186,0.05028125
183605,0.05028125
126052,0.05028125
24679,0.05028125
179463,0.05028125
3653,0.05028125
195096,0.05028125
63282,0.05028125
119556,0.05028125
166224,0.05028125
118904,0.05028125
39369,0.05028125
5605,0.05028125
144957,0.05028125
70301,0.05028125
85846,0.05028125
65196,0.05028125
110911,0.05028125
2531,0.05028125
51675,0.05028125
195043,0.05028125
122909,0.05028125
166058,0.05028125
126791,0.05028125
159868,0.05028125
101520,0.05028125
170587,0.05028125
118981,0.05028125
166658,0.05028125
14014,0.05028125
153906,0.05028125
42069,0.05028125
29687,0.05028125
127778,0.05028125
50583,0.05028125
18098,0.05028125
105148,0.05028125
76476,0.05028125
68709,0.05028125
167640,0.05028125
83653,0.05028125
184677,0.05028125
69224,0.05028125
125448,0.05028125
94202,0.05028125
86446,0.05028125
170990,0.05028125
77881,0.05028125
13395,0.05028125
168681,0.05028125
159936,0.05028125
60173,0.05028125
168524,0.05028125
97900,0.05028125
148918,0.05028125
141425,0.05028125
99637,0.05028125
42966,0.05028125
14517,0.05028125
143134,0.05028125
188657,0.05028125
68528,0.05028125
64008,0.05028125
165863,0.05028125
187449,0.05028125
35493,0.05028125
95369,0.05028125
143982,0.05028125
57680,0.05028125
168138,0.05028125
62888,0.05028125
122159,0.05028125
158639,0.05028125
112191,0.05028125
182431,0.05028125
155373,0.05028125
32000,0.05028125
76678,0.05028125
174600,0.05028125
61294,0.05028125
196001,0.05028125
85700,0.05028125
146941,0.05028125
27214,0.05028125
40574,0.05028125
65419,0.05028125
958,0.05028125
38603,0.05028125
25796,0.05028125
156370,0.05028125
103010,0.05028125
45960,0.05028125
14154,0.05028125
153039,0.05028125
121731,0.05028125
100987,0.05028125
11593,0.05028125
768,0.05028125
20372,0.05028125
48748,0.05028125
180336,0.05028125
90507,0.05028125
199288,0.05028125
177545,0.05028125
186439,0.05028125
186840,0.05028125
130980,0.05028125
111048,0.05028125
145082,0.05028125
54247,0.05028125
175556,0.05028125
71726,0.05028125
136418,0.05028125
31702,0.05028125
83959,0.05028125
40507,0.05028125
116745,0.05028125
180779,0.05028125
17802,0.05028125
189324,0.05028125
112124,0.05028125
51087,0.05028125
111501,0.05028125
74363,0.05028125
66281,0.05028125
19658,0.05028125
103487,0.05028125
32833,0.05028125
87709,0.05028125
85041,0.05028125
152207,0.05028125
131113,0.05028125
99815,0.05028125
158656,0.05028125
191041,0.05028125
7625,0.05028125
195947,0.05028125
196008,0.05028125
42466,0.05028125
113571,0.05028125
9737,0.05028125
60259,0.05028125
166112,0.05028125
181085,0.05028125
6363,0.05028125
82347,0.05028125
199310,0.05028125
48889,0.05028125
95975,0.05028125
161562,0.05028125
66773,0.05028125
161000,0.05028125
171190,0.05028125
153841,0.05028125
105505,0.05028125
59913,0.05028125
107678,0.05028125
132850,0.05028125
53850,0.05028125
54826,0.05028125
6658,0.05028125
9244,0.05028125
46038,0.05028125
88860,0.05028125
177810,0.05028125
68565,0.05028125
166436,0.05028125
49648,0.05028125
66939,0.05028125
129266,0.05028125
93952,0.05028125
160678,0.05028125
146849,0.05028125
44812,0.05028125
566,0.05028125
171974,0.05028125
149152,0.05028125
13930,0.05028125
182754,0.05028125
106337,0.05028125
166946,0.05028125
131785,0.05028125
18575,0.05028125
188422,0.05028125
92968,0.05028125
109113,0.05028125
197550,0.05028125
49619,0.05028125
79488,0.05028125
189409,0.05028125
121317,0.05028125
17308,0.05028125
92688,0.05028125
111086,0.05028125
22191,0.05028125
29510,0.05028125
178831,0.05028125
170036,0.05028125
19023,0.05028125
144178,0.05028125
104495,0.05028125
52983,0.05028125
70081,0.05028125
76801,0.05028125
36081,0.05028125
88503,0.05028125
7784,0.05028125
132816,0.05028125
82330,0.05028125
35877,0.05028125
74445,0.05028125
244,0.05028125
144915,0.05028125
195451,0.05028125
129020,0.05028125
110047,0.05028125
123782,0.05028125
191191,0.05028125
118210,0.05028125
123436,0.05028125
145672,0.05028125
192940,0.05028125
171555,0.05028125
62163,0.05028125
177356,0.05028125
168496,0.05028125
57056,0.05028125
134007,0.05028125
118913,0.05028125
103967,0.05028125
185167,0.05028125
176673,0.05028125
175950,0.05028125
151408,0.05028125
93496,0.05028125
41236,0.05028125
89990,0.05028125
22107,0.05028125
60578,0.05028125
152384,0.05028125
109444,0.05028125
176250,0.05028125
60593,0.05028125
103513,0.05028125
178765,0.05028125
96418,0.05028125
31592,0.05028125
111728,0.05028125
43565,0.05028125
149286,0.05028125
112048,0.05028125
166146,0.05028125
181355,0.05028125
93461,0.05028125
168961,0.05028125
169663,0.05028125
60963,0.05028125
58845,0.05028125
161008,0.05028125
85255,0.05028125
40816,0.05028125
27058,0.05028125
121497,0.05028125
71814,0.05028125
80470,0.05028125
147989,0.05028125
94857,0.05028125
25568,0.05028125
142834,0.05028125
168014,0.05028125
101037,0.05028125
92391,0.05028125
198711,0.05028125
142720,0.05028125
123386,0.05028125
24952,0.05028125
59797,0.05028125
27717,0.05028125
9000,0.05028125
27231,0.05028125
184430,0.05028125
112979,0.05028125
56746,0.05028125
180574,0.05028125
68530,0.05028125
169489,0.05028125
70025,0.05028125
69408,0.05028125
169887,0.05028125
8556,0.05028125
14320,0.05028125
110983,0.05028125
198658,0.05028125
106546,0.05028125
65552,0.05028125
140938,0.05028125
37765,0.05028125
5501,0.05028125
57694,0.05028125
36150,0.05028125
156688,0.05028125
41020,0.05028125
151362,0.05028125
65255,0.05028125
33006,0.05028125
26379,0.05028125
9536,0.05028125
89176,0.05028125
188005,0.05028125
68828,0.05028125
11456,0.05028125
156772,0.05028125
99065,0.05028125
27767,0.05028125
129373,0.05028125
52866,0.05028125
57784,0.05028125
1995,0.05028125
101157,0.05028125
196371,0.05028125
153985,0.05028125
126864,0.05028125
79765,0.05028125
70581,0.05028125
47550,0.05028125
167261,0.05028125
121209,0.05028125
172765,0.05028125
87650,0.05028125
179549,0.05028125
156347,0.05028125
31951,0.05028125
58561,0.05028125
195967,0.05028125
12070,0.05028125
120271,0.05028125
35978,0.05028125
169403,0.05028125
169911,0.05028125
57684,0.05028125
123609,0.05028125
173045,0.05028125
63825,0.05028125
71758,0.05028125
2209,0.05028125
126823,0.05028125
124566,0.05028125
173908,0.05028125
120228,0.05028125
199635,0.05028125
114284,0.05028125
159905,0.05028125
128294,0.05028125
107469,0.05028125
46759,0.05028125
110856,0.05028125
195486,0.05028125
88084,0.05028125
49550,0.05028125
54830,0.05028125
5988,0.05028125
34692,0.05028125
167848,0.05028125
70078,0.05028125
41243,0.05028125
192356,0.05028125
18671,0.05028125
172219,0.05028125
199463,0.05028125
45131,0.05028125
77099,0.05028125
106022,0.05028125
79850,0.05028125
89307,0.05028125
44667,0.05028125
68567,0.05028125
133588,0.05028125
131000,0.05028125
58553,0.05028125
13342,0.05028125
171839,0.05028125
188409,0.05028125
59773,0.05028125
102676,0.05028125
75788,0.05028125
30205,0.05028125
108675,0.05028125
159506,0.05028125
195046,0.05028125
92769,0.05028125
141089,0.05028125
44670,0.05028125
90891,0.05028125
23232,0.05028125
69051,0.05028125
175833,0.05028125
87765,0.05028125
18666,0.05028125
99001,0.05028125
50765,0.05028125
101731,0.05028125
165671,0.05028125
111284,0.05028125
168733,0.05028125
99184,0.05028125
170852,0.05028125
87536,0.05028125
112707,0.05028125
37538,0.05028125
75079,0.05028125
102708,0.05028125
138951,0.05028125
118366,0.05028125
20990,0.05028125
198229,0.05028125
179792,0.05028125
162049,0.05028125
88992,0.05028125
14288,0.05028125
175270,0.05028125
239,0.05028125
73500,0.05028125
47175,0.05028125
12907,0.05028125
13390,0.05028125
69678,0.05028125
14701,0.05028125
53301,0.05028125
75389,0.05028125
143487,0.05028125
135743,0.05028125
13324,0.05028125
195104,0.05028125
35201,0.05028125
42306,0.05028125
39052,0.05028125
127052,0.05028125
113727,0.05028125
126522,0.05028125
48288,0.05028125
151456,0.05028125
38317,0.05028125
19528,0.05028125
28077,0.05028125
140299,0.05028125
174687,0.05028125
46225,0.05028125
4732,0.05028125
116581,0.05028125
126526,0.05028125
129583,0.05028125
107831,0.05028125
119713,0.05028125
106793,0.05028125
11075,0.05028125
133402,0.05028125
194117,0.05028125
140332,0.05028125
93093,0.05028125
114999,0.05028125
132791,0.05028125
8168,0.05028125
83764,0.05028125
49635,0.05028125
70074,0.05028125
22847,0.05028125
198088,0.05028125
107574,0.05028125
138324,0.05028125
152536,0.05028125
194560,0.05028125
184420,0.05028125
134318,0.05028125
61934,0.05028125
109026,0.05028125
133527,0.05028125
180029,0.05028125
190881,0.05028125
91190,0.05028125
125020,0.05028125
80048,0.05028125
144654,0.05028125
106373,0.05028125
42132,0.05028125
181274,0.05028125
79576,0.05028125
119425,0.05028125
66027,0.05028125
166138,0.05028125
110667,0.05028125
40618,0.05028125
123355,0.05028125
193383,0.05028125
2492,0.05028125
79239,0.05028125
3324,0.05028125
129685,0.05028125
137734,0.05028125
134862,0.05028125
97922,0.05028125
17366,0.05028125
14601,0.05028125
145635,0.05028125
110347,0.05028125
24065,0.05028125
63751,0.05028125
177239,0.05028125
3861,0.05028125
15812,0.05028125
131699,0.05028125
34200,0.05028125
99197,0.05028125
165321,0.05028125
128046,0.05028125
52640,0.05028125
52101,0.05028125
59141,0.05028125
20494,0.05028125
127010,0.05028125
105371,0.05028125
84716,0.05028125
31109,0.05028125
86982,0.05028125
185937,0.05028125
143899,0.05028125
33820,0.05028125
75797,0.05028125
75846,0.05028125
182364,0.05028125
185921,0.05028125
162605,0.05028125
33613,0.05028125
58370,0.05028125
79682,0.05028125
5741,0.05028125
67757,0.05028125
81768,0.05028125
40248,0.05028125
110937,0.05028125
1052,0.05028125
32802,0.05028125
165640,0.05028125
107882,0.05028125
15548,0.05028125
100440,0.05028125
109235,0.05028125
87100,0.05028125
72158,0.05028125
123983,0.05028125
87189,0.05028125
72000,0.05028125
82502,0.05028125
112761,0.05028125
88097,0.05028125
100701,0.05028125
13196,0.05028125
34704,0.05028125
123592,0.05028125
76307,0.05028125
29140,0.05028125
31762,0.05028125
70392,0.05028125
113455,0.05028125
197192,0.05028125
193081,0.05028125
185582,0.05028125
58916,0.05028125
124627,0.05028125
85856,0.05028125
121398,0.05028125
75415,0.05028125
44527,0.05028125
37047,0.05028125
82860,0.05028125
28300,0.05028125
15929,0.05028125
5839,0.05028125
144001,0.05028125
38353,0.05028125
31369,0.05028125
114525,0.05028125
28895,0.05028125
140974,0.05028125
165893,0.05028125
57374,0.05028125
129382,0.05028125
38422,0.05028125
139983,0.05028125
153083,0.05028125
166089,0.05028125
199153,0.05028125
90524,0.05028125
23718,0.05028125
195078,0.05028125
58673,0.05028125
52222,0.05028125
98973,0.05028125
172103,0.05028125
17466,0.05028125
35115,0.05028125
146958,0.05028125
17325,0.05028125
194089,0.05028125
163361,0.05028125
48415,0.05028125
179918,0.05028125
95690,0.05028125
196687,0.05028125
42243,0.05028125
125883,0.05028125
81897,0.05028125
19455,0.05028125
16178,0.05028125
3061,0.05028125
152456,0.05028125
129061,0.05028125
146633,0.05028125
188972,0.05028125
103217,0.05028125
123945,0.05028125
125275,0.05028125
36887,0.05028125
103275,0.05028125
173367,0.05028125
172395,0.05028125
146078,0.05028125
190819,0.05028125
145383,0.05028125
65447,0.05028125
116615,0.05028125
181436,0.05028125
179645,0.05028125
13387,0.05028125
186954,0.05028125
167501,0.05028125
177961,0.05028125
43992,0.05028125
126702,0.05028125
137545,0.05028125
54572,0.05028125
178799,0.05028125
11021,0.05028125
108501,0.05028125
115072,0.05028125
130626,0.05028125
20107,0.05028125
35238,0.05028125
159833,0.05028125
9535,0.05028125
162082,0.05028125
85323,0.05028125
126649,0.05028125
76739,0.05028125
191188,0.05028125
190385,0.05028125
117301,0.05028125
152848,0.05028125
131571,0.05028125
37410,0.05028125
72233,0.05028125
152720,0.05028125
184525,0.05028125
134336,0.05028125
120321,0.05028125
186882,0.05028125
11617,0.05028125
81532,0.05028125
3136,0.05028125
95481,0.05028125
17252,0.05028125
58818,0.05028125
121905,0.05028125
144368,0.05028125
147,0.05028125
199058,0.05028125
146912,0.05028125
32030,0.05028125
31480,0.05028125
82596,0.05028125
93151,0.05028125
67672,0.05028125
45793,0.05028125
53346,0.05028125
928,0.05028125
166637,0.05028125
113353,0.05028125
157774,0.05028125
152791,0.05028125
173541,0.05028125
24082,0.05028125
77343,0.05028125
21401,0.05028125
122804,0.05028125
142459,0.05028125
133045,0.05028125
190031,0.05028125
150411,0.05028125
187499,0.05028125
151228,0.05028125
112003,0.05028125
189545,0.05028125
118414,0.05028125
182787,0.05028125
141182,0.05028125
92493,0.05028125
31241,0.05028125
62544,0.05028125
85658,0.05028125
21804,0.05028125
117647,0.05028125
118238,0.05028125
179150,0.05028125
151618,0.05028125
143973,0.05028125
34012,0.05028125
137696,0.05028125
33756,0.05028125
196348,0.05028125
140122,0.05028125
92795,0.05028125
22579,0.05028125
73132,0.05028125
149747,0.05028125
66651,0.05028125
190580,0.05028125
122722,0.05028125
5504,0.05028125
84063,0.05028125
42057,0.05028125
156177,0.05028125
42946,0.05028125
100360,0.05028125
137693,0.05028125
78903,0.05028125
160403,0.05028125
187865,0.05028125
87001,0.05028125
19554,0.05028125
20807,0.05028125
150096,0.05028125
29830,0.05028125
159772,0.05028125
40031,0.05028125
94349,0.05028125
117170,0.05028125
132096,0.05028125
56090,0.05028125
112572,0.05028125
126307,0.05028125
24285,0.05028125
9935,0.05028125
78991,0.05028125
127624,0.05028125
54317,0.05028125
17828,0.05028125
29553,0.05028125
96022,0.05028125
78727,0.05028125
104590,0.05028125
146099,0.05028125
194105,0.05028125
86675,0.05028125
63656,0.05028125
117562,0.05028125
43082,0.05028125
155916,0.05028125
185863,0.05028125
126590,0.05028125
74673,0.05028125
14141,0.05028125
112468,0.05028125
92134,0.05028125
118349,0.05028125
142711,0.05028125
77071,0.05028125
94105,0.05028125
90834,0.05028125
158144,0.05028125
63832,0.05028125
178402,0.05028125
113920,0.05028125
66338,0.05028125
177762,0.05028125
83198,0.05028125
136975,0.05028125
26823,0.05028125
191825,0.05028125
10980,0.05028125
100264,0.05028125
160603,0.05028125
42424,0.05028125
162471,0.05028125
16794,0.05028125
8727,0.05028125
147660,0.05028125
113477,0.05028125
82918,0.05028125
131742,0.05028125
14279,0.05028125
199601,0.05028125
131240,0.05028125
19665,0.05028125
48024,0.05028125
31069,0.05028125
122221,0.05028125
10901,0.05028125
18361,0.05028125
168942,0.05028125
74376,0.05028125
161353,0.05028125
38132,0.05028125
18428,0.05028125
7729,0.05028125
177727,0.05028125
121001,0.05028125
76905,0.05028125
124610,0.05028125
62166,0.05028125
10514,0.05028125
58193,0.05028125
168864,0.05028125
64531,0.05028125
118384,0.05028125
79615,0.05028125
98078,0.05028125
14542,0.05028125
70140,0.05028125
55515,0.05028125
62968,0.05028125
48021,0.05028125
167504,0.05028125
71394,0.05028125
4599,0.05028125
89921,0.05028125
45370,0.05028125
199916,0.05028125
21986,0.05028125
35719,0.05028125
137590,0.05028125
150598,0.05028125
3526,0.05028125
123092,0.05028125
185543,0.05028125
144881,0.05028125
168323,0.05028125
67398,0.05028125
88343,0.05028125
110349,0.05028125
131277,0.05028125
33824,0.05028125
193216,0.05028125
18380,0.05028125
128731,0.05028125
63988,0.05028125
122387,0.05028125
17137,0.05028125
139779,0.05028125
131146,0.05028125
73422,0.05028125
38618,0.05028125
110414,0.05028125
194898,0.05028125
140203,0.05028125
15796,0.05028125
79497,0.05028125
72319,0.05028125
192737,0.05028125
184065,0.05028125
3477,0.05028125
109566,0.05028125
115641,0.05028125
1451,0.05028125
188428,0.05028125
49510,0.05028125
62661,0.05028125
82275,0.05028125
176955,0.05028125
140921,0.05028125
125222,0.05028125
35722,0.05028125
180735,0.05028125
106132,0.05028125
182701,0.05028125
129485,0.05028125
67836,0.05028125
183416,0.05028125
194285,0.05028125
36087,0.05028125
146408,0.05028125
70048,0.05028125
25733,0.05028125
108343,0.05028125
78191,0.05028125
174910,0.05028125
56721,0.05028125
65465,0.05028125
13376,0.05028125
197042,0.05028125
184740,0.05028125
37319,0.05028125
134035,0.05028125
178530,0.05028125
148232,0.05028125
179079,0.05028125
108957,0.05028125
54911,0.05028125
50328,0.05028125
121729,0.05028125
44429,0.05028125
34755,0.05028125
25236,0.05028125
6681,0.05028125
108371,0.05028125
19311,0.05028125
151066,0.05028125
121362,0.05028125
51759,0.05028125
157310,0.05028125
93758,0.05028125
118350,0.05028125
1531,0.05028125
90550,0.05028125
32977,0.05028125
19436,0.05028125
152085,0.05028125
186589,0.05028125
40456,0.05028125
188800,0.05028125
83807,0.05028125
150510,0.05028125
88435,0.05028125
121306,0.05028125
52674,0.05028125
155287,0.05028125
55486,0.05028125
133252,0.05028125
82379,0.05028125
34613,0.05028125
28535,0.05028125
188712,0.05028125
7018,0.05028125
58221,0.05028125
154569,0.05028125
194495,0.05028125
48924,0.05028125
73598,0.05028125
156857,0.05028125
89184,0.05028125
4086,0.05028125
22553,0.05028125
103064,0.05028125
7494,0.05028125
63855,0.05028125
163931,0.05028125
83111,0.05028125
66398,0.05028125
103819,0.05028125
81149,0.05028125
142467,0.05028125
182833,0.05028125
199808,0.05028125
50127,0.05028125
46365,0.05028125
180418,0.05028125
182369,0.05028125
194967,0.05028125
106865,0.05028125
22514,0.05028125
142096,0.05028125
111735,0.05028125
174761,0.05028125
149986,0.05028125
109492,0.05028125
111569,0.05028125
75945,0.05028125
101566,0.05028125
74173,0.05028125
27486,0.05028125
81632,0.05028125
18369,0.05028125
15154,0.05028125
123948,0.05028125
157941,0.05028125
188956,0.05028125
61556,0.05028125
105164,0.05028125
159070,0.05028125
55265,0.05028125
67974,0.05028125
146231,0.05028125
86318,0.05028125
51750,0.05028125
120813,0.05028125
28795,0.05028125
148468,0.05028125
102664,0.05028125
168082,0.05028125
57205,0.05028125
111932,0.05028125
45791,0.05028125
84431,0.05028125
91650,0.05028125
176588,0.05028125
55960,0.05028125
126263,0.05028125
116189,0.05028125
150007,0.05028125
115871,0.05028125
133167,0.05028125
64344,0.05028125
49955,0.05028125
56454,0.05028125
171256,0.05028125
193466,0.05028125
67614,0.05028125
168252,0.05028125
11614,0.05028125
39136,0.05028125
48357,0.05028125
169722,0.05028125
20858,0.05028125
107601,0.05028125
30780,0.05028125
165784,0.05028125
37525,0.05028125
68731,0.05028125
22360,0.05028125
34581,0.05028125
39172,0.05028125
50021,0.05028125
105920,0.05028125
108610,0.05028125
159372,0.05028125
152806,0.05028125
36049,0.05028125
83077,0.05028125
165523,0.05028125
78366,0.05028125
171309,0.05028125
1086,0.05028125
109455,0.05028125
662,0.05028125
124531,0.05028125
158761,0.05028125
103818,0.05028125
31149,0.05028125
52521,0.05028125
84524,0.05028125
188592,0.05028125
31700,0.05028125
33142,0.05028125
48912,0.05028125
196805,0.05028125
104354,0.05028125
119152,0.05028125
50244,0.05028125
28641,0.05028125
99121,0.05028125
158352,0.05028125
60435,0.05028125
96978,0.05028125
118577,0.05028125
192864,0.05028125
177003,0.05028125
1161,0.05028125
10302,0.05028125
136691,0.05028125
68444,0.05028125
134908,0.05028125
66628,0.05028125
86003,0.05028125
97291,0.05028125
1961,0.05028125
169170,0.05028125
131351,0.05028125
149333,0.05028125
82425,0.05028125
143293,0.05028125
162787,0.05028125
167608,0.05028125
109375,0.05028125
112908,0.05028125
64816,0.05028125
112043,0.05028125
50841,0.05028125
128972,0.05028125
68639,0.05028125
173407,0.05028125
95389,0.05028125
15428,0.05028125
141909,0.05028125
117356,0.05028125
138281,0.05028125
107827,0.05028125
50647,0.05028125
134316,0.05028125
36656,0.05028125
21551,0.05028125
57688,0.05028125
79954,0.05028125
80666,0.05028125
68749,0.05028125
143613,0.05028125
22603,0.05028125
77276,0.05028125
48623,0.05028125
92420,0.05028125
63249,0.05028125
77890,0.05028125
163509,0.05028125
74074,0.05028125
48433,0.05028125
34111,0.05028125
125482,0.05028125
114831,0.05028125
178322,0.05028125
159328,0.05028125
58974,0.05028125
145213,0.05028125
114051,0.05028125
184644,0.05028125
105425,0.05028125
100151,0.05028125
21716,0.05028125
7670,0.05028125
183260,0.05028125
111139,0.05028125
133928,0.05028125
36099,0.05028125
151173,0.05028125
111172,0.05028125
177589,0.05028125
19219,0.05028125
94579,0.05028125
75139,0.05028125
65059,0.05028125
93930,0.05028125
104647,0.05028125
125607,0.05028125
20555,0.05028125
31666,0.05028125
3222,0.05028125
96131,0.05028125
50486,0.05028125
68907,0.05028125
152531,0.05028125
7204,0.05028125
114684,0.05028125
24269,0.05028125
185247,0.05028125
134706,0.05028125
155861,0.05028125
89799,0.05028125
129475,0.05028125
96923,0.05028125
112151,0.05028125
56900,0.05028125
1431,0.05028125
97847,0.05028125
80399,0.05028125
170972,0.05028125
10438,0.05028125
38684,0.05028125
191024,0.05028125
63304,0.05028125
169200,0.05028125
166036,0.05028125
175784,0.05028125
162940,0.05028125
163966,0.05028125
43783,0.05028125
11815,0.05028125
140346,0.05028125
132464,0.05028125
67662,0.05028125
187959,0.05028125
77884,0.05028125
23584,0.05028125
67328,0.05028125
36606,0.05028125
8407,0.05028125
23394,0.05028125
113923,0.05028125
197838,0.05028125
25372,0.05028125
117065,0.05028125
90599,0.05028125
78608,0.05028125
181866,0.05028125
193236,0.05028125
85668,0.05028125
113260,0.05028125
51184,0.05028125
111066,0.05028125
152789,0.05028125
30627,0.05028125
53880,0.05028125
22273,0.05028125
98354,0.05028125
125758,0.05028125
169255,0.05028125
51525,0.05028125
99860,0.05028125
69978,0.05028125
76405,0.05028125
146362,0.05028125
101253,0.05028125
127840,0.05028125
125615,0.05028125
30955,0.05028125
119967,0.05028125
60016,0.05028125
66524,0.05028125
29833,0.05028125
57167,0.05028125
48652,0.05028125
114256,0.05028125
90126,0.05028125
171850,0.05028125
176265,0.05028125
130220,0.05028125
148580,0.05028125
126216,0.05028125
41604,0.05028125
51363,0.05028125
31113,0.05028125
105548,0.05028125
61379,0.05028125
93826,0.05028125
194187,0.05028125
159960,0.05028125
177057,0.05028125
29685,0.05028125
161157,0.05028125
158812,0.05028125
67010,0.05028125
39277,0.05028125
149776,0.05028125
93740,0.05028125
58805,0.05028125
85537,0.05028125
94956,0.05028125
22001,0.05028125
158514,0.05028125
33240,0.05028125
1650,0.05028125
186148,0.05028125
12514,0.05028125
174908,0.05028125
64232,0.05028125
100183,0.05028125
196736,0.05028125
20120,0.05028125
193968,0.05028125
136778,0.05028125
132929,0.05028125
124317,0.05028125
32803,0.05028125
131278,0.05028125
2263,0.05028125
131008,0.05028125
93876,0.05028125
39572,0.05028125
167519,0.05028125
187736,0.05028125
106423,0.05028125
146998,0.05028125
173000,0.05028125
119880,0.05028125
54571,0.05028125
187675,0.05028125
140728,0.05028125
176760,0.05028125
135537,0.05028125
148591,0.05028125
61005,0.05028125
108866,0.05028125
178902,0.05028125
98955,0.05028125
137069,0.05028125
196653,0.05028125
82531,0.05028125
55439,0.05028125
6375,0.05028125
70014,0.05028125
163125,0.05028125
46549,0.05028125
19126,0.05028125
88597,0.05028125
103890,0.05028125
130056,0.05028125
159534,0.05028125
65594,0.05028125
167204,0.05028125
84676,0.05028125
47112,0.05028125
159953,0.05028125
192914,0.05028125
11067,0.05028125
142543,0.05028125
113709,0.05028125
4560,0.05028125
63132,0.05028125
85484,0.05028125
75683,0.05028125
96358,0.05028125
21169,0.05028125
92401,0.05028125
198363,0.05028125
76589,0.05028125
103092,0.05028125
62222,0.05028125
132421,0.05028125
6546,0.05028125
194077,0.05028125
118042,0.05028125
53563,0.05028125
99998,0.05028125
3606,0.05028125
161168,0.05028125
148948,0.05028125
30862,0.05028125
70086,0.05028125
34554,0.05028125
187456,0.05028125
157601,0.05028125
45407,0.05028125
63428,0.05028125
116811,0.05028125
31543,0.05028125
168249,0.05028125
105739,0.05028125
177073,0.05028125
26596,0.05028125
112593,0.05028125
175307,0.05028125
190125,0.05028125
135941,0.05028125
62884,0.05028125
40012,0.05028125
6040,0.05028125
122418,0.05028125
27685,0.05028125
97475,0.05028125
135604,0.05028125
65629,0.05028125
86481,0.05028125
140747,0.05028125
166776,0.05028125
44757,0.05028125
102095,0.05028125
20773,0.05028125
80066,0.05028125
26884,0.05028125
3083,0.05028125
128180,0.05028125
34851,0.05028125
103856,0.05028125
67747,0.05028125
39270,0.05028125
130230,0.05028125
85694,0.05028125
55141,0.05028125
179316,0.05028125
67867,0.05028125
20927,0.05028125
54940,0.05028125
128702,0.05028125
92164,0.05028125
74613,0.05028125
106187,0.05028125
16887,0.05028125
131275,0.05028125
54004,0.05028125
115019,0.05028125
40171,0.05028125
91263,0.05028125
162670,0.05028125
125051,0.05028125
41572,0.05028125
95295,0.05028125
185848,0.05028125
136938,0.05028125
50161,0.05028125
162197,0.05028125
77346,0.05028125
190285,0.05028125
64953,0.05028125
9361,0.05028125
192600,0.05028125
124641,0.05028125
158766,0.05028125
28923,0.05028125
138169,0.05028125
162979,0.05028125
147190,0.05028125
49108,0.05028125
81043,0.05028125
42417,0.05028125
137672,0.05028125
60159,0.05028125
83957,0.05028125
24888,0.05028125
70557,0.05028125
174461,0.05028125
169356,0.05028125
112292,0.05028125
24830,0.05028125
86226,0.05028125
17816,0.05028125
167381,0.05028125
7273,0.05028125
69079,0.05028125
81864,0.05028125
187398,0.05028125
154738,0.05028125
118531,0.05028125
47768,0.05028125
62767,0.05028125
55213,0.05028125
17797,0.05028125
111317,0.05028125
175369,0.05028125
192221,0.05028125
146865,0.05028125
96517,0.05028125
139181,0.05028125
68726,0.05028125
193329,0.05028125
179365,0.05028125
61553,0.05028125
125726,0.05028125
96263,0.05028125
10677,0.05028125
27314,0.05028125
13262,0.05028125
107071,0.05028125
61335,0.05028125
79574,0.05028125
28291,0.05028125
10391,0.05028125
168441,0.05028125
141825,0.05028125
177512,0.05028125
147543,0.05028125
188889,0.05028125
190399,0.05028125
35535,0.05028125
120786,0.05028125
166868,0.05028125
100031,0.05028125
86094,0.05028125
138081,0.05028125
52435,0.05028125
161924,0.05028125
197831,0.05028125
27183,0.05028125
184733,0.05028125
161092,0.05028125
100888,0.05028125
157783,0.05028125
108416,0.05028125
122171,0.05028125
42859,0.05028125
53950,0.05028125
96742,0.05028125
181664,0.05028125
192020,0.05028125
12472,0.05028125
176939,0.05028125
195027,0.05028125
3178,0.05028125
75152,0.05028125
137042,0.05028125
187586,0.05028125
117185,0.05028125
100691,0.05028125
186004,0.05028125
105603,0.05028125
91462,0.05028125
56221,0.05028125
94060,0.05028125
93152,0.05028125
72173,0.05028125
86649,0.05028125
12699,0.05028125
7615,0.05028125
78828,0.05028125
152357,0.05028125
64479,0.05028125
144196,0.05028125
9901,0.05028125
169556,0.05028125
36225,0.05028125
24321,0.05028125
159246,0.05028125
21784,0.05028125
166003,0.05028125
89744,0.05028125
138904,0.05028125
66922,0.05028125
109807,0.05028125
144192,0.05028125
162434,0.05028125
4859,0.05028125
159642,0.05028125
155567,0.05028125
151647,0.05028125
52472,0.05028125
121814,0.05028125
15877,0.05028125
177502,0.05028125
71458,0.05028125
145326,0.05028125
19948,0.05028125
145099,0.05028125
5280,0.05028125
133089,0.05028125
110833,0.05028125
37472,0.05028125
177370,0.05028125
177620,0.05028125
164919,0.05028125
31742,0.05028125
198106,0.05028125
69566,0.05028125
24105,0.05028125
47121,0.05028125
150195,0.05028125
13937,0.05028125
15897,0.05028125
184610,0.05028125
68005,0.05028125
59196,0.05028125
137699,0.05028125
166442,0.05028125
178482,0.05028125
157811,0.05028125
129058,0.05028125
169341,0.05028125
67247,0.05028125
117951,0.05028125
193507,0.05028125
149109,0.05028125
49087,0.05028125
180889,0.05028125
12552,0.05028125
175358,0.05028125
140800,0.05028125
198093,0.05028125
174548,0.05028125
115866,0.05028125
164120,0.05028125
15547,0.05028125
183948,0.05028125
73273,0.05028125
71860,0.05028125
13212,0.05028125
32669,0.05028125
133920,0.05028125
160127,0.05028125
22652,0.05028125
69151,0.05028125
92550,0.05028125
69160,0.05028125
36345,0.05028125
185068,0.05028125
81272,0.05028125
25819,0.05028125
139078,0.05028125
144708,0.05028125
95648,0.05028125
194017,0.05028125
79131,0.05028125
143558,0.05028125
133831,0.05028125
182731,0.05028125
39085,0.05028125
76520,0.05028125
155256,0.05028125
182687,0.05028125
70631,0.05028125
21175,0.05028125
178054,0.05028125
38444,0.05028125
146713,0.05028125
6411,0.05028125
46355,0.05028125
145302,0.05028125
84322,0.05028125
115060,0.05028125
122081,0.05028125
23039,0.05028125
135533,0.05028125
44154,0.05028125
196452,0.05028125
99713,0.05028125
135186,0.05028125
155626,0.05028125
138769,0.05028125
67739,0.05028125
176638,0.05028125
154747,0.05028125
68866,0.05028125
146136,0.05028125
1331,0.05028125
76096,0.05028125
52832,0.05028125
150735,0.05028125
156330,0.05028125
135624,0.05028125
163498,0.05028125
11649,0.05028125
41987,0.05028125
180555,0.05028125
117068,0.05028125
195659,0.05028125
176636,0.05028125
166486,0.05028125
50549,0.05028125
117013,0.05028125
96595,0.05028125
72604,0.05028125
167565,0.05028125
32202,0.05028125
194340,0.05028125
138380,0.05028125
85302,0.05028125
155199,0.05028125
21096,0.05028125
17271,0.05028125
190083,0.05028125
183233,0.05028125
150762,0.05028125
64543,0.05028125
144127,0.05028125
86359,0.05028125
139920,0.05028125
199076,0.05028125
171377,0.05028125
140277,0.05028125
190317,0.05028125
59444,0.05028125
116423,0.05028125
161391,0.05028125
176200,0.05028125
133926,0.05028125
119699,0.05028125
105509,0.05028125
191155,0.05028125
4343,0.05028125
191874,0.05028125
2306,0.05028125
14884,0.05028125
154031,0.05028125
195767,0.05028125
65917,0.05028125
56236,0.05028125
192596,0.05028125
167049,0.05028125
141992,0.05028125
54814,0.05028125
72759,0.05028125
63904,0.05028125
15448,0.05028125
181147,0.05028125
164178,0.05028125
112569,0.05028125
86787,0.05028125
2155,0.05028125
173397,0.05028125
150022,0.05028125
404,0.05028125
155571,0.05028125
11670,0.05028125
4525,0.05028125
46817,0.05028125
31143,0.05028125
13188,0.05028125
98682,0.05028125
28799,0.05028125
100893,0.05028125
143387,0.05028125
145895,0.05028125
7038,0.05028125
89926,0.05028125
21290,0.05028125
94197,0.05028125
57052,0.05028125
121915,0.05028125
59842,0.05028125
149694,0.05028125
78798,0.05028125
180790,0.05028125
197720,0.05028125
195718,0.05028125
181434,0.05028125
170462,0.05028125
3294,0.05028125
101651,0.05028125
100553,0.05028125
81367,0.05028125
161799,0.05028125
109884,0.05028125
37168,0.05028125
53169,0.05028125
90374,0.05028125
116661,0.05028125
129082,0.05028125
75149,0.05028125
12191,0.05028125
119657,0.05028125
26716,0.05028125
41503,0.05028125
198863,0.05028125
117168,0.05028125
117351,0.05028125
28681,0.05028125
79021,0.05028125
29815,0.05028125
56046,0.05028125
52001,0.05028125
42915,0.05028125
169115,0.05028125
125091,0.05028125
23765,0.05028125
157791,0.05028125
131238,0.05028125
76740,0.05028125
64808,0.05028125
19448,0.05028125
57411,0.05028125
91546,0.05028125
122531,0.05028125
26380,0.05028125
177453,0.05028125
46772,0.05028125
24201,0.05028125
68255,0.05028125
69119,0.05028125
124861,0.05028125
36668,0.05028125
5624,0.05028125
90581,0.05028125
121766,0.05028125
194256,0.05028125
198901,0.05028125
65525,0.05028125
99461,0.05028125
56831,0.05028125
111707,0.05028125
12168,0.05028125
77210,0.05028125
162846,0.05028125
155604,0.05028125
98735,0.05028125
79708,0.05028125
27199,0.05028125
125259,0.05028125
129670,0.05028125
175813,0.05028125
1106,0.05028125
152909,0.05028125
54636,0.05028125
183997,0.05028125
151282,0.05028125
169917,0.05028125
34966,0.05028125
133994,0.05028125
145766,0.05028125
89582,0.05028125
41343,0.05028125
140949,0.05028125
91042,0.05028125
103417,0.05028125
74354,0.05028125
64346,0.05028125
171778,0.05028125
1374,0.05028125
94525,0.05028125
160063,0.05028125
162567,0.05028125
58971,0.05028125
163995,0.05028125
45911,0.05028125
4716,0.05028125
30912,0.05028125
90228,0.05028125
3484,0.05028125
181751,0.05028125
66987,0.05028125
17064,0.05028125
26946,0.05028125
185628,0.05028125
185865,0.05028125
181295,0.05028125
116712,0.05028125
56139,0.05028125
144745,0.05028125
11134,0.05028125
138232,0.05028125
34896,0.05028125
38578,0.05028125
72414,0.05028125
178386,0.05028125
141821,0.05028125
8228,0.05028125
59514,0.05028125
153947,0.05028125
197876,0.05028125
58748,0.05028125
86689,0.05028125
28958,0.05028125
104971,0.05028125
87858,0.05028125
32451,0.05028125
136860,0.05028125
99707,0.05028125
197905,0.05028125
100578,0.05028125
43766,0.05028125
46314,0.05028125
13550,0.05028125
154205,0.05028125
121604,0.05028125
148685,0.05028125
112313,0.05028125
15466,0.05028125
43053,0.05028125
120764,0.05028125
19548,0.05028125
197398,0.05028125
64784,0.05028125
112340,0.05028125
40217,0.05028125
45094,0.05028125
140455,0.05028125
167733,0.05028125
192107,0.05028125
60994,0.05028125
178227,0.05028125
163475,0.05028125
64954,0.05028125
65479,0.05028125
137523,0.05028125
95957,0.05028125
83433,0.05028125
113606,0.05028125
9590,0.05028125
199562,0.05028125
118934,0.05028125
110644,0.05028125
32327,0.05028125
130984,0.05028125
183801,0.05028125
175031,0.05028125
193772,0.05028125
99978,0.05028125
179711,0.05028125
2560,0.05028125
136837,0.05028125
172200,0.05028125
39963,0.05028125
73682,0.05028125
54199,0.05028125
40873,0.05028125
108609,0.05028125
160185,0.05028125
193776,0.05028125
13486,0.05028125
108990,0.05028125
99587,0.05028125
147811,0.05028125
46034,0.05028125
55222,0.05028125
174757,0.05028125
2393,0.05028125
114399,0.05028125
92324,0.05028125
73807,0.05028125
52644,0.05028125
80043,0.05028125
37309,0.05028125
119189,0.05028125
96882,0.05028125
71489,0.05028125
141749,0.05028125
101415,0.05028125
93949,0.05028125
71543,0.05028125
46467,0.05028125
87952,0.05028125
117744,0.05028125
12333,0.05028125
60689,0.05028125
132847,0.05028125
140100,0.05028125
70130,0.05028125
151442,0.05028125
116344,0.05028125
161171,0.05028125
167689,0.05028125
27708,0.05028125
15757,0.05028125
147455,0.05028125
74602,0.05028125
157318,0.05028125
42743,0.05028125
109030,0.05028125
43235,0.05028125
175328,0.05028125
121911,0.05028125
168972,0.05028125
81544,0.05028125
41876,0.05028125
178954,0.05028125
185369,0.05028125
13178,0.05028125
51091,0.05028125
169419,0.05028125
70839,0.05028125
155019,0.05028125
5862,0.05028125
92160,0.05028125
77356,0.05028125
192748,0.05028125
88521,0.05028125
73211,0.05028125
20059,0.05028125
186891,0.05028125
12915,0.05028125
118015,0.05028125
93997,0.05028125
58091,0.05028125
36674,0.05028125
70259,0.05028125
121700,0.05028125
7789,0.05028125
19736,0.05028125
6416,0.05028125
136239,0.05028125
117522,0.05028125
132963,0.05028125
48849,0.05028125
105601,0.05028125
48181,0.05028125
128518,0.05028125
129112,0.05028125
186477,0.05028125
38988,0.05028125
150505,0.05028125
149381,0.05028125
161818,0.05028125
92545,0.05028125
93506,0.05028125
147575,0.05028125
130083,0.05028125
12588,0.05028125
78460,0.05028125
178998,0.05028125
191829,0.05028125
49115,0.05028125
149806,0.05028125
105848,0.05028125
39101,0.05028125
87107,0.05028125
107923,0.05028125
32455,0.05028125
130298,0.05028125
133323,0.05028125
191128,0.05028125
180619,0.05028125
81268,0.05028125
82794,0.05028125
106947,0.05028125
25575,0.05028125
115892,0.05028125
190657,0.05028125
86238,0.05028125
4357,0.05028125
79237,0.05028125
63577,0.05028125
54611,0.05028125
68523,0.05028125
168735,0.05028125
83961,0.05028125
106265,0.05028125
92188,0.05028125
124963,0.05028125
62257,0.05028125
82284,0.05028125
85347,0.05028125
176330,0.05028125
136842,0.05028125
188016,0.05028125
1887,0.05028125
74890,0.05028125
122131,0.05028125
18887,0.05028125
137510,0.05028125
112007,0.05028125
80935,0.05028125
75616,0.05028125
69304,0.05028125
151176,0.05028125
50948,0.05028125
185125,0.05028125
143255,0.05028125
14835,0.05028125
58839,0.05028125
58018,0.05028125
17955,0.05028125
48873,0.05028125
11977,0.05028125
123212,0.05028125
35350,0.05028125
63956,0.05028125
13905,0.05028125
26099,0.05028125
5883,0.05028125
98560,0.05028125
168364,0.05028125
63,0.05028125
25687,0.05028125
179978,0.05028125
112812,0.05028125
53025,0.05028125
70059,0.05028125
174711,0.05028125
118315,0.05028125
148908,0.05028125
69013,0.05028125
8254,0.05028125
127179,0.05028125
29556,0.05028125
21437,0.05028125
152518,0.05028125
5804,0.05028125
86557,0.05028125
65645,0.05028125
191328,0.05028125
106745,0.05028125
42425,0.05028125
114333,0.05028125
192075,0.05028125
131542,0.05028125
141298,0.05028125
167567,0.05028125
148833,0.05028125
125286,0.05028125
185041,0.05028125
131430,0.05028125
124439,0.05028125
85741,0.05028125
198660,0.05028125
152913,0.05028125
153920,0.05028125
109614,0.05028125
173830,0.05028125
589,0.05028125
192669,0.05028125
22727,0.05028125
164913,0.05028125
167989,0.05028125
179346,0.05028125
109982,0.05028125
46927,0.05028125
70825,0.05028125
70389,0.05028125
119606,0.05028125
45660,0.05028125
88849,0.05028125
63305,0.05028125
116521,0.05028125
6379,0.05028125
2720,0.05028125
100606,0.05028125
164870,0.05028125
115244,0.05028125
1172,0.05028125
39111,0.05028125
183859,0.05028125
47761,0.05028125
51966,0.05028125
189612,0.05028125
90063,0.05028125
62490,0.05028125
94786,0.05028125
33548,0.05028125
95321,0.05028125
76274,0.05028125
86201,0.05028125
85464,0.05028125
127838,0.05028125
159480,0.05028125
199670,0.05028125
77263,0.05028125
72251,0.05028125
30128,0.05028125
146501,0.05028125
51626,0.05028125
169123,0.05028125
53005,0.05028125
150194,0.05028125
150470,0.05028125
179802,0.05028125
127463,0.05028125
107921,0.05028125
140695,0.05028125
38749,0.05028125
141726,0.05028125
82088,0.05028125
193904,0.05028125
170275,0.05028125
10681,0.05028125
111699,0.05028125
63376,0.05028125
102316,0.05028125
128930,0.05028125
145941,0.05028125
79950,0.05028125
88601,0.05028125
65542,0.05028125
47104,0.05028125
36573,0.05028125
36446,0.05028125
68331,0.05028125
178643,0.05028125
5870,0.05028125
109875,0.05028125
144544,0.05028125
157815,0.05028125
52086,0.05028125
163427,0.05028125
89591,0.05028125
127403,0.05028125
106670,0.05028125
97866,0.05028125
182160,0.05028125
11898,0.05028125
89349,0.05028125
94446,0.05028125
62365,0.05028125
64234,0.05028125
162917,0.05028125
163474,0.05028125
174696,0.05028125
61344,0.05028125
164404,0.05028125
181155,0.05028125
180460,0.05028125
141144,0.05028125
139883,0.05028125
140150,0.05028125
54486,0.05028125
97598,0.05028125
124753,0.05028125
124092,0.05028125
36284,0.05028125
160593,0.05028125
169098,0.05028125
138544,0.05028125
142477,0.05028125
59129,0.05028125
147315,0.05028125
187309,0.05028125
61208,0.05028125
165036,0.05028125
101822,0.05028125
134564,0.05028125
42187,0.05028125
190538,0.05028125
185883,0.05028125
112063,0.05028125
96904,0.05028125
31110,0.05028125
178665,0.05028125
17332,0.05028125
85072,0.05028125
141989,0.05028125
124471,0.05028125
197658,0.05028125
2090,0.05028125
147635,0.05028125
188047,0.05028125
48662,0.05028125
54801,0.05028125
166849,0.05028125
115808,0.05028125
78404,0.05028125
185014,0.05028125
83086,0.05028125
20402,0.05028125
40173,0.05028125
77304,0.05028125
177369,0.05028125
137059,0.05028125
114116,0.05028125
67343,0.05028125
162026,0.05028125
44045,0.05028125
187156,0.05028125
76987,0.05028125
47661,0.05028125
76232,0.05028125
154209,0.05028125
173883,0.05028125
168529,0.05028125
41422,0.05028125
149049,0.05028125
56919,0.05028125
197110,0.05028125
147298,0.05028125
161167,0.05028125
31154,0.05028125
5434,0.05028125
7642,0.05028125
65668,0.05028125
39635,0.05028125
84187,0.05028125
53072,0.05028125
7386,0.05028125
199487,0.05028125
184075,0.05028125
111984,0.05028125
96875,0.05028125
184929,0.05028125
184469,0.05028125
162169,0.05028125
122295,0.05028125
34318,0.05028125
118618,0.05028125
118893,0.05028125
13527,0.05028125
130192,0.05028125
181854,0.05028125
9878,0.05028125
157105,0.05028125
17251,0.05028125
89673,0.05028125
1029,0.05028125
51706,0.05028125
61956,0.05028125
31099,0.05028125
47736,0.05028125
26223,0.05028125
41230,0.05028125
12363,0.05028125
116516,0.05028125
89425,0.05028125
119852,0.05028125
41599,0.05028125
116007,0.05028125
87887,0.05028125
89097,0.05028125
107023,0.05028125
44043,0.05028125
102414,0.05028125
67446,0.05028125
158182,0.05028125
75441,0.05028125
82143,0.05028125
147806,0.05028125
36926,0.05028125
187286,0.05028125
39382,0.05028125
131190,0.05028125
182265,0.05028125
15489,0.05028125
79153,0.05028125
14581,0.05028125
197860,0.05028125
154892,0.05028125
36237,0.05028125
44176,0.05028125
66574,0.05028125
141857,0.05028125
104726,0.05028125
29084,0.05028125
65832,0.05028125
146495,0.05028125
186665,0.05028125
30381,0.05028125
5442,0.05028125
176977,0.05028125
75552,0.05028125
38312,0.05028125
196694,0.05028125
161194,0.05028125
75587,0.05028125
104832,0.05028125
89337,0.05028125
19855,0.05028125
78527,0.05028125
26873,0.05028125
118258,0.05028125
140832,0.05028125
137823,0.05028125
154107,0.05028125
171126,0.05028125
161118,0.05028125
59386,0.05028125
136310,0.05028125
51631,0.05028125
171125,0.05028125
179667,0.05028125
7944,0.05028125
16999,0.05028125
149440,0.05028125
153656,0.05028125
63936,0.05028125
185306,0.05028125
57981,0.05028125
126262,0.05028125
93231,0.05028125
193021,0.05028125
51342,0.05028125
89648,0.05028125
103696,0.05028125
28543,0.05028125
48664,0.05028125
94972,0.05028125
85376,0.05028125
90634,0.05028125
188257,0.05028125
48552,0.05028125
178174,0.05028125
156915,0.05028125
187441,0.05028125
107442,0.05028125
80354,0.05028125
118685,0.05028125
83905,0.05028125
192132,0.05028125
86474,0.05028125
39588,0.05028125
97587,0.05028125
70978,0.05028125
122053,0.05028125
23425,0.05028125
195361,0.05028125
137951,0.05028125
8369,0.05028125
184235,0.05028125
133524,0.05028125
162508,0.05028125
31486,0.05028125
55177,0.05028125
73888,0.05028125
50428,0.05028125
162862,0.05028125
52569,0.05028125
79720,0.05028125
191960,0.05028125
101718,0.05028125
180347,0.05028125
124190,0.05028125
118080,0.05028125
39354,0.05028125
14546,0.05028125
49722,0.05028125
139289,0.05028125
111953,0.05028125
92879,0.05028125
158422,0.05028125
176618,0.05028125
76484,0.05028125
22042,0.05028125
82305,0.05028125
172447,0.05028125
168845,0.05028125
118318,0.05028125
110402,0.05028125
114180,0.05028125
60940,0.05028125
145086,0.05028125
183276,0.05028125
51419,0.05028125
166862,0.05028125
49179,0.05028125
159196,0.05028125
30272,0.05028125
87417,0.05028125
72555,0.05028125
97256,0.05028125
36358,0.05028125
137065,0.05028125
75867,0.05028125
110108,0.05028125
94675,0.05028125
34033,0.05028125
171020,0.05028125
181387,0.05028125
65519,0.05028125
188311,0.05028125
75973,0.05028125
164368,0.05028125
125211,0.05028125
164154,0.05028125
87231,0.05028125
56827,0.05028125
51771,0.05028125
36605,0.05028125
10613,0.05028125
146273,0.05028125
86107,0.05028125
98107,0.05028125
178897,0.05028125
93584,0.05028125
63488,0.05028125
183964,0.05028125
148860,0.05028125
97706,0.05028125
56699,0.05028125
55920,0.05028125
5694,0.05028125
66821,0.05028125
191487,0.05028125
62860,0.05028125
193991,0.05028125
179569,0.05028125
14678,0.05028125
65640,0.05028125
164839,0.05028125
41365,0.05028125
28008,0.05028125
125542,0.05028125
151024,0.05028125
171422,0.05028125
193364,0.05028125
98934,0.05028125
24974,0.05028125
182176,0.05028125
103911,0.05028125
166278,0.05028125
146025,0.05028125
51052,0.05028125
57310,0.05028125
29767,0.05028125
134963,0.05028125
72375,0.05028125
13517,0.05028125
196904,0.05028125
46628,0.05028125
75617,0.05028125
91714,0.05028125
187945,0.05028125
51103,0.05028125
142885,0.05028125
183790,0.05028125
151368,0.05028125
151776,0.05028125
22651,0.05028125
9672,0.05028125
16346,0.05028125
171030,0.05028125
76224,0.05028125
129472,0.05028125
171301,0.05028125
97055,0.05028125
76086,0.05028125
91946,0.05028125
70278,0.05028125
18542,0.05028125
152391,0.05028125
118830,0.05028125
7078,0.05028125
37635,0.05028125
148228,0.05028125
173223,0.05028125
34303,0.05028125
134501,0.05028125
144028,0.05028125
168313,0.05028125
149566,0.05028125
103935,0.05028125
167852,0.05028125
18912,0.05028125
188638,0.05028125
165264,0.05028125
123280,0.05028125
31434,0.05028125
76509,0.05028125
7137,0.05028125
26324,0.05028125
188885,0.05028125
52907,0.05028125
251,0.05028125
171704,0.05028125
139184,0.05028125
168998,0.05028125
17966,0.05028125
94336,0.05028125
172384,0.05028125
184167,0.05028125
93288,0.05028125
121455,0.05028125
175918,0.05028125
185422,0.05028125
68321,0.05028125
165649,0.05028125
50552,0.05028125
71100,0.05028125
67653,0.05028125
92462,0.05028125
100426,0.05028125
65139,0.05028125
166016,0.05028125
31732,0.05028125
15321,0.05028125
174487,0.05028125
87279,0.05028125
160341,0.05028125
86843,0.05028125
30730,0.05028125
34944,0.05028125
180154,0.05028125
117792,0.05028125
166181,0.05028125
67874,0.05028125
18080,0.05028125
92370,0.05028125
197061,0.05028125
162147,0.05028125
134463,0.05028125
29332,0.05028125
181335,0.05028125
47063,0.05028125
80398,0.05028125
53604,0.05028125
8428,0.05028125
197585,0.05028125
126257,0.05028125
79734,0.05028125
157041,0.05028125
19268,0.05028125
82963,0.05028125
128167,0.05028125
141036,0.05028125
126654,0.05028125
100840,0.05028125
48027,0.05028125
150277,0.05028125
162667,0.05028125
56008,0.05028125
41407,0.05028125
1530,0.05028125
75196,0.05028125
5799,0.05028125
198418,0.05028125
145602,0.05028125
134328,0.05028125
4082,0.05028125
195599,0.05028125
179512,0.05028125
163112,0.05028125
66693,0.05028125
24203,0.05028125
132897,0.05028125
190862,0.05028125
76412,0.05028125
182037,0.05028125
135778,0.05028125
93784,0.05028125
135693,0.05028125
30022,0.05028125
104519,0.05028125
106561,0.05028125
186676,0.05028125
27462,0.05028125
22798,0.05028125
111423,0.05028125
5060,0.05028125
58119,0.05028125
47420,0.05028125
37223,0.05028125
103024,0.05028125
199226,0.05028125
30498,0.05028125
140912,0.05028125
37637,0.05028125
45377,0.05028125
13327,0.05028125
47431,0.05028125
166877,0.05028125
62007,0.05028125
30284,0.05028125
30808,0.05028125
165422,0.05028125
136082,0.05028125
15593,0.05028125
146432,0.05028125
159577,0.05028125
127125,0.05028125
79401,0.05028125
171584,0.05028125
6720,0.05028125
98116,0.05028125
51574,0.05028125
114872,0.05028125
151751,0.05028125
118650,0.05028125
142694,0.05028125
92026,0.05028125
10855,0.05028125
164553,0.05028125
141026,0.05028125
10051,0.05028125
180724,0.05028125
79037,0.05028125
99613,0.05028125
154073,0.05028125
193290,0.05028125
190647,0.05028125
18257,0.05028125
151852,0.05028125
18222,0.05028125
58259,0.05028125
195964,0.05028125
44468,0.05028125
13835,0.05028125
141030,0.05028125
48457,0.05028125
67442,0.05028125
161846,0.05028125
76947,0.05028125
101303,0.05028125
40967,0.05028125
101504,0.05028125
140822,0.05028125
191743,0.05028125
168512,0.05028125
75950,0.05028125
121941,0.05028125
23315,0.05028125
90848,0.05028125
53577,0.05028125
16327,0.05028125
105329,0.05028125
172600,0.05028125
94074,0.05028125
103984,0.05028125
74163,0.05028125
32,0.05028125
79570,0.05028125
173994,0.05028125
166924,0.05028125
54225,0.05028125
9856,0.05028125
24790,0.05028125
162627,0.05028125
192209,0.05028125
16990,0.05028125
30987,0.05028125
38597,0.05028125
159668,0.05028125
133509,0.05028125
70795,0.05028125
144716,0.05028125
145531,0.05028125
137556,0.05028125
45692,0.05028125
1103,0.05028125
122785,0.05028125
31796,0.05028125
114887,0.05028125
143810,0.05028125
43021,0.05028125
1504,0.05028125
18714,0.05028125
178010,0.05028125
154381,0.05028125
119955,0.05028125
11242,0.05028125
169727,0.05028125
181174,0.05028125
43271,0.05028125
146023,0.05028125
129651,0.05028125
13150,0.05028125
106114,0.05028125
34544,0.05028125
43588,0.05028125
79149,0.05028125
38577,0.05028125
45873,0.05028125
43070,0.05028125
34456,0.05028125
59219,0.05028125
106630,0.05028125
78047,0.05028125
44114,0.05028125
185404,0.05028125
190077,0.05028125
129294,0.05028125
175766,0.05028125
68969,0.05028125
89556,0.05028125
172496,0.05028125
87783,0.05028125
173877,0.05028125
11728,0.05028125
34957,0.05028125
73840,0.05028125
195881,0.05028125
179842,0.05028125
133544,0.05028125
86986,0.05028125
54798,0.05028125
133451,0.05028125
87841,0.05028125
17944,0.05028125
107796,0.05028125
144064,0.05028125
5461,0.05028125
14080,0.05028125
47702,0.05028125
114568,0.05028125
134290,0.05028125
134485,0.05028125
183009,0.05028125
138131,0.05028125
80514,0.05028125
6152,0.05028125
168064,0.05028125
128164,0.05028125
101598,0.05028125
160824,0.05028125
143509,0.05028125
83367,0.05028125
46648,0.05028125
169606,0.05028125
181135,0.05028125
88288,0.05028125
70643,0.05028125
48788,0.05028125
136144,0.05028125
154024,0.05028125
182710,0.05028125
182215,0.05028125
47396,0.05028125
55742,0.05028125
169593,0.05028125
139684,0.05028125
23107,0.05028125
18983,0.05028125
142435,0.05028125
106053,0.05028125
26094,0.05028125
12665,0.05028125
103626,0.05028125
38548,0.05028125
14341,0.05028125
195164,0.05028125
182127,0.05028125
25334,0.05028125
145681,0.05028125
144298,0.05028125
188217,0.05028125
150983,0.05028125
35732,0.05028125
73157,0.05028125
134558,0.05028125
51886,0.05028125
22948,0.05028125
127527,0.05028125
114927,0.05028125
52446,0.05028125
148488,0.05028125
189807,0.05028125
108688,0.05028125
69410,0.05028125
115905,0.05028125
80155,0.05028125
152115,0.05028125
58462,0.05028125
140470,0.05028125
62009,0.05028125
10108,0.05028125
135689,0.05028125
70767,0.05028125
88334,0.05028125
159426,0.05028125
19230,0.05028125
128687,0.05028125
57591,0.05028125
85814,0.05028125
170827,0.05028125
25045,0.05028125
175989,0.05028125
135378,0.05028125
117276,0.05028125
170114,0.05028125
47703,0.05028125
24029,0.05028125
81345,0.05028125
5550,0.05028125
199741,0.05028125
180109,0.05028125
118200,0.05028125
183510,0.05028125
61376,0.05028125
131093,0.05028125
37250,0.05028125
45181,0.05028125
92047,0.05028125
155233,0.05028125
92030,0.05028125
148082,0.05028125
83248,0.05028125
45718,0.05028125
17484,0.05028125
101878,0.05028125
104307,0.05028125
43157,0.05028125
122766,0.05028125
172541,0.05028125
136337,0.05028125
177704,0.05028125
46871,0.05028125
21347,0.05028125
153442,0.05028125
64683,0.05028125
166817,0.05028125
42139,0.05028125
105622,0.05028125
29512,0.05028125
18293,0.05028125
142091,0.05028125
155489,0.05028125
51517,0.05028125
176295,0.05028125
180044,0.05028125
175739,0.05028125
84478,0.05028125
167177,0.05028125
196132,0.05028125
38266,0.05028125
148559,0.05028125
18906,0.05028125
62604,0.05028125
139606,0.05028125
14422,0.05028125
122344,0.05028125
159138,0.05028125
120510,0.05028125
12962,0.05028125
20961,0.05028125
100755,0.05028125
36733,0.05028125
186532,0.05028125
13656,0.05028125
135856,0.05028125
69237,0.05028125
122701,0.05028125
95046,0.05028125
123015,0.05028125
80210,0.05028125
148024,0.05028125
186733,0.05028125
29816,0.05028125
25616,0.05028125
41698,0.05028125
176598,0.05028125
171746,0.05028125
138291,0.05028125
52039,0.05028125
39346,0.05028125
92165,0.05028125
182654,0.05028125
6503,0.05028125
66475,0.05028125
94526,0.05028125
134057,0.05028125
2499,0.05028125
163725,0.05028125
171366,0.05028125
144130,0.05028125
64809,0.05028125
90176,0.05028125
2929,0.05028125
21561,0.05028125
16981,0.05028125
108844,0.05028125
30475,0.05028125
106584,0.05028125
64910,0.05028125
123259,0.05028125
132219,0.05028125
114744,0.05028125
69684,0.05028125
98267,0.05028125
76115,0.05028125
175704,0.05028125
62717,0.05028125
93206,0.05028125
21926,0.05028125
175609,0.05028125
147762,0.05028125
47141,0.05028125
47236,0.05028125
23115,0.05028125
192308,0.05028125
4539,0.05028125
153572,0.05028125
90725,0.05028125
177812,0.05028125
7932,0.05028125
189655,0.05028125
31937,0.05028125
123523,0.05028125
178766,0.05028125
121235,0.05028125
51775,0.05028125
190087,0.05028125
138554,0.05028125
185578,0.05028125
23623,0.05028125
23677,0.05028125
89235,0.05028125
161359,0.05028125
122597,0.05028125
28185,0.05028125
73371,0.05028125
21361,0.05028125
109600,0.05028125
57569,0.05028125
145854,0.05028125
64345,0.05028125
115131,0.05028125
12435,0.05028125
69909,0.05028125
91122,0.05028125
162235,0.05028125
176561,0.05028125
137822,0.05028125
74066,0.05028125
151952,0.05028125
193716,0.05028125
141564,0.05028125
61762,0.05028125
184685,0.05028125
178365,0.05028125
134475,0.05028125
110697,0.05028125
96121,0.05028125
3184,0.05028125
46767,0.05028125
39281,0.05028125
165008,0.05028125
51510,0.05028125
34639,0.05028125
170254,0.05028125
82100,0.05028125
150163,0.05028125
179687,0.05028125
83484,0.05028125
141931,0.05028125
140362,0.05028125
153416,0.05028125
129581,0.05028125
75920,0.05028125
94809,0.05028125
97909,0.05028125
83392,0.05028125
45368,0.05028125
16765,0.05028125
41534,0.05028125
164581,0.05028125
186390,0.05028125
14176,0.05028125
76262,0.05028125
165652,0.05028125
174137,0.05028125
69520,0.05028125
81210,0.05028125
170382,0.05028125
178363,0.05028125
197035,0.05028125
100388,0.05028125
198583,0.05028125
66557,0.05028125
142544,0.05028125
109274,0.05028125
130263,0.05028125
82170,0.05028125
60406,0.05028125
188296,0.05028125
95606,0.05028125
69999,0.05028125
91136,0.05028125
31213,0.05028125
177301,0.05028125
182619,0.05028125
51306,0.05028125
52728,0.05028125
70635,0.05028125
99452,0.05028125
198853,0.05028125
94192,0.05028125
32651,0.05028125
7717,0.05028125
172416,0.05028125
131783,0.05028125
54393,0.05028125
163490,0.05028125
79217,0.05028125
61891,0.05028125
28083,0.05028125
6812,0.05028125
108281,0.05028125
51391,0.05028125
129363,0.05028125
154787,0.05028125
89304,0.05028125
45917,0.05028125
29882,0.05028125
51686,0.05028125
74895,0.05028125
120801,0.05028125
93774,0.05028125
191422,0.05028125
91321,0.05028125
108515,0.05028125
54500,0.05028125
130879,0.05028125
117655,0.05028125
52195,0.05028125
199771,0.05028125
172872,0.05028125
24799,0.05028125
178465,0.05028125
151854,0.05028125
58809,0.05028125
56318,0.05028125
120240,0.05028125
133465,0.05028125
158296,0.05028125
30930,0.05028125
146411,0.05028125
195144,0.05028125
165805,0.05028125
7071,0.05028125
134136,0.05028125
108893,0.05028125
108122,0.05028125
74952,0.05028125
52200,0.05028125
128030,0.05028125
123527,0.05028125
137720,0.05028125
93158,0.05028125
69861,0.05028125
184287,0.05028125
97295,0.05028125
181432,0.05028125
121169,0.05028125
172114,0.05028125
102869,0.05028125
107357,0.05028125
96727,0.05028125
196381,0.05028125
65581,0.05028125
58543,0.05028125
196951,0.05028125
150250,0.05028125
8162,0.05028125
76424,0.05028125
195666,0.05028125
123006,0.05028125
42503,0.05028125
165611,0.05028125
30413,0.05028125
75531,0.05028125
18029,0.05028125
186953,0.05028125
49310,0.05028125
199195,0.05028125
96531,0.05028125
51617,0.05028125
168638,0.05028125
18116,0.05028125
167931,0.05028125
22098,0.05028125
189383,0.05028125
7376,0.05028125
65458,0.05028125
78228,0.05028125
1330,0.05028125
160661,0.05028125
149813,0.05028125
57404,0.05028125
81629,0.05028125
99740,0.05028125
149421,0.05028125
106621,0.05028125
178277,0.05028125
166632,0.05028125
156753,0.05028125
38421,0.05028125
67830,0.05028125
140755,0.05028125
151914,0.05028125
117920,0.05028125
194833,0.05028125
25536,0.05028125
142373,0.05028125
170826,0.05028125
78712,0.05028125
150182,0.05028125
86723,0.05028125
86409,0.05028125
123068,0.05028125
93428,0.05028125
157496,0.05028125
163412,0.05028125
64983,0.05028125
40902,0.05028125
158831,0.05028125
100528,0.05028125
160117,0.05028125
135853,0.05028125
23720,0.05028125
15870,0.05028125
75810,0.05028125
25179,0.05028125
19123,0.05028125
99263,0.05028125
178320,0.05028125
56497,0.05028125
76683,0.05028125
113975,0.05028125
81975,0.05028125
125494,0.05028125
163425,0.05028125
164646,0.05028125
44704,0.05028125
75590,0.05028125
59539,0.05028125
17969,0.05028125
165345,0.05028125
131439,0.05028125
167313,0.05028125
56923,0.05028125
81662,0.05028125
179086,0.05028125
93748,0.05028125
76125,0.05028125
148683,0.05028125
132689,0.05028125
25263,0.05028125
108074,0.05028125
123878,0.05028125
7778,0.05028125
137039,0.05028125
69833,0.05028125
120388,0.05028125
187888,0.05028125
132262,0.05028125
181715,0.05028125
60480,0.05028125
42165,0.05028125
197444,0.05028125
172357,0.05028125
94061,0.05028125
160370,0.05028125
199542,0.05028125
152550,0.05028125
169478,0.05028125
124090,0.05028125
142284,0.05028125
67287,0.05028125
117435,0.05028125
84935,0.05028125
61621,0.05028125
128410,0.05028125
191102,0.05028125
183445,0.05028125
8580,0.05028125
113015,0.05028125
91081,0.05028125
20608,0.05028125
150675,0.05028125
142770,0.05028125
108718,0.05028125
188668,0.05028125
50090,0.05028125
125664,0.05028125
115771,0.05028125
4427,0.05028125
196443,0.05028125
89676,0.05028125
16137,0.05028125
78006,0.05028125
17463,0.05028125
118192,0.05028125
24827,0.05028125
186454,0.05028125
87916,0.05028125
76666,0.05028125
108085,0.05028125
20962,0.05028125
64293,0.05028125
32184,0.05028125
108818,0.05028125
158674,0.05028125
172922,0.05028125
120535,0.05028125
128882,0.05028125
41029,0.05028125
74658,0.05028125
182999,0.05028125
87335,0.05028125
24244,0.05028125
198265,0.05028125
187488,0.05028125
138137,0.05028125
156144,0.05028125
157680,0.05028125
2606,0.05028125
82600,0.05028125
98557,0.05028125
158195,0.05028125
186429,0.05028125
7829,0.05028125
131686,0.05028125
83867,0.05028125
151797,0.05028125
121665,0.05028125
793,0.05028125
32741,0.05028125
192839,0.05028125
96603,0.05028125
74508,0.05028125
41620,0.05028125
124381,0.05028125
60355,0.05028125
25012,0.05028125
114369,0.05028125
75097,0.05028125
40846,0.05028125
58533,0.05028125
146720,0.05028125
37324,0.05028125
106858,0.05028125
63830,0.05028125
93473,0.05028125
175836,0.05028125
65655,0.05028125
25553,0.05028125
3958,0.05028125
191897,0.05028125
170727,0.05028125
10072,0.05028125
145952,0.05028125
47890,0.05028125
130274,0.05028125
167422,0.05028125
128251,0.05028125
68737,0.05028125
199533,0.05028125
14130,0.05028125
127024,0.05028125
156041,0.05028125
178554,0.05028125
14090,0.05028125
26530,0.05028125
2031,0.05028125
44425,0.05028125
40259,0.05028125
79856,0.05028125
199699,0.05028125
186476,0.05028125
9213,0.05028125
64140,0.05028125
24086,0.05028125
140341,0.05028125
144491,0.05028125
32056,0.05028125
41819,0.05028125
172022,0.05028125
145586,0.05028125
119909,0.05028125
13787,0.05028125
82385,0.05028125
30317,0.05028125
44437,0.05028125
62553,0.05028125
39742,0.05028125
170057,0.05028125
175162,0.05028125
181464,0.05028125
10222,0.05028125
113637,0.05028125
2874,0.05028125
152890,0.05028125
18416,0.05028125
55548,0.05028125
189316,0.05028125
165714,0.05028125
34024,0.05028125
199320,0.05028125
65142,0.05028125
72089,0.05028125
172075,0.05028125
69951,0.05028125
124722,0.05028125
3366,0.05028125
199625,0.05028125
34644,0.05028125
145598,0.05028125
61738,0.05028125
84871,0.05028125
176578,0.05028125
131409,0.05028125
142458,0.05028125
2666,0.05028125
123146,0.05028125
134292,0.05028125
134216,0.05028125
90649,0.05028125
68962,0.05028125
109431,0.05028125
148738,0.05028125
45704,0.05028125
87002,0.05028125
105618,0.05028125
181677,0.05028125
102740,0.05028125
45800,0.05028125
9243,0.05028125
184403,0.05028125
31523,0.05028125
18561,0.05028125
75573,0.05028125
174211,0.05028125
98310,0.05028125
20616,0.05028125
45781,0.05028125
97703,0.05028125
186245,0.05028125
82353,0.05028125
165281,0.05028125
12294,0.05028125
112652,0.05028125
70584,0.05028125
187864,0.05028125
131924,0.05028125
6,0.05028125
127980,0.05028125
52823,0.05028125
9398,0.05028125
122149,0.05028125
114513,0.05028125
122402,0.05028125
124616,0.05028125
189723,0.05028125
148561,0.05028125
149454,0.05028125
68062,0.05028125
52551,0.05028125
24878,0.05028125
39824,0.05028125
85684,0.05028125
121268,0.05028125
188500,0.05028125
199693,0.05028125
61923,0.05028125
24273,0.05028125
10668,0.05028125
61724,0.05028125
17002,0.05028125
23696,0.05028125
80951,0.05028125
170136,0.05028125
172080,0.05028125
120079,0.05028125
27900,0.05028125
169133,0.05028125
118281,0.05028125
46812,0.05028125
68827,0.05028125
80975,0.05028125
84104,0.05028125
34942,0.05028125
188723,0.05028125
67159,0.05028125
18500,0.05028125
759,0.05028125
106696,0.05028125
175580,0.05028125
135381,0.05028125
119024,0.05028125
148510,0.05028125
195368,0.05028125
80451,0.05028125
188326,0.05028125
189143,0.05028125
68383,0.05028125
110207,0.05028125
44280,0.05028125
164374,0.05028125
151813,0.05028125
39037,0.05028125
114904,0.05028125
62067,0.05028125
26679,0.05028125
40942,0.05028125
7864,0.05028125
117291,0.05028125
52836,0.05028125
119665,0.05028125
117518,0.05028125
166802,0.05028125
166341,0.05028125
59393,0.05028125
16664,0.05028125
48827,0.05028125
133041,0.05028125
133458,0.05028125
177249,0.05028125
66038,0.05028125
10418,0.05028125
75940,0.05028125
138421,0.05028125
118573,0.05028125
40571,0.05028125
71375,0.05028125
130615,0.05028125
189798,0.05028125
112835,0.05028125
92859,0.05028125
123589,0.05028125
62447,0.05028125
29597,0.05028125
184879,0.05028125
168371,0.05028125
115749,0.05028125
92211,0.05028125
79264,0.05028125
74722,0.05028125
64933,0.05028125
84311,0.05028125
180652,0.05028125
68256,0.05028125
103988,0.05028125
2253,0.05028125
69867,0.05028125
78229,0.05028125
17544,0.05028125
148802,0.05028125
143377,0.05028125
127880,0.05028125
85261,0.05028125
129917,0.05028125
142981,0.05028125
39698,0.05028125
26659,0.05028125
40250,0.05028125
194079,0.05028125
88772,0.05028125
47027,0.05028125
107805,0.05028125
88041,0.05028125
24892,0.05028125
9993,0.05028125
15000,0.05028125
165359,0.05028125
134631,0.05028125
1931,0.05028125
27991,0.05028125
176311,0.05028125
89576,0.05028125
54681,0.05028125
153012,0.05028125
22018,0.05028125
67949,0.05028125
106121,0.05028125
157431,0.05028125
87664,0.05028125
157519,0.05028125
195899,0.05028125
144959,0.05028125
134452,0.05028125
120606,0.05028125
22985,0.05028125
136053,0.05028125
45110,0.05028125
192511,0.05028125
26637,0.05028125
78616,0.05028125
76966,0.05028125
60033,0.05028125
167930,0.05028125
88120,0.05028125
175373,0.05028125
181270,0.05028125
115154,0.05028125
8470,0.05028125
59997,0.05028125
160799,0.05028125
72093,0.05028125
53126,0.05028125
99663,0.05028125
1425,0.05028125
160767,0.05028125
107479,0.05028125
188295,0.05028125
123234,0.05028125
159091,0.05028125
135001,0.05028125
127847,0.05028125
180107,0.05028125
60384,0.05028125
147941,0.05028125
781,0.05028125
101013,0.05028125
87818,0.05028125
81178,0.05028125
5057,0.05028125
57228,0.05028125
116424,0.05028125
39314,0.05028125
19312,0.05028125
180307,0.05028125
193984,0.05028125
190511,0.05028125
86519,0.05028125
124212,0.05028125
64430,0.05028125
30809,0.05028125
108591,0.05028125
64742,0.05028125
92984,0.05028125
109784,0.05028125
147530,0.05028125
71132,0.05028125
124269,0.05028125
87905,0.05028125
173490,0.05028125
159660,0.05028125
164939,0.05028125
29706,0.05028125
41465,0.05028125
13774,0.05028125
164724,0.05028125
153519,0.05028125
9831,0.05028125
132664,0.05028125
11895,0.05028125
78244,0.05028125
14228,0.05028125
150003,0.05028125
187183,0.05028125
182669,0.05028125
130924,0.05028125
123247,0.05028125
175968,0.05028125
66674,0.05028125
187134,0.05028125
196247,0.05028125
126550,0.05028125
59981,0.05028125
195315,0.05028125
155096,0.05028125
108849,0.05028125
75470,0.05028125
111125,0.05028125
38171,0.05028125
129749,0.05028125
101050,0.05028125
44811,0.05028125
129442,0.05028125
78523,0.05028125
145390,0.05028125
165167,0.05028125
63627,0.05028125
168655,0.05028125
130815,0.05028125
55338,0.05028125
186174,0.05028125
37354,0.05028125
91795,0.05028125
169875,0.05028125
75399,0.05028125
144370,0.05028125
89432,0.05028125
116519,0.05028125
170642,0.05028125
53283,0.05028125
85404,0.05028125
179567,0.05028125
145502,0.05028125
145400,0.05028125
36948,0.05028125
92,0.05028125
155132,0.05028125
72971,0.05028125
57393,0.05028125
182173,0.05028125
7318,0.05028125
59821,0.05028125
172381,0.05028125
34284,0.05028125
140030,0.05028125
88809,0.05028125
10986,0.05028125
23757,0.05028125
126636,0.05028125
95542,0.05028125
52024,0.05028125
101275,0.05028125
74192,0.05028125
179500,0.05028125
19225,0.05028125
198185,0.05028125
11869,0.05028125
74782,0.05028125
20233,0.05028125
139211,0.05028125
170808,0.05028125
49511,0.05028125
160243,0.05028125
178091,0.05028125
9924,0.05028125
149797,0.05028125
192340,0.05028125
86450,0.05028125
109745,0.05028125
46070,0.05028125
173625,0.05028125
94499,0.05028125
198092,0.05028125
57332,0.05028125
134659,0.05028125
184166,0.05028125
78075,0.05028125
61305,0.05028125
149775,0.05028125
128892,0.05028125
14700,0.05028125
92290,0.05028125
101255,0.05028125
69394,0.05028125
41310,0.05028125
101133,0.05028125
62171,0.05028125
140324,0.05028125
33690,0.05028125
137196,0.05028125
144180,0.05028125
185395,0.05028125
54827,0.05028125
164832,0.05028125
2546,0.05028125
23227,0.05028125
114883,0.05028125
173725,0.05028125
138607,0.05028125
58581,0.05028125
56160,0.05028125
10560,0.05028125
30563,0.05028125
103051,0.05028125
32765,0.05028125
169218,0.05028125
16019,0.05028125
90193,0.05028125
103250,0.05028125
198398,0.05028125
57486,0.05028125
147607,0.05028125
45193,0.05028125
189585,0.05028125
59777,0.05028125
88721,0.05028125
138883,0.05028125
77696,0.05028125
25485,0.05028125
110015,0.05028125
117350,0.05028125
172290,0.05028125
174288,0.05028125
190495,0.05028125
30127,0.05028125
18458,0.05028125
186529,0.05028125
65578,0.05028125
134624,0.05028125
5535,0.05028125
65438,0.05028125
1130,0.05028125
96707,0.05028125
10650,0.05028125
69361,0.05028125
105540,0.05028125
191190,0.05028125
77167,0.05028125
15158,0.05028125
24403,0.05028125
185493,0.05028125
75910,0.05028125
173579,0.05028125
147243,0.05028125
116536,0.05028125
169245,0.05028125
131053,0.05028125
121015,0.05028125
65451,0.05028125
198222,0.05028125
16663,0.05028125
24684,0.05028125
86818,0.05028125
170163,0.05028125
67811,0.05028125
173594,0.05028125
195859,0.05028125
39450,0.05028125
31845,0.05028125
17072,0.05028125
17202,0.05028125
83664,0.05028125
52808,0.05028125
132208,0.05028125
120930,0.05028125
33681,0.05028125
190001,0.05028125
97680,0.05028125
33297,0.05028125
167664,0.05028125
97289,0.05028125
63944,0.05028125
44813,0.05028125
23895,0.05028125
78512,0.05028125
117242,0.05028125
196718,0.05028125
137379,0.05028125
34672,0.05028125
161038,0.05028125
183022,0.05028125
21552,0.05028125
138749,0.05028125
45850,0.05028125
164872,0.05028125
19086,0.05028125
90451,0.05028125
76738,0.05028125
28396,0.05028125
134197,0.05028125
155201,0.05028125
188897,0.05028125
42949,0.05028125
104287,0.05028125
28571,0.05028125
19710,0.05028125
36257,0.05028125
179307,0.05028125
189540,0.05028125
11884,0.05028125
112877,0.05028125
145807,0.05028125
32187,0.05028125
167035,0.05028125
134451,0.05028125
132401,0.05028125
112129,0.05028125
44560,0.05028125
35062,0.05028125
90984,0.05028125
112111,0.05028125
188304,0.05028125
74190,0.05028125
129121,0.05028125
111167,0.05028125
84665,0.05028125
147917,0.05028125
52850,0.05028125
47541,0.05028125
195101,0.05028125
119599,0.05028125
73969,0.05028125
185004,0.05028125
175630,0.05028125
137918,0.05028125
197374,0.05028125
193522,0.05028125
117502,0.05028125
57838,0.05028125
155871,0.05028125
79632,0.05028125
131040,0.05028125
72376,0.05028125
96173,0.05028125
96223,0.05028125
197336,0.05028125
100310,0.05028125
12375,0.05028125
66251,0.05028125
36731,0.05028125
108665,0.05028125
126812,0.05028125
93223,0.05028125
134081,0.05028125
105454,0.05028125
90704,0.05028125
89058,0.05028125
21039,0.05028125
159210,0.05028125
84029,0.05028125
3356,0.05028125
92338,0.05028125
102882,0.05028125
139561,0.05028125
183488,0.05028125
58429,0.05028125
143865,0.05028125
121445,0.05028125
116933,0.05028125
132333,0.05028125
137117,0.05028125
23551,0.05028125
97915,0.05028125
166302,0.05028125
17543,0.05028125
127604,0.05028125
80271,0.05028125
38598,0.05028125
59966,0.05028125
104620,0.05028125
196884,0.05028125
67082,0.05028125
121099,0.05028125
160018,0.05028125
117118,0.05028125
193958,0.05028125
141932,0.05028125
186599,0.05028125
185284,0.05028125
172004,0.05028125
74858,0.05028125
144740,0.05028125
27475,0.05028125
37888,0.05028125
130574,0.05028125
177791,0.05028125
156118,0.05028125
136654,0.05028125
125994,0.05028125
137482,0.05028125
124792,0.05028125
110629,0.05028125
54410,0.05028125
72554,0.05028125
51681,0.05028125
55825,0.05028125
23960,0.05028125
133568,0.05028125
65360,0.05028125
52574,0.05028125
136211,0.05028125
38503,0.05028125
65094,0.05028125
141281,0.05028125
152298,0.05028125
53279,0.05028125
141799,0.05028125
150986,0.05028125
82879,0.05028125
31914,0.05028125
77639,0.05028125
11172,0.05028125
74186,0.05028125
149062,0.05028125
59577,0.05028125
125810,0.05028125
58792,0.05028125
141012,0.05028125
187496,0.05028125
153655,0.05028125
40719,0.05028125
64265,0.05028125
84926,0.05028125
102881,0.05028125
94063,0.05028125
95976,0.05028125
143239,0.05028125
148484,0.05028125
181579,0.05028125
55194,0.05028125
129435,0.05028125
74430,0.05028125
185992,0.05028125
81865,0.05028125
23620,0.05028125
6510,0.05028125
41850,0.05028125
15844,0.05028125
110777,0.05028125
13783,0.05028125
184500,0.05028125
104478,0.05028125
32696,0.05028125
5487,0.05028125
28426,0.05028125
181941,0.05028125
43844,0.05028125
34316,0.05028125
48629,0.05028125
72933,0.05028125
60898,0.05028125
197822,0.05028125
143932,0.05028125
91373,0.05028125
124848,0.05028125
164455,0.05028125
135951,0.05028125
57028,0.05028125
141765,0.05028125
94968,0.05028125
188166,0.05028125
48520,0.05028125
182677,0.05028125
198377,0.05028125
49223,0.05028125
195796,0.05028125
148383,0.05028125
83237,0.05028125
194841,0.05028125
161476,0.05028125
75738,0.05028125
88256,0.05028125
50879,0.05028125
21503,0.05028125
99731,0.05028125
142276,0.05028125
85636,0.05028125
188615,0.05028125
78704,0.05028125
140927,0.05028125
164161,0.05028125
21118,0.05028125
19748,0.05028125
24415,0.05028125
137200,0.05028125
30793,0.05028125
101117,0.05028125
166605,0.05028125
174542,0.05028125
53512,0.05028125
19775,0.05028125
130258,0.05028125
14064,0.05028125
24584,0.05028125
15584,0.05028125
45961,0.05028125
43888,0.05028125
167749,0.05028125
76895,0.05028125
94900,0.05028125
183927,0.05028125
114334,0.05028125
60458,0.05028125
126133,0.05028125
15019,0.05028125
131789,0.05028125
156881,0.05028125
15687,0.05028125
175722,0.05028125
175290,0.05028125
194979,0.05028125
160748,0.05028125
68876,0.05028125
30905,0.05028125
73631,0.05028125
153464,0.05028125
50436,0.05028125
25154,0.05028125
76874,0.05028125
2449,0.05028125
192106,0.05028125
34260,0.05028125
23547,0.05028125
25601,0.05028125
49590,0.05028125
162668,0.05028125
123483,0.05028125
112675,0.05028125
91964,0.05028125
19348,0.05028125
130646,0.05028125
134172,0.05028125
190362,0.05028125
61183,0.05028125
110845,0.05028125
106407,0.05028125
61520,0.05028125
176823,0.05028125
62903,0.05028125
80000,0.05028125
138901,0.05028125
76651,0.05028125
141403,0.05028125
157739,0.05028125
96710,0.05028125
141912,0.05028125
96000,0.05028125
57437,0.05028125
122311,0.05028125
114016,0.05028125
184598,0.05028125
45418,0.05028125
196413,0.05028125
151364,0.05028125
176075,0.05028125
157184,0.05028125
137407,0.05028125
124497,0.05028125
148689,0.05028125
178339,0.05028125
128099,0.05028125
179820,0.05028125
58789,0.05028125
5531,0.05028125
61862,0.05028125
99198,0.05028125
165696,0.05028125
85571,0.05028125
102151,0.05028125
36039,0.05028125
68862,0.05028125
105249,0.05028125
86629,0.05028125
130706,0.05028125
164746,0.05028125
73243,0.05028125
159611,0.05028125
24631,0.05028125
145071,0.05028125
68708,0.05028125
13868,0.05028125
116396,0.05028125
66577,0.05028125
157108,0.05028125
15236,0.05028125
89004,0.05028125
39296,0.05028125
151521,0.05028125
195151,0.05028125
113166,0.05028125
43590,0.05028125
58166,0.05028125
16768,0.05028125
147177,0.05028125
139062,0.05028125
13328,0.05028125
155988,0.05028125
134865,0.05028125
49100,0.05028125
151803,0.05028125
101391,0.05028125
196957,0.05028125
5553,0.05028125
101474,0.05028125
139892,0.05028125
132869,0.05028125
158364,0.05028125
199605,0.05028125
12064,0.05028125
181040,0.05028125
92206,0.05028125
171895,0.05028125
30340,0.05028125
146721,0.05028125
181647,0.05028125
107075,0.05028125
18218,0.05028125
33048,0.05028125
91986,0.05028125
116817,0.05028125
185608,0.05028125
195464,0.05028125
144175,0.05028125
113880,0.05028125
156704,0.05028125
92723,0.05028125
42641,0.05028125
30141,0.05028125
7592,0.05028125
37054,0.05028125
39958,0.05028125
175994,0.05028125
127870,0.05028125
115554,0.05028125
79044,0.05028125
160496,0.05028125
143719,0.05028125
84596,0.05028125
103491,0.05028125
27081,0.05028125
119935,0.05028125
118365,0.05028125
90143,0.05028125
92343,0.05028125
60762,0.05028125
143460,0.05028125
74826,0.05028125
32732,0.05028125
20331,0.05028125
172014,0.05028125
127423,0.05028125
127666,0.05028125
69878,0.05028125
103748,0.05028125
178114,0.05028125
14599,0.05028125
54888,0.05028125
174225,0.05028125
131033,0.05028125
84207,0.05028125
70667,0.05028125
126484,0.05028125
117646,0.05028125
197530,0.05028125
187584,0.05028125
13223,0.05028125
168809,0.05028125
160679,0.05028125
119422,0.05028125
5573,0.05028125
33046,0.05028125
175342,0.05028125
96502,0.05028125
120163,0.05028125
115983,0.05028125
173336,0.05028125
82226,0.05028125
146612,0.05028125
100769,0.05028125
33707,0.05028125
32372,0.05028125
137221,0.05028125
182044,0.05028125
80554,0.05028125
172838,0.05028125
39773,0.05028125
55371,0.05028125
198348,0.05028125
101562,0.05028125
51582,0.05028125
168251,0.05028125
145166,0.05028125
180357,0.05028125
12719,0.05028125
108352,0.05028125
135598,0.05028125
84700,0.05028125
143080,0.05028125
120847,0.05028125
92463,0.05028125
199965,0.05028125
82236,0.05028125
78534,0.05028125
115071,0.05028125
117115,0.05028125
177970,0.05028125
149175,0.05028125
62674,0.05028125
179770,0.05028125
11293,0.05028125
107429,0.05028125
143383,0.05028125
116571,0.05028125
55155,0.05028125
104542,0.05028125
152951,0.05028125
109033,0.05028125
155097,0.05028125
75598,0.05028125
156064,0.05028125
2001,0.05028125
6459,0.05028125
108535,0.05028125
104248,0.05028125
41735,0.05028125
137792,0.05028125
36053,0.05028125
190913,0.05028125
37742,0.05028125
78672,0.05028125
119577,0.05028125
165552,0.05028125
66947,0.05028125
24884,0.05028125
156385,0.05028125
114153,0.05028125
65373,0.05028125
26658,0.05028125
118496,0.05028125
73441,0.05028125
29061,0.05028125
98028,0.05028125
126958,0.05028125
5033,0.05028125
102729,0.05028125
34094,0.05028125
142265,0.05028125
138293,0.05028125
109025,0.05028125
109045,0.05028125
76261,0.05028125
184723,0.05028125
18014,0.05028125
108605,0.05028125
6327,0.05028125
109561,0.05028125
133548,0.05028125
182996,0.05028125
42432,0.05028125
104122,0.05028125
56693,0.05028125
84651,0.05028125
185989,0.05028125
182211,0.05028125
157051,0.05028125
125995,0.05028125
181471,0.05028125
77053,0.05028125
115976,0.05028125
135646,0.05028125
127758,0.05028125
128131,0.05028125
89351,0.05028125
34809,0.05028125
143244,0.05028125
138290,0.05028125
139648,0.05028125
33647,0.05028125
63054,0.05028125
186403,0.05028125
134672,0.05028125
137208,0.05028125
38058,0.05028125
37201,0.05028125
14461,0.05028125
198419,0.05028125
52556,0.05028125
150379,0.05028125
50628,0.05028125
32331,0.05028125
74885,0.05028125
52322,0.05028125
99277,0.05028125
54703,0.05028125
105215,0.05028125
194617,0.05028125
141256,0.05028125
121100,0.05028125
81845,0.05028125
13056,0.05028125
25171,0.05028125
19744,0.05028125
184331,0.05028125
95549,0.05028125
104246,0.05028125
168940,0.05028125
145053,0.05028125
101374,0.05028125
14829,0.05028125
131429,0.05028125
82078,0.05028125
90223,0.05028125
154478,0.05028125
51528,0.05028125
14246,0.05028125
184930,0.05028125
98478,0.05028125
45887,0.05028125
29478,0.05028125
67504,0.05028125
22502,0.05028125
177708,0.05028125
80698,0.05028125
147378,0.05028125
27125,0.05028125
129971,0.05028125
27566,0.05028125
71804,0.05028125
163711,0.05028125
26861,0.05028125
69609,0.05028125
115437,0.05028125
46300,0.05028125
85421,0.05028125
175867,0.05028125
123137,0.05028125
161356,0.05028125
152390,0.05028125
53742,0.05028125
146566,0.05028125
6537,0.05028125
61669,0.05028125
130710,0.05028125
91715,0.05028125
182027,0.05028125
24682,0.05028125
161374,0.05028125
136069,0.05028125
165537,0.05028125
96040,0.05028125
100304,0.05028125
47209,0.05028125
152077,0.05028125
176347,0.05028125
76524,0.05028125
168196,0.05028125
126499,0.05028125
66734,0.05028125
167711,0.05028125
168882,0.05028125
68842,0.05028125
33390,0.05028125
12317,0.05028125
37534,0.05028125
161488,0.05028125
84096,0.05028125
25436,0.05028125
127601,0.05028125
194755,0.05028125
78557,0.05028125
190348,0.05028125
169146,0.05028125
182035,0.05028125
172832,0.05028125
60388,0.05028125
156978,0.05028125
72818,0.05028125
56904,0.05028125
104196,0.05028125
110889,0.05028125
120563,0.05028125
97082,0.05028125
67444,0.05028125
100322,0.05028125
172511,0.05028125
118911,0.05028125
161169,0.05028125
24609,0.05028125
110430,0.05028125
191363,0.05028125
85992,0.05028125
68374,0.05028125
182437,0.05028125
190652,0.05028125
193764,0.05028125
12768,0.05028125
154916,0.05028125
37048,0.05028125
158115,0.05028125
123909,0.05028125
82510,0.05028125
146281,0.05028125
51552,0.05028125
111763,0.05028125
14390,0.05028125
64053,0.05028125
198978,0.05028125
176692,0.05028125
41035,0.05028125
57733,0.05028125
150262,0.05028125
153729,0.05028125
95087,0.05028125
6317,0.05028125
51457,0.05028125
84554,0.05028125
187961,0.05028125
761,0.05028125
129678,0.05028125
91138,0.05028125
77560,0.05028125
149668,0.05028125
78061,0.05028125
177182,0.05028125
18840,0.05028125
121836,0.05028125
162561,0.05028125
126794,0.05028125
92200,0.05028125
138891,0.05028125
194101,0.05028125
50402,0.05028125
82745,0.05028125
8426,0.05028125
191648,0.05028125
150308,0.05028125
13966,0.05028125
68995,0.05028125
99192,0.05028125
79523,0.05028125
103891,0.05028125
66313,0.05028125
100677,0.05028125
11263,0.05028125
41253,0.05028125
145233,0.05028125
90783,0.05028125
117820,0.05028125
122476,0.05028125
61787,0.05028125
182794,0.05028125
191512,0.05028125
113274,0.05028125
149443,0.05028125
37182,0.05028125
25518,0.05028125
162791,0.05028125
51707,0.05028125
195494,0.05028125
63386,0.05028125
42186,0.05028125
101914,0.05028125
173073,0.05028125
57032,0.05028125
113584,0.05028125
79320,0.05028125
192154,0.05028125
151995,0.05028125
83138,0.05028125
26500,0.05028125
47577,0.05028125
156134,0.05028125
14838,0.05028125
48316,0.05028125
27621,0.05028125
108048,0.05028125
140149,0.05028125
48014,0.05028125
191038,0.05028125
122477,0.05028125
168092,0.05028125
148261,0.05028125
84514,0.05028125
162498,0.05028125
54481,0.05028125
9317,0.05028125
94884,0.05028125
8914,0.05028125
178196,0.05028125
156840,0.05028125
81318,0.05028125
6365,0.05028125
51664,0.05028125
29233,0.05028125
127445,0.05028125
122213,0.05028125
76688,0.05028125
171117,0.05028125
181080,0.05028125
194370,0.05028125
62260,0.05028125
125151,0.05028125
22962,0.05028125
26793,0.05028125
133094,0.05028125
94325,0.05028125
46733,0.05028125
92501,0.05028125
188608,0.05028125
59312,0.05028125
40097,0.05028125
18712,0.05028125
64475,0.05028125
50866,0.05028125
57275,0.05028125
151826,0.05028125
60011,0.05028125
8240,0.05028125
11259,0.05028125
138923,0.05028125
182763,0.05028125
114384,0.05028125
121658,0.05028125
9099,0.05028125
163189,0.05028125
68808,0.05028125
143608,0.05028125
96505,0.05028125
118657,0.05028125
196817,0.05028125
61286,0.05028125
184522,0.05028125
79197,0.05028125
183887,0.05028125
12972,0.05028125
154964,0.05028125
165375,0.05028125
43356,0.05028125
194497,0.05028125
154251,0.05028125
91248,0.05028125
99741,0.05028125
15111,0.05028125
115611,0.05028125
34574,0.05028125
15945,0.05028125
27735,0.05028125
98888,0.05028125
109310,0.05028125
69584,0.05028125
90036,0.05028125
159938,0.05028125
181594,0.05028125
57991,0.05028125
106996,0.05028125
86342,0.05028125
28095,0.05028125
135288,0.05028125
162707,0.05028125
129051,0.05028125
21062,0.05028125
135148,0.05028125
44457,0.05028125
41543,0.05028125
54453,0.05028125
26015,0.05028125
130184,0.05028125
57390,0.05028125
128734,0.05028125
62771,0.05028125
169829,0.05028125
105924,0.05028125
142487,0.05028125
1088,0.05028125
148734,0.05028125
170488,0.05028125
35831,0.05028125
71763,0.05028125
173342,0.05028125
77901,0.05028125
164245,0.05028125
4666,0.05028125
8439,0.05028125
31752,0.05028125
154193,0.05028125
7888,0.05028125
12779,0.05028125
188732,0.05028125
152883,0.05028125
50359,0.05028125
38118,0.05028125
56382,0.05028125
11384,0.05028125
1916,0.05028125
82867,0.05028125
19291,0.05028125
66843,0.05028125
74513,0.05028125
129238,0.05028125
31623,0.05028125
106154,0.05028125
117208,0.05028125
187739,0.05028125
199828,0.05028125
135341,0.05028125
181033,0.05028125
98843,0.05028125
119175,0.05028125
84990,0.05028125
148434,0.05028125
138524,0.05028125
85177,0.05028125
9801,0.05028125
27646,0.05028125
78673,0.05028125
71403,0.05028125
188851,0.05028125
52045,0.05028125
77850,0.05028125
163172,0.05028125
36627,0.05028125
168561,0.05028125
98481,0.05028125
122144,0.05028125
131051,0.05028125
123351,0.05028125
26867,0.05028125
137252,0.05028125
79343,0.05028125
164842,0.05028125
159265,0.05028125
121852,0.05028125
81076,0.05028125
158903,0.05028125
45163,0.05028125
18455,0.05028125
196192,0.05028125
145587,0.05028125
183177,0.05028125
58043,0.05028125
110443,0.05028125
8236,0.05028125
58832,0.05028125
134060,0.05028125
9382,0.05028125
157767,0.05028125
131045,0.05028125
4880,0.05028125
140422,0.05028125
60506,0.05028125
132549,0.05028125
27512,0.05028125
176799,0.05028125
33259,0.05028125
70343,0.05028125
125458,0.05028125
74388,0.05028125
76543,0.05028125
68145,0.05028125
161494,0.05028125
117864,0.05028125
68981,0.05028125
1646,0.05028125
60510,0.05028125
87567,0.05028125
106400,0.05028125
117692,0.05028125
194225,0.05028125
177693,0.05028125
70090,0.05028125
148577,0.05028125
59510,0.05028125
91416,0.05028125
185303,0.05028125
87363,0.05028125
107007,0.05028125
176286,0.05028125
164187,0.05028125
2377,0.05028125
51171,0.05028125
98413,0.05028125
9860,0.05028125
101664,0.05028125
161282,0.05028125
126295,0.05028125
97098,0.05028125
129025,0.05028125
99087,0.05028125
175529,0.05028125
57407,0.05028125
24209,0.05028125
29380,0.05028125
192742,0.05028125
197129,0.05028125
94170,0.05028125
153180,0.05028125
65140,0.05028125
16227,0.05028125
190910,0.05028125
113317,0.05028125
199857,0.05028125
68450,0.05028125
112277,0.05028125
124361,0.05028125
139347,0.05028125
141224,0.05028125
56536,0.05028125
83015,0.05028125
153668,0.05028125
145386,0.05028125
153539,0.05028125
130266,0.05028125
66915,0.05028125
50904,0.05028125
1846,0.05028125
53825,0.05028125
127449,0.05028125
187243,0.05028125
163366,0.05028125
123956,0.05028125
116867,0.05028125
160657,0.05028125
53451,0.05028125
89361,0.05028125
106509,0.05028125
44620,0.05028125
50916,0.05028125
183186,0.05028125
23552,0.05028125
46574,0.05028125
102529,0.05028125
40055,0.05028125
55359,0.05028125
70527,0.05028125
1558,0.05028125
130947,0.05028125
79262,0.05028125
64692,0.05028125
25374,0.05028125
42351,0.05028125
158478,0.05028125
4479,0.05028125
50165,0.05028125
23963,0.05028125
198430,0.05028125
27599,0.05028125
53441,0.05028125
88958,0.05028125
24778,0.05028125
72383,0.05028125
84394,0.05028125
135408,0.05028125
48071,0.05028125
49139,0.05028125
81938,0.05028125
88044,0.05028125
60517,0.05028125
164246,0.05028125
119927,0.05028125
50227,0.05028125
15655,0.05028125
169666,0.05028125
65585,0.05028125
35705,0.05028125
188997,0.05028125
134899,0.05028125
1743,0.05028125
110256,0.05028125
145691,0.05028125
48368,0.05028125
177637,0.05028125
173772,0.05028125
184475,0.05028125
4616,0.05028125
194875,0.05028125
199418,0.05028125
10026,0.05028125
94687,0.05028125
24308,0.05028125
13091,0.05028125
170107,0.05028125
3405,0.05028125
5914,0.05028125
157260,0.05028125
187378,0.05028125
36226,0.05028125
12759,0.05028125
67003,0.05028125
50625,0.05028125
47687,0.05028125
41198,0.05028125
110733,0.05028125
174636,0.05028125
186835,0.05028125
135365,0.05028125
147864,0.05028125
183059,0.05028125
118575,0.05028125
42654,0.05028125
119980,0.05028125
166325,0.05028125
153508,0.05028125
34508,0.05028125
6444,0.05028125
37717,0.05028125
17491,0.05028125
187464,0.05028125
185205,0.05028125
160223,0.05028125
52212,0.05028125
184934,0.05028125
137562,0.05028125
85182,0.05028125
198819,0.05028125
81435,0.05028125
119964,0.05028125
42431,0.05028125
38733,0.05028125
4030,0.05028125
64460,0.05028125
189754,0.05028125
98499,0.05028125
52877,0.05028125
141367,0.05028125
32168,0.05028125
109399,0.05028125
88850,0.05028125
59124,0.05028125
114745,0.05028125
66494,0.05028125
43933,0.05028125
57772,0.05028125
89822,0.05028125
65421,0.05028125
79705,0.05028125
97086,0.05028125
7536,0.05028125
141615,0.05028125
32889,0.05028125
101777,0.05028125
58047,0.05028125
82515,0.05028125
170837,0.05028125
160215,0.05028125
198799,0.05028125
126859,0.05028125
178892,0.05028125
23699,0.05028125
147556,0.05028125
144261,0.05028125
152922,0.05028125
161764,0.05028125
64590,0.05028125
82752,0.05028125
13508,0.05028125
36077,0.05028125
73580,0.05028125
140945,0.05028125
155987,0.05028125
105626,0.05028125
39211,0.05028125
34390,0.05028125
5398,0.05028125
63424,0.05028125
47434,0.05028125
25877,0.05028125
185682,0.05028125
35585,0.05028125
145204,0.05028125
180915,0.05028125
161868,0.05028125
185346,0.05028125
155239,0.05028125
161174,0.05028125
96084,0.05028125
57565,0.05028125
190606,0.05028125
112322,0.05028125
18276,0.05028125
175291,0.05028125
73504,0.05028125
26476,0.05028125
183438,0.05028125
161065,0.05028125
134371,0.05028125
158092,0.05028125
8419,0.05028125
144291,0.05028125
40029,0.05028125
29159,0.05028125
3078,0.05028125
98005,0.05028125
57518,0.05028125
98406,0.05028125
149097,0.05028125
135818,0.05028125
39332,0.05028125
45141,0.05028125
116072,0.05028125
43316,0.05028125
2092,0.05028125
177849,0.05028125
182819,0.05028125
165891,0.05028125
157073,0.05028125
6496,0.05028125
81049,0.05028125
85390,0.05028125
184188,0.05028125
189907,0.05028125
41812,0.05028125
190102,0.05028125
61849,0.05028125
196354,0.05028125
18605,0.05028125
110750,0.05028125
93109,0.05028125
3770,0.05028125
123513,0.05028125
81594,0.05028125
37548,0.05028125
134225,0.05028125
169993,0.05028125
88533,0.05028125
118571,0.05028125
40975,0.05028125
184153,0.05028125
167238,0.05028125
82488,0.05028125
5003,0.05028125
109360,0.05028125
59347,0.05028125
68039,0.05028125
9071,0.05028125
187386,0.05028125
11295,0.05028125
107221,0.05028125
199951,0.05028125
74809,0.05028125
83389,0.05028125
30512,0.05028125
56796,0.05028125
98459,0.05028125
130538,0.05028125
74558,0.05028125
105396,0.05028125
145340,0.05028125
192446,0.05028125
181348,0.05028125
183748,0.05028125
120006,0.05028125
58578,0.05028125
196195,0.05028125
59545,0.05028125
189248,0.05028125
178668,0.05028125
125477,0.05028125
136294,0.05028125
130457,0.05028125
151461,0.05028125
92229,0.05028125
99314,0.05028125
405,0.05028125
83600,0.05028125
